date,pm25,pm10,so2,co,temp_mean,temp_min,temp_max,precip,wind_speed_max,wind_speed_mean,wind_dir,pressure,month,day_of_week,month_sin,month_cos,is_heating_season,pm25_lag1,pm25_lag3,pm25_lag7,pm10_lag1,pm25_roll7_mean,pm25_roll7_std,wind_dir_sin,wind_dir_cos,wind_from_mountains,heating_intensity,is_stagnation,ventilation,inversion_potential
2022-08-11,22.16,32.28,109.62,387.5,24.5,18.8,30.0,0.0,13.2,9.24,226.0,1005.7,8,3,-0.8660254037844385,-0.5000000000000004,0,,,,,,,-0.7193398003386509,-0.6946583704589975,0,0.0,0,277.2,107.67665952890793
2022-08-12,21.49,31.38,107.23,292.92,24.5,18.9,29.9,0.3,13.7,9.59,244.0,1005.7,8,4,-0.8660254037844385,-0.5000000000000004,0,22.16,,,32.28,,,-0.8987940462991668,-0.43837114678907774,0,0.0,0,286.741,103.7874097007224
2022-08-13,24.64,35.35,136.78,471.25,24.6,18.5,30.0,0.0,8.2,5.74,343.0,1005.7,8,5,-0.8660254037844385,-0.5000000000000004,0,21.49,,,31.38,,,-0.29237170472273627,0.9563047559630357,0,0.0,0,172.20000000000002,172.20890410958904
2022-08-14,12.98,18.73,65.88,406.46,26.7,20.2,33.2,0.0,11.3,7.91,40.0,1005.7,8,6,-0.8660254037844385,-0.5000000000000004,0,24.64,22.16,,35.35,,,0.6427876096865393,0.766044443118978,0,0.0,0,262.612,125.55555555555556
2022-08-15,19.09,27.51,100.4,497.46,27.7,20.8,33.5,0.0,9.2,6.44,260.0,1005.7,8,0,-0.8660254037844385,-0.5000000000000004,0,12.98,21.49,,18.73,,,-0.984807753012208,-0.17364817766693033,0,0.0,0,215.74,153.77675840978594
2022-08-16,22.74,32.7,138.7,372.08,24.2,18.6,29.6,0.0,12.7,8.89,300.0,1005.7,8,1,-0.8660254037844385,-0.5000000000000004,0,19.09,24.64,,27.51,,,-0.8660254037844386,0.5000000000000001,0,0.0,0,263.144,111.86874304783092
2022-08-17,20.98,30.14,126.79,321.5,21.4,15.8,27.0,0.0,10.1,7.07,323.0,1005.7,8,2,-0.8660254037844385,-0.5000000000000004,0,22.74,12.98,,32.7,,,-0.6018150231520483,0.7986355100472928,0,0.0,0,190.89000000000001,140.26499302649933
2022-08-18,23.34,33.42,149.17,377.38,21.2,15.4,26.4,0.0,8.5,5.95,302.0,1005.7,8,3,-0.8660254037844385,-0.5000000000000004,0,20.98,19.09,22.16,30.14,20.58285714285714,3.7553016491608866,-0.8480480961564261,0.5299192642332047,0,0.0,0,157.07999999999998,166.2314049586777
2022-08-19,18.22,26.16,130.4,399.46,21.4,16.5,27.0,0.0,13.9,9.73,343.0,1005.7,8,4,-0.8660254037844385,-0.5000000000000004,0,23.34,22.74,21.49,33.42,20.75142857142857,3.862841909662835,-0.29237170472273627,0.9563047559630357,0,0.0,0,262.71000000000004,102.30925737538149
2022-08-20,13.78,20.1,83.17,403.12,16.4,13.4,21.0,0.0,14.7,10.29,295.0,1005.7,8,5,-0.8660254037844385,-0.5000000000000004,0,18.22,20.98,24.64,26.16,20.284285714285712,3.9552575017009834,-0.9063077870366498,0.4226182617406996,0,1.6000000000000014,0,216.08999999999997,96.79499518768047
2022-08-21,21.84,31.8,106.0,538.12,16.5,13.9,19.6,0.0,7.0,4.9,348.0,1005.7,8,6,-0.8660254037844385,-0.5000000000000004,0,13.78,23.34,12.98,20.1,18.732857142857142,4.089607618854219,-0.20791169081775987,0.9781476007338056,0,1.5,0,96.04000000000002,201.14000000000001
2022-08-22,16.84,24.21,79.87,518.25,18.6,11.5,24.5,0.0,14.5,10.15,47.0,1005.7,8,0,-0.8660254037844385,-0.5000000000000004,0,21.84,18.22,19.09,31.8,19.99857142857143,3.3089294772953814,0.7313537016191705,0.6819983600624985,0,0.0,0,248.675,98.11707317073171
2022-08-23,19.48,29.07,94.33,500.21,20.0,13.4,26.0,0.0,8.4,5.88,291.0,1005.7,8,1,-0.8660254037844385,-0.5000000000000004,0,16.84,13.78,22.74,24.21,19.677142857142858,3.514776969148561,-0.9335804264972021,0.35836794954529955,0,0.0,0,152.88,168.17725752508363
2022-08-24,22.6,33.08,113.63,591.67,21.6,15.1,27.0,0.0,8.3,5.81,248.0,1005.7,8,2,-0.8660254037844385,-0.5000000000000004,0,19.48,21.84,20.98,29.07,19.211428571428574,3.247088072778586,-0.9271838545667873,-0.3746065934159123,0,0.0,0,156.86999999999998,170.16920473773268
2022-08-25,19.69,28.71,88.92,572.29,20.3,16.6,25.0,0.1,7.8,5.46,193.0,1005.7,8,3,-0.8660254037844385,-0.5000000000000004,0,22.6,16.84,23.34,33.08,19.442857142857143,3.445797993139443,-0.22495105434386498,-0.9743700647852352,1,0.0,0,136.5,180.8812949640288
2022-08-26,20.79,30.21,79.3,735.67,19.5,15.9,23.9,0.5,16.2,11.34,225.0,1005.7,8,4,-0.8660254037844385,-0.5000000000000004,0,19.69,19.48,18.22,28.71,18.92142857142857,3.005863317869641,-0.7071067811865475,-0.7071067811865477,1,0.0,0,271.02599999999995,87.91083916083917
2022-08-27,15.98,23.0,56.26,734.46,20.4,13.2,26.9,0.0,8.1,5.67,63.0,1005.7,8,5,-0.8660254037844385,-0.5000000000000004,0,20.79,22.6,13.78,30.21,19.28857142857143,3.06233259989521,0.8910065241883678,0.4539904997395468,0,0.0,0,152.523,174.2980935875217
2022-08-28,14.92,21.87,61.59,678.04,22.0,14.8,28.6,0.0,8.7,6.09,162.0,1005.7,8,6,-0.8660254037844385,-0.5000000000000004,0,15.98,19.69,21.84,23.0,19.602857142857143,2.4555428068332428,0.3090169943749475,-0.9510565162951535,1,0.0,0,174.174,162.47172859450728
2022-08-29,17.56,25.51,76.47,680.92,20.9,16.6,24.2,0.0,12.3,8.61,234.0,1005.7,8,0,-0.8660254037844385,-0.5000000000000004,0,14.92,20.79,16.84,21.87,18.61428571428571,2.7767358363304737,-0.8090169943749473,-0.5877852522924732,0,0.0,0,208.36199999999997,115.46498277841563
2022-08-30,19.25,27.82,74.57,746.75,21.8,16.0,27.7,0.0,13.0,9.1,196.0,1005.7,8,1,-0.8660254037844385,-0.5000000000000004,0,17.56,15.98,19.48,25.51,18.717142857142857,2.712653770054422,-0.275637355816999,-0.9612616959383189,1,0.0,0,252.07,109.31521739130436
2022-08-31,16.53,23.78,62.94,754.17,22.3,15.2,29.5,0.0,10.1,7.07,89.0,1005.7,8,2,-0.8660254037844385,-0.5000000000000004,0,19.25,14.92,22.6,27.82,18.684285714285714,2.703250248268165,0.9998476951563913,0.017452406437283376,0,0.0,0,208.565,140.26499302649933
2022-09-01,16.78,24.19,68.85,739.21,23.0,16.2,30.5,0.0,10.5,7.35,87.0,1005.7,9,3,-1.0,-1.8369701987210297e-16,0,16.53,17.56,19.69,23.78,17.81714285714286,2.15599717289327,0.9986295347545738,0.052335956242943966,0,0.0,0,224.17499999999998,134.99328859060404
2022-09-02,14.31,21.03,89.62,431.79,23.7,17.0,31.2,0.0,12.7,8.89,73.0,1005.7,9,4,-1.0,-1.8369701987210297e-16,0,16.78,19.25,20.79,24.19,17.40142857142857,2.010318619617523,0.9563047559630354,0.29237170472273677,0,0.0,0,277.368,111.86874304783092
2022-09-03,15.52,23.67,100.73,265.12,24.1,18.0,31.0,0.0,9.2,6.44,107.0,1005.7,9,5,-1.0,-1.8369701987210297e-16,0,14.31,16.53,15.98,21.03,16.475714285714286,1.6494530117875923,0.9563047559630355,-0.29237170472273666,0,0.0,0,199.64000000000001,153.77675840978594
2022-09-04,16.03,24.0,105.16,284.46,24.1,18.0,30.7,0.0,9.3,6.51,239.0,1005.7,9,6,-1.0,-1.8369701987210297e-16,0,15.52,16.78,14.92,23.67,16.41,1.681348665010697,-0.8571673007021121,-0.5150380749100544,0,0.0,0,199.857,152.1482602118003
2022-09-05,15.58,23.08,81.03,445.96,24.9,18.8,31.4,0.0,8.0,5.6,274.0,1005.7,9,0,-1.0,-1.8369701987210297e-16,0,16.03,14.31,17.56,24.0,16.568571428571428,1.5657738083923691,-0.9975640502598243,0.06975647374412522,0,0.0,0,175.83999999999997,176.43859649122808
2022-09-06,64.0,23.0,2.0,9.0,26.1,19.3,33.2,0.0,18.5,7.1,198.0,1005.7,9,1,-1.0,-1.8369701987210297e-16,0,15.58,15.52,19.25,23.08,16.285714285714285,1.5353702826229962,-0.30901699437494773,-0.9510565162951535,1,0.0,0,235.72,139.68055555555557
2022-09-07,61.0,21.0,2.0,8.0,26.8,20.6,34.4,0.0,11.3,6.9,166.0,1009.8,9,2,-1.0,-1.8369701987210297e-16,0,64.0,16.03,16.53,23.0,22.678571428571427,18.23883167728627,0.24192189559966773,-0.9702957262759965,1,0.0,0,237.36,144.25714285714284
2022-09-08,67.0,17.0,1.0,9.0,25.0,20.0,30.7,0.0,11.6,7.2,260.0,1012.9,9,3,-1.0,-1.8369701987210297e-16,0,61.0,15.58,16.78,21.0,29.03142857142857,22.891575181400572,-0.984807753012208,-0.17364817766693033,0,0.0,0,221.04,138.75342465753423
2022-09-09,72.0,25.0,2.0,4.0,21.2,15.5,26.3,0.0,9.5,6.8,286.0,1016.4,9,4,-1.0,-1.8369701987210297e-16,0,67.0,64.0,14.31,17.0,36.205714285714286,26.062001622504535,-0.9612616959383188,0.2756373558169994,0,0.0,0,178.84,147.30434782608697
2022-09-10,78.0,35.0,2.0,7.0,24.4,15.7,31.1,0.0,11.6,6.4,25.0,1010.9,9,5,-1.0,-1.8369701987210297e-16,0,72.0,61.0,15.52,25.0,44.44714285714286,27.08544548540522,0.42261826174069944,0.9063077870366499,0,0.0,0,199.04000000000002,155.52307692307693
2022-09-11,73.0,24.0,1.0,3.0,19.2,13.4,25.6,2.6,19.9,8.5,236.0,1011.7,9,6,-1.0,-1.8369701987210297e-16,0,78.0,67.0,16.03,35.0,53.37285714285714,26.245838218840046,-0.8290375725550414,-0.5591929034707472,0,0.0,0,217.60000000000002,117.63953488372093
2022-09-12,73.0,23.0,1.0,4.0,16.3,12.8,20.4,0.3,9.3,5.4,57.0,1019.1,9,0,-1.0,-1.8369701987210297e-16,0,73.0,72.0,15.58,24.0,61.51142857142857,21.056058058249704,0.8386705679454239,0.5446390350150272,0,1.6999999999999993,0,110.16,185.2909090909091
2022-09-13,75.0,26.0,2.0,6.0,16.1,10.5,21.3,0.0,7.4,3.9,302.0,1019.0,9,1,-1.0,-1.8369701987210297e-16,0,73.0,78.0,64.0,23.0,69.71428571428571,5.936168397046761,-0.8480480961564261,0.5299192642332047,0,1.8999999999999986,0,83.07000000000001,254.75
2022-09-14,61.0,18.0,2.0,4.0,15.0,9.8,20.2,0.0,11.2,7.6,286.0,1017.5,9,2,-1.0,-1.8369701987210297e-16,0,75.0,73.0,61.0,26.0,71.28571428571429,5.618845839799316,-0.9612616959383188,0.2756373558169994,0,3.0,0,153.51999999999998,132.14285714285717
2022-09-15,69.0,23.0,2.0,8.0,13.4,8.4,18.7,0.0,8.7,5.4,299.0,1017.6,9,3,-1.0,-1.8369701987210297e-16,0,61.0,73.0,67.0,18.0,71.28571428571429,5.618845839799316,-0.8746197071393961,0.4848096202463365,0,4.6,0,100.98,185.01818181818183
2022-09-16,83.0,25.0,2.0,9.0,15.9,7.8,22.1,0.0,7.5,4.8,313.0,1012.4,9,4,-1.0,-1.8369701987210297e-16,0,69.0,75.0,72.0,23.0,71.57142857142857,5.411627692821799,-0.731353701619171,0.6819983600624979,0,2.0999999999999996,0,106.08,206.61224489795921
2022-09-17,78.0,28.0,2.0,7.0,18.0,13.8,23.6,0.0,9.0,4.8,349.0,1012.7,9,5,-1.0,-1.8369701987210297e-16,0,83.0,61.0,78.0,25.0,73.14285714285714,6.938505396903479,-0.19080899537654467,0.981627183447664,0,0.0,0,113.28,206.67346938775515
2022-09-18,67.0,7.0,2.0,8.0,19.9,14.4,25.6,0.0,7.8,4.2,351.0,1015.3,9,6,-1.0,-1.8369701987210297e-16,0,78.0,69.0,73.0,28.0,73.14285714285714,6.938505396903479,-0.1564344650402311,0.9876883405951377,0,0.0,0,107.52000000000001,236.11627906976742
2022-09-19,71.0,32.0,2.0,9.0,20.3,12.7,26.5,0.0,10.7,4.6,276.0,1014.7,9,0,-1.0,-1.8369701987210297e-16,0,67.0,83.0,73.0,7.0,72.28571428571429,7.319250547114103,-0.9945218953682734,0.10452846326765299,0,0.0,0,121.89999999999999,215.89361702127664
2022-09-20,70.0,34.0,2.0,10.0,21.0,13.9,28.3,0.0,9.3,5.5,274.0,1012.7,9,1,-1.0,-1.8369701987210297e-16,0,71.0,78.0,75.0,32.0,72.0,7.325753658612073,-0.9975640502598243,0.06975647374412522,0,0.0,0,155.65,180.83928571428572
2022-09-21,77.0,27.0,2.0,8.0,21.8,17.0,27.1,0.0,15.1,5.7,237.0,1012.1,9,2,-1.0,-1.8369701987210297e-16,0,70.0,67.0,61.0,34.0,71.28571428571429,7.227592630890089,-0.8386705679454242,-0.544639035015027,0,0.0,0,154.47,174.50000000000003
2022-09-22,63.0,28.0,2.0,8.0,22.2,16.7,27.6,0.0,20.1,6.5,193.0,1013.5,9,3,-1.0,-1.8369701987210297e-16,0,77.0,71.0,69.0,27.0,73.57142857142857,5.826867164470329,-0.22495105434386498,-0.9743700647852352,1,0.0,0,179.4,153.56060606060606
2022-09-23,59.0,24.0,2.0,5.0,21.3,16.6,27.3,0.0,14.9,6.6,93.0,1013.6,9,4,-1.0,-1.8369701987210297e-16,0,63.0,70.0,83.0,28.0,72.71428571428571,6.945365018348333,0.9986295347545738,-0.05233595624294362,0,0.0,0,180.18,151.28358208955225
2022-09-24,66.0,27.0,2.0,8.0,20.9,15.1,27.7,0.0,9.5,5.5,102.0,1011.9,9,5,-1.0,-1.8369701987210297e-16,0,59.0,77.0,78.0,24.0,69.28571428571429,6.94536501834832,0.9781476007338057,-0.20791169081775912,0,0.0,0,152.35,180.69642857142858
2022-09-25,62.0,17.0,2.0,7.0,21.4,15.4,28.3,0.0,7.4,5.2,114.0,1011.3,9,6,-1.0,-1.8369701987210297e-16,0,66.0,63.0,67.0,27.0,67.57142857142857,5.826867164470304,0.913545457642601,-0.4067366430758001,0,0.0,0,147.16,190.81132075471697
2022-09-26,61.0,26.0,2.0,6.0,22.6,16.2,29.2,0.0,12.5,5.5,186.0,1013.1,9,0,-1.0,-1.8369701987210297e-16,0,62.0,59.0,71.0,17.0,66.85714285714286,6.202917900165347,-0.10452846326765305,-0.9945218953682734,1,0.0,0,160.6,180.9107142857143
2022-09-27,62.0,20.0,2.0,4.0,19.3,14.3,24.4,0.0,13.8,7.8,326.0,1016.4,9,1,-1.0,-1.8369701987210297e-16,0,61.0,66.0,70.0,26.0,65.42857142857143,6.241184258807144,-0.5591929034707473,0.8290375725550414,0,0.0,0,190.32,128.65822784810126
2022-09-28,56.0,15.0,3.0,5.0,16.2,11.9,20.6,0.0,10.3,5.8,268.0,1015.6,9,2,-1.0,-1.8369701987210297e-16,0,62.0,62.0,77.0,20.0,64.28571428571429,5.992058236095753,-0.9993908270190957,-0.03489949670250165,0,1.8000000000000007,0,119.48,172.13559322033902
2022-09-29,60.0,22.0,2.0,4.0,12.0,7.8,15.0,0.0,10.0,5.9,344.0,1016.9,9,3,-1.0,-1.8369701987210297e-16,0,56.0,61.0,63.0,15.0,61.285714285714285,3.1471831698778967,-0.2756373558169998,0.9612616959383187,0,6.0,0,88.5,169.48333333333332
2022-09-30,61.0,19.0,2.0,4.0,6.8,3.9,9.4,0.0,8.6,5.9,331.0,1021.5,9,4,-1.0,-1.8369701987210297e-16,0,60.0,62.0,59.0,22.0,60.857142857142854,3.078342163598976,-0.4848096202463369,0.8746197071393959,0,11.2,0,55.46000000000001,170.25
2022-10-01,60.0,20.0,2.0,3.0,4.0,-0.4,8.6,0.0,8.3,6.0,295.0,1027.4,10,5,-0.8660254037844386,0.5000000000000001,1,61.0,56.0,66.0,19.0,61.142857142857146,2.9680841985234485,-0.9063077870366498,0.4226182617406996,0,14.0,0,51.599999999999994,168.42622950819674
2022-10-02,80.0,35.0,2.0,7.0,7.3,-0.3,13.9,0.0,11.5,6.4,350.0,1023.5,10,6,-0.8660254037844386,0.5000000000000001,1,60.0,60.0,62.0,20.0,60.285714285714285,2.0586634591637187,-0.17364817766693127,0.9848077530122079,0,10.7,0,88.96000000000001,157.46153846153848
2022-10-03,91.0,18.0,1.0,6.0,11.2,2.8,18.0,0.6,12.1,6.4,333.0,1017.3,10,0,-0.8660254037844386,0.5000000000000001,1,80.0,61.0,61.0,35.0,62.857142857142854,7.7980461533338445,-0.45399049973954697,0.8910065241883678,0,6.800000000000001,0,115.2,156.5076923076923
2022-10-04,64.0,22.0,1.0,5.0,13.9,8.1,19.9,0.0,8.3,6.6,21.0,1020.9,10,1,-0.8660254037844386,0.5000000000000001,1,91.0,60.0,62.0,18.0,67.14285714285714,13.06941176218445,0.35836794954530027,0.9335804264972017,0,4.1,0,131.33999999999997,152.37313432835822
2022-10-05,63.0,33.0,2.0,11.0,12.6,9.5,16.3,0.8,6.4,4.2,118.0,1026.8,10,2,-0.8660254037844386,0.5000000000000001,1,64.0,80.0,56.0,22.0,67.42857142857143,12.95964432198594,0.8829475928589271,-0.46947156278589053,0,5.4,0,68.46000000000001,238.7906976744186
2022-10-06,67.0,46.0,2.0,11.0,13.2,7.4,18.3,0.0,7.9,4.8,56.0,1025.8,10,3,-0.8660254037844386,0.5000000000000001,1,63.0,91.0,60.0,33.0,68.42857142857143,12.177262183500684,0.8290375725550417,0.5591929034707468,0,4.800000000000001,0,87.84,209.34693877551024
2022-10-07,83.0,39.0,2.0,9.0,15.5,9.4,20.4,0.0,7.8,4.6,317.0,1021.4,10,4,-0.8660254037844386,0.5000000000000001,1,67.0,64.0,61.0,46.0,69.42857142857143,11.645559137244089,-0.6819983600624983,0.7313537016191707,0,2.5,0,93.83999999999999,217.31914893617025
2022-10-08,80.0,21.0,2.0,5.0,16.8,10.4,23.0,0.0,8.8,5.5,153.0,1020.2,10,5,-0.8660254037844386,0.5000000000000001,1,83.0,63.0,60.0,39.0,72.57142857142857,11.956269524913823,0.45399049973954686,-0.8910065241883678,1,1.1999999999999993,0,126.5,182.17857142857144
2022-10-09,64.0,20.0,2.0,7.0,14.6,8.4,19.1,0.0,8.1,5.5,284.0,1023.4,10,6,-0.8660254037844386,0.5000000000000001,1,80.0,67.0,80.0,21.0,75.42857142857143,10.783585409580468,-0.9702957262759966,0.24192189559966742,0,3.4000000000000004,0,105.05000000000001,182.75
2022-10-10,58.0,24.0,1.0,9.0,9.0,5.9,13.6,0.0,8.9,5.9,7.0,1030.1,10,0,-0.8660254037844386,0.5000000000000001,1,64.0,83.0,91.0,20.0,73.14285714285714,11.334733807028403,0.12186934340514748,0.992546151641322,0,9.0,0,80.24000000000001,171.6833333333333
2022-10-11,56.0,44.0,3.0,12.0,9.9,3.8,15.6,0.0,9.6,6.0,12.0,1025.7,10,1,-0.8660254037844386,0.5000000000000001,1,58.0,80.0,64.0,24.0,68.42857142857143,9.360504666899596,0.20791169081775931,0.9781476007338057,0,8.1,0,93.6,168.14754098360658
2022-10-12,96.0,37.0,2.0,12.0,12.5,4.2,17.7,0.0,9.7,4.0,304.0,1019.2,10,2,-0.8660254037844386,0.5000000000000001,1,56.0,64.0,63.0,44.0,67.28571428571429,10.419761445034618,-0.8290375725550421,0.5591929034707462,0,5.5,0,70.8,248.58536585365857
2022-10-13,69.0,29.0,2.0,10.0,14.7,6.7,21.0,0.0,7.6,5.1,116.0,1020.4,10,3,-0.8660254037844386,0.5000000000000001,1,96.0,58.0,67.0,37.0,72.0,14.7309198626563,0.8987940462991669,-0.4383711467890775,0,3.3000000000000007,0,107.1,196.23076923076925
2022-10-14,70.0,60.0,2.0,12.0,15.8,9.0,20.8,0.0,6.1,3.2,91.0,1021.8,10,4,-0.8660254037844386,0.5000000000000001,1,69.0,56.0,83.0,29.0,72.28571428571429,14.636874503735323,0.9998476951563913,-0.017452406437283477,0,2.1999999999999993,0,66.56,309.63636363636357
2022-10-15,88.0,42.0,2.0,10.0,16.7,11.8,21.5,0.0,7.1,4.0,4.0,1020.5,10,5,-0.8660254037844386,0.5000000000000001,1,70.0,96.0,80.0,60.0,70.42857142857143,13.85468804962359,0.0697564737441253,0.9975640502598242,0,1.3000000000000007,0,86.0,248.90243902439028
2022-10-16,93.0,28.0,3.0,7.0,16.3,8.3,23.1,0.0,8.7,4.7,240.0,1020.0,10,6,-0.8660254037844386,0.5000000000000001,1,88.0,69.0,64.0,42.0,71.57142857142857,15.053871515960587,-0.8660254037844385,-0.5000000000000004,0,1.6999999999999993,0,108.57000000000001,212.5
2022-10-17,76.0,20.0,1.0,6.0,13.5,9.8,18.1,0.4,9.7,6.2,310.0,1023.3,10,0,-0.8660254037844386,0.5000000000000001,1,93.0,70.0,58.0,28.0,75.71428571428571,16.539994817757076,-0.7660444431189781,0.6427876096865393,0,4.5,0,112.22000000000001,162.42857142857142
2022-10-18,61.0,21.0,1.0,5.0,9.2,7.6,10.5,15.1,10.7,4.7,249.0,1023.8,10,1,-0.8660254037844386,0.5000000000000001,1,76.0,88.0,56.0,20.0,78.28571428571429,14.614083227196671,-0.9335804264972016,-0.3583679495453007,0,8.8,0,49.35,213.29166666666666
2022-10-19,53.0,19.0,1.0,6.0,8.2,5.8,11.2,2.2,11.5,5.4,78.0,1023.2,10,2,-0.8660254037844386,0.5000000000000001,1,61.0,93.0,96.0,21.0,79.0,13.416407864998833,0.9781476007338056,0.20791169081775945,0,9.8,0,60.48,186.03636363636366
2022-10-20,51.0,48.0,4.0,14.0,8.5,5.3,12.5,0.0,11.3,6.7,51.0,1029.9,10,3,-0.8660254037844386,0.5000000000000001,1,53.0,76.0,69.0,19.0,72.85714285714286,14.158961490031407,0.7771459614569708,0.6293203910498375,0,9.5,0,83.75,151.4558823529412
2022-10-21,92.0,34.0,2.0,14.0,10.4,3.3,16.7,0.0,11.5,5.6,47.0,1021.4,10,4,-0.8660254037844386,0.5000000000000001,1,51.0,61.0,70.0,48.0,70.28571428571429,16.428778466604378,0.7313537016191705,0.6819983600624985,0,7.6,0,93.52,179.19298245614036
2022-10-22,60.0,30.0,2.0,4.0,13.7,6.2,21.6,0.0,8.0,4.8,94.0,1018.3,10,5,-0.8660254037844386,0.5000000000000001,1,92.0,53.0,88.0,34.0,73.42857142857143,18.35626271745921,0.9975640502598242,-0.06975647374412533,0,4.300000000000001,0,103.68,207.81632653061226
2022-10-23,91.0,28.0,1.0,3.0,9.6,5.1,12.8,6.6,12.0,7.3,337.0,1026.5,10,6,-0.8660254037844386,0.5000000000000001,1,60.0,51.0,93.0,30.0,69.42857142857143,17.69046016790922,-0.3907311284892747,0.9205048534524399,0,8.4,0,93.44,138.71621621621622
2022-10-24,63.0,42.0,1.0,8.0,5.2,2.4,8.2,0.8,9.2,5.3,21.0,1026.0,10,0,-0.8660254037844386,0.5000000000000001,1,91.0,92.0,76.0,28.0,69.14285714285714,17.257158625032265,0.35836794954530027,0.9335804264972017,0,12.8,0,43.459999999999994,190.00000000000003
2022-10-25,90.0,23.0,1.0,9.0,6.3,3.8,9.8,7.8,10.2,4.9,44.0,1019.8,10,1,-0.8660254037844386,0.5000000000000001,1,63.0,60.0,61.0,42.0,67.28571428571429,17.094972806006353,0.6946583704589973,0.7193398003386512,0,11.7,0,48.02000000000001,203.96
2022-10-26,58.0,8.0,1.0,5.0,8.9,5.0,13.4,1.0,25.4,9.2,216.0,1020.8,10,2,-0.8660254037844386,0.5000000000000001,1,90.0,91.0,53.0,23.0,71.42857142857143,18.751507875876264,-0.587785252292473,-0.8090169943749475,1,9.1,0,123.27999999999999,109.76344086021507
2022-10-27,38.0,29.0,1.0,5.0,7.6,3.5,11.2,10.8,12.6,6.2,57.0,1028.2,10,3,-0.8660254037844386,0.5000000000000001,1,58.0,63.0,51.0,8.0,72.14285714285714,18.013222656598472,0.8386705679454239,0.5446390350150272,0,10.4,0,69.44,163.20634920634922
2022-10-28,63.0,50.0,2.0,14.0,4.6,1.8,7.9,0.0,10.8,6.3,23.0,1031.1,10,4,-0.8660254037844386,0.5000000000000001,1,38.0,90.0,92.0,29.0,70.28571428571429,20.981851568393505,0.3907311284892737,0.9205048534524404,0,13.4,0,49.77,161.109375
2022-10-29,108.0,37.0,1.0,7.0,5.2,-0.7,9.9,0.0,10.7,4.8,27.0,1025.8,10,5,-0.8660254037844386,0.5000000000000001,1,63.0,58.0,60.0,50.0,66.14285714285714,18.72100933379907,0.45399049973954675,0.8910065241883679,0,12.8,0,47.52,209.34693877551024
2022-10-30,61.0,18.0,1.0,5.0,8.4,4.1,13.1,4.0,20.1,7.9,219.0,1019.2,10,6,-0.8660254037844386,0.5000000000000001,1,108.0,38.0,91.0,37.0,73.0,24.110855093366872,-0.6293203910498376,-0.7771459614569708,1,9.6,0,103.49,127.4
2022-10-31,57.0,32.0,1.0,13.0,8.0,6.5,10.2,0.3,6.1,4.3,55.0,1025.2,10,0,-0.8660254037844386,0.5000000000000001,1,61.0,63.0,63.0,18.0,68.71428571428571,23.019660334261314,0.8191520442889918,0.573576436351046,0,10.0,0,43.85999999999999,233.00000000000003
2022-11-01,68.0,37.0,1.0,13.0,7.4,4.0,12.2,0.0,8.2,3.6,360.0,1021.6,11,1,-0.5000000000000004,0.8660254037844384,1,57.0,108.0,90.0,32.0,67.85714285714286,23.37683020591526,-2.4492935982947064e-16,1.0,0,10.6,0,43.92,276.10810810810807
2022-11-02,89.0,35.0,1.0,6.0,9.2,2.8,15.4,1.9,12.6,6.2,269.0,1015.5,11,2,-0.5000000000000004,0.8660254037844384,1,68.0,61.0,58.0,37.0,64.71428571428571,21.289389264093433,-0.9998476951563913,-0.017452406437283498,0,8.8,0,95.48,161.19047619047618
2022-11-03,70.0,53.0,1.0,11.0,7.3,5.1,8.8,8.9,7.1,4.6,23.0,1023.3,11,3,-0.5000000000000004,0.8660254037844384,1,89.0,57.0,38.0,35.0,69.14285714285714,22.82855354907224,0.3907311284892737,0.9205048534524404,0,10.7,0,40.48,217.72340425531917
2022-11-04,101.0,36.0,2.0,9.0,8.2,5.6,10.8,0.0,11.9,5.4,352.0,1016.1,11,4,-0.5000000000000004,0.8660254037844384,1,70.0,68.0,63.0,53.0,73.71428571428571,18.30950832868259,-0.13917310096006588,0.9902680687415703,0,9.8,0,58.32000000000001,184.74545454545455
2022-11-05,79.0,70.0,1.0,13.0,9.4,6.9,11.6,0.5,8.4,5.0,121.0,1021.7,11,5,-0.5000000000000004,0.8660254037844384,1,101.0,89.0,108.0,36.0,79.14285714285714,20.144714537801867,0.8571673007021123,-0.5150380749100543,0,8.6,0,58.0,200.33333333333337
2022-11-06,125.0,69.0,1.0,13.0,7.9,5.4,9.7,0.4,6.7,4.2,7.0,1020.2,11,6,-0.5000000000000004,0.8660254037844384,1,79.0,70.0,61.0,70.0,75.0,15.716233645501775,0.12186934340514748,0.992546151641322,0,10.1,0,40.74,237.25581395348837
2022-11-07,140.0,10.0,1.0,4.0,7.4,4.9,11.2,0.5,12.0,6.9,349.0,1017.4,11,0,-0.5000000000000004,0.8660254037844384,1,125.0,101.0,57.0,69.0,84.14285714285714,23.097103508366427,-0.19080899537654467,0.981627183447664,0,10.6,0,77.28,145.34285714285713
2022-11-08,47.0,13.0,1.0,5.0,4.4,0.8,8.3,16.3,11.3,5.1,245.0,1025.1,11,1,-0.5000000000000004,0.8660254037844384,1,140.0,79.0,68.0,10.0,96.0,27.688746209726965,-0.9063077870366497,-0.42261826174069994,0,13.6,0,42.33,197.13461538461542
2022-11-09,41.0,39.0,1.0,13.0,0.5,-1.5,2.6,5.4,7.3,3.1,268.0,1035.9,11,2,-0.5000000000000004,0.8660254037844384,1,47.0,125.0,89.0,13.0,93.0,32.02603107890001,-0.9993908270190957,-0.03489949670250165,0,17.5,0,8.06,323.71875
2022-11-10,72.0,40.0,2.0,11.0,1.8,-1.9,5.6,0.0,6.5,3.5,323.0,1033.1,11,3,-0.5000000000000004,0.8660254037844384,1,41.0,140.0,70.0,39.0,86.14285714285714,37.66708807181047,-0.6018150231520483,0.7986355100472928,0,16.2,0,19.599999999999998,286.97222222222223
2022-11-11,93.0,45.0,2.0,13.0,2.2,-1.4,5.3,0.0,7.4,2.8,196.0,1030.8,11,4,-0.5000000000000004,0.8660254037844384,1,72.0,47.0,101.0,40.0,86.42857142857143,37.53157400934645,-0.275637355816999,-0.9612616959383189,1,15.8,0,14.839999999999998,355.44827586206895
2022-11-12,92.0,61.0,2.0,15.0,2.8,-1.7,4.8,0.0,9.7,5.3,66.0,1032.2,11,5,-0.5000000000000004,0.8660254037844384,1,93.0,41.0,79.0,45.0,85.28571428571429,37.1336069067464,0.9135454576426009,0.4067366430758002,0,15.2,0,25.439999999999998,191.14814814814818
2022-11-13,102.0,42.0,2.0,10.0,2.3,-1.8,5.4,0.0,6.0,3.4,346.0,1023.9,11,6,-0.5000000000000004,0.8660254037844384,1,92.0,72.0,125.0,61.0,87.14285714285714,37.091906446144364,-0.24192189559966787,0.9702957262759965,0,15.7,0,18.36,292.54285714285714
2022-11-14,85.0,44.0,2.0,8.0,3.9,-1.8,9.3,0.0,12.0,5.7,41.0,1015.4,11,0,-0.5000000000000004,0.8660254037844384,1,102.0,93.0,140.0,42.0,83.85714285714286,34.075546322001344,0.6560590289905072,0.754709580222772,0,14.1,0,53.010000000000005,175.0689655172414
2022-11-15,87.0,18.0,1.0,6.0,3.4,0.8,6.1,0.0,10.7,5.3,103.0,1016.0,11,1,-0.5000000000000004,0.8660254037844384,1,85.0,92.0,47.0,44.0,76.0,23.74868417407588,0.9743700647852352,-0.2249510543438648,0,14.6,0,32.33,188.14814814814815
2022-11-16,54.0,39.0,2.0,9.0,1.2,-1.0,2.6,11.6,16.9,7.2,346.0,1022.2,11,2,-0.5000000000000004,0.8660254037844384,1,87.0,102.0,41.0,18.0,81.71428571428571,20.14707824734803,-0.24192189559966787,0.9702957262759965,0,16.8,0,18.720000000000002,140.02739726027397
2022-11-17,96.0,82.0,2.0,22.0,-2.1,-4.6,0.2,1.4,13.1,7.6,10.0,1033.2,11,3,-0.5000000000000004,0.8660254037844384,1,54.0,85.0,72.0,39.0,83.57142857142857,15.925421426733106,0.17364817766693033,0.984807753012208,0,20.1,0,1.52,134.18181818181822
2022-11-18,160.0,88.0,2.0,23.0,-1.3,-4.9,4.3,0.0,20.3,9.6,356.0,1022.2,11,4,-0.5000000000000004,0.8660254037844384,1,96.0,87.0,93.0,82.0,87.0,15.599145275730194,-0.06975647374412476,0.9975640502598243,0,19.3,0,41.279999999999994,105.38144329896909
2022-11-19,130.0,22.0,2.0,8.0,3.0,-0.9,6.8,1.3,9.5,5.2,147.0,1021.2,11,5,-0.5000000000000004,0.8660254037844384,1,160.0,54.0,92.0,88.0,96.57142857142857,31.915811874665668,0.5446390350150269,-0.8386705679454242,1,15.0,0,35.36,192.6792452830189
2022-11-20,64.0,23.0,2.0,8.0,6.7,3.6,13.5,10.2,17.6,7.2,172.0,1023.4,11,6,-0.5000000000000004,0.8660254037844384,1,130.0,96.0,102.0,22.0,102.0,34.16138170507748,0.13917310096006574,-0.9902680687415703,1,11.3,0,97.2,140.1917808219178
2022-11-21,61.0,18.0,2.0,6.0,5.2,3.0,7.2,14.8,13.1,5.8,119.0,1025.1,11,0,-0.5000000000000004,0.8660254037844384,1,64.0,160.0,85.0,23.0,96.57142857142857,37.05786980232022,0.8746197071393959,-0.484809620246337,0,12.8,0,41.76,173.74576271186442
2022-11-22,57.0,24.0,2.0,7.0,5.6,3.8,9.0,12.0,7.9,4.3,69.0,1023.2,11,1,-0.5000000000000004,0.8660254037844384,1,61.0,130.0,87.0,18.0,93.14285714285714,39.34644656309969,0.9335804264972017,0.3583679495453004,0,12.4,0,38.699999999999996,232.5454545454546
2022-11-23,67.0,83.0,2.0,20.0,3.9,2.2,5.3,25.3,7.5,4.6,43.0,1026.3,11,2,-0.5000000000000004,0.8660254037844384,1,57.0,64.0,54.0,24.0,88.85714285714286,41.69104049004845,0.6819983600624985,0.7313537016191706,0,14.1,0,24.38,218.36170212765958
2022-11-24,137.0,41.0,2.0,13.0,4.8,1.8,7.3,0.3,8.4,5.7,32.0,1021.3,11,3,-0.5000000000000004,0.8660254037844384,1,67.0,61.0,96.0,83.0,90.71428571428571,40.14023038347062,0.5299192642332049,0.848048096156426,0,13.2,0,41.61,176.08620689655172
2022-11-25,94.0,29.0,2.0,6.0,8.1,3.9,11.8,0.6,9.4,5.6,62.0,1017.5,11,4,-0.5000000000000004,0.8660254037844384,1,137.0,57.0,160.0,41.0,96.57142857142857,43.859081700590245,0.8829475928589269,0.46947156278589086,0,9.9,0,66.08,178.50877192982458
2022-11-26,67.0,55.0,2.0,6.0,-1.3,-8.3,2.2,10.1,14.2,9.5,348.0,1030.5,11,5,-0.5000000000000004,0.8660254037844384,1,94.0,67.0,130.0,29.0,87.14285714285714,33.91867023449169,-0.20791169081775987,0.9781476007338056,0,19.3,0,20.900000000000002,107.34375
2022-11-27,123.0,101.0,2.0,13.0,-11.9,-17.2,-7.3,0.1,15.5,7.2,360.0,1040.2,11,6,-0.5000000000000004,0.8660254037844384,1,67.0,137.0,64.0,55.0,78.14285714285714,28.591540540449948,-2.4492935982947064e-16,1.0,0,29.9,0,-52.56,142.4931506849315
2022-11-28,167.0,92.0,1.0,13.0,-12.8,-18.1,-8.0,0.0,14.7,8.7,342.0,1036.4,11,0,-0.5000000000000004,0.8660254037844384,1,123.0,94.0,61.0,101.0,86.57142857142857,32.19656887960346,-0.3090169943749477,0.9510565162951535,0,30.8,0,-69.6,117.7727272727273
2022-11-29,163.0,143.0,1.0,30.0,-6.8,-12.9,-2.1,0.5,16.1,6.6,358.0,1033.1,11,1,-0.5000000000000004,0.8660254037844384,1,167.0,67.0,57.0,92.0,101.71428571428571,41.69218266339744,-0.034899496702500823,0.9993908270190958,0,24.8,0,-13.86,154.19402985074626
2022-11-30,173.0,34.0,1.0,6.0,-2.3,-7.4,1.4,0.3,12.2,6.3,34.0,1027.6,11,2,-0.5000000000000004,0.8660254037844384,1,163.0,123.0,67.0,143.0,116.85714285714286,41.99376370934372,0.5591929034707469,0.8290375725550417,0,20.3,0,8.819999999999999,160.5625
2022-12-01,71.0,83.0,1.0,15.0,-1.7,-7.3,2.5,3.0,23.0,8.6,32.0,1027.8,12,3,-2.4492935982947064e-16,1.0,1,173.0,167.0,137.0,34.0,132.0,40.08740450565493,0.5299192642332049,0.848048096156426,0,19.7,0,21.5,118.13793103448276
2022-12-02,147.0,93.0,1.0,15.0,-3.9,-6.8,-1.3,0.0,8.1,6.1,42.0,1031.8,12,4,-2.4492935982947064e-16,1.0,1,71.0,163.0,94.0,83.0,122.57142857142857,46.035700432226704,0.6691306063588582,0.7431448254773942,0,21.9,0,-7.93,166.4193548387097
2022-12-03,149.0,58.0,1.0,8.0,-6.1,-9.9,-1.6,0.0,12.5,6.4,5.0,1030.2,12,5,-2.4492935982947064e-16,1.0,1,147.0,173.0,67.0,93.0,130.14285714285714,44.89776747021534,0.08715574274765817,0.9961946980917455,0,24.1,0,-10.240000000000002,158.49230769230772
2022-12-04,122.0,81.0,1.0,8.0,-6.7,-9.8,-3.5,0.0,11.9,7.3,351.0,1032.4,12,6,-2.4492935982947064e-16,1.0,1,149.0,71.0,123.0,58.0,141.85714285714286,35.36207276837988,-0.1564344650402311,0.9876883405951377,0,24.7,0,-25.55,139.51351351351354
2022-12-05,156.0,79.0,1.0,9.0,-7.4,-11.3,-2.7,0.7,14.8,6.7,27.0,1034.4,12,0,-2.4492935982947064e-16,1.0,1,122.0,147.0,167.0,81.0,141.71428571428572,35.45285266244122,0.45399049973954675,0.8910065241883679,0,25.4,0,-18.090000000000003,152.11764705882354
2022-12-06,45.13,64.95,180.65,1238.46,-6.7,-10.1,-4.0,0.1,10.2,7.14,42.0,1034.24,12,1,-2.4492935982947064e-16,1.0,1,156.0,149.0,163.0,79.0,140.14285714285714,34.37260814189395,0.6691306063588582,0.7431448254773942,0,24.7,0,-28.56,142.85082872928177
2022-12-07,74.68,106.98,309.4,2242.25,-6.5,-9.8,-3.2,0.0,15.5,10.85,26.0,1034.08,12,2,-2.4492935982947064e-16,1.0,1,45.13,122.0,173.0,64.95,123.30428571428571,47.625428731978516,0.4383711467890774,0.898794046299167,0,24.5,0,-34.72,94.4365296803653
2022-12-08,64.39,92.2,266.25,1935.21,-6.1,-9.4,-2.8,0.6,14.2,9.94,4.0,1033.91,12,3,-2.4492935982947064e-16,1.0,1,74.68,156.0,71.0,106.98,109.25857142857141,44.949548172950344,0.0697564737441253,0.9975640502598242,0,24.1,0,-27.831999999999997,102.97908366533866
2022-12-09,26.4,37.98,148.58,860.08,-8.4,-13.1,-6.6,3.7,13.7,9.59,323.0,1033.75,12,4,-2.4492935982947064e-16,1.0,1,64.39,45.13,147.0,92.2,108.31428571428572,45.945619978819494,-0.6018150231520483,0.7986355100472928,0,26.4,0,-63.294,106.68214654282767
2022-12-10,43.38,62.12,179.12,1064.62,-13.2,-16.9,-9.1,0.0,14.4,10.08,24.0,1033.59,12,5,-2.4492935982947064e-16,1.0,1,26.4,74.68,149.0,37.98,91.08571428571429,51.31861256150732,0.40673664307580015,0.9135454576426009,0,31.2,0,-91.728,101.53143418467583
2022-12-11,33.16,47.41,154.35,989.96,-11.0,-17.1,-4.9,0.0,20.7,14.49,360.0,1033.42,12,6,-2.4492935982947064e-16,1.0,1,43.38,64.39,122.0,62.12,75.99714285714286,46.77911881537379,-2.4492935982947064e-16,1.0,0,29.0,0,-71.001,70.83070596298835
2022-12-12,35.81,51.3,190.46,1426.58,-9.6,-14.7,-3.7,0.0,19.9,13.93,15.0,1033.26,12,0,-2.4492935982947064e-16,1.0,1,33.16,26.4,156.0,47.41,63.30571428571428,44.19835436496963,0.25881904510252074,0.9659258262890683,0,27.6,0,-51.541000000000004,73.6464718460442
2022-12-13,209.0,124.0,1.0,15.0,-8.0,-13.4,-1.3,0.0,18.0,9.7,8.0,1033.1,12,1,-2.4492935982947064e-16,1.0,1,35.81,43.38,45.13,51.3,46.135714285714286,17.421675060245004,0.13917310096006544,0.9902680687415704,0,26.0,0,-12.61,105.41836734693878
2022-12-14,181.0,196.0,1.0,22.0,-6.0,-13.6,-1.2,0.0,14.8,7.6,37.0,1032.6,12,2,-2.4492935982947064e-16,1.0,1,209.0,33.16,74.68,124.0,69.54571428571428,63.91225230922547,0.6018150231520483,0.7986355100472928,0,24.0,0,-9.12,134.10389610389612
2022-12-15,229.0,119.0,1.0,17.0,-7.4,-15.5,-1.8,0.0,15.5,8.2,33.0,1034.5,12,3,-2.4492935982947064e-16,1.0,1,181.0,35.81,64.39,196.0,84.73428571428572,76.69148580669237,0.5446390350150271,0.838670567945424,0,25.4,0,-14.76,124.63855421686749
2022-12-16,176.0,34.0,1.0,8.0,-0.2,-6.5,4.0,0.0,12.3,4.8,53.0,1029.1,12,4,-2.4492935982947064e-16,1.0,1,229.0,209.0,26.4,119.0,108.25,92.9312367649687,0.7986355100472928,0.6018150231520484,0,18.2,0,19.2,210.02040816326533
2022-12-17,78.0,65.0,1.0,10.0,0.7,-3.9,4.2,0.0,11.2,5.8,341.0,1027.7,12,5,-2.4492935982947064e-16,1.0,1,176.0,181.0,43.38,34.0,129.62142857142857,88.04427189934458,-0.32556815445715753,0.9455185755993165,0,17.3,0,24.36,174.18644067796612
2022-12-18,131.0,97.0,1.0,18.0,-3.3,-10.9,-0.4,0.0,15.0,6.8,30.0,1035.4,12,6,-2.4492935982947064e-16,1.0,1,78.0,229.0,33.16,65.0,134.56714285714287,83.23333681370019,0.49999999999999994,0.8660254037844387,0,21.3,0,-2.72,150.05797101449278
2022-12-19,168.0,74.0,2.0,19.0,-6.2,-12.7,0.2,0.0,16.1,9.2,31.0,1033.5,12,0,-2.4492935982947064e-16,1.0,1,131.0,176.0,35.81,97.0,148.5442857142857,70.62639069005837,0.5150380749100542,0.8571673007021123,0,24.2,0,1.8399999999999999,111.12903225806453
2022-12-20,137.0,96.0,2.0,20.0,-2.5,-9.3,3.0,0.0,17.7,7.8,22.0,1024.9,12,1,-2.4492935982947064e-16,1.0,1,168.0,78.0,209.0,74.0,167.42857142857142,50.16923739655988,0.374606593415912,0.9271838545667874,0,20.5,0,23.4,129.7341772151899
2022-12-21,99.0,39.0,1.0,7.0,0.2,-4.4,3.5,0.9,11.2,6.5,91.0,1025.5,12,2,-2.4492935982947064e-16,1.0,1,137.0,131.0,181.0,96.0,157.14285714285714,47.53745390541574,0.9998476951563913,-0.017452406437283477,0,17.8,0,22.75,155.37878787878788
2022-12-22,77.0,82.0,1.0,8.0,-5.5,-8.1,-1.4,1.3,7.2,4.5,35.0,1036.4,12,3,-2.4492935982947064e-16,1.0,1,99.0,168.0,229.0,39.0,145.42857142857142,50.67825681972219,0.573576436351046,0.8191520442889918,0,23.5,0,-6.3,225.304347826087
2022-12-23,149.0,91.0,1.0,14.0,-8.7,-15.0,-5.9,0.9,12.0,5.3,25.0,1041.1,12,4,-2.4492935982947064e-16,1.0,1,77.0,137.0,176.0,82.0,123.71428571428571,40.429833397769976,0.42261826174069944,0.9063077870366499,0,26.7,0,-31.27,192.7962962962963
2022-12-24,160.0,104.0,1.0,19.0,-9.7,-13.4,-4.0,0.0,18.3,8.8,355.0,1037.5,12,5,-2.4492935982947064e-16,1.0,1,149.0,99.0,78.0,91.0,119.85714285714286,35.61099348716441,-0.08715574274765832,0.9961946980917455,0,27.7,0,-35.2,116.57303370786516
2022-12-25,176.0,178.0,1.0,32.0,-9.0,-14.0,-2.4,0.0,17.8,8.8,353.0,1031.1,12,6,-2.4492935982947064e-16,1.0,1,160.0,77.0,131.0,104.0,131.57142857142858,32.93355504070361,-0.12186934340514811,0.992546151641322,0,27.0,0,-21.12,115.85393258426964
2022-12-26,223.0,141.0,1.0,31.0,-6.9,-13.5,0.3,0.0,16.5,8.2,12.0,1028.2,12,0,-2.4492935982947064e-16,1.0,1,176.0,149.0,168.0,178.0,138.0,36.950417228136125,0.20791169081775931,0.9781476007338057,0,24.9,0,2.4599999999999995,123.87951807228917
2022-12-27,129.0,90.0,1.0,23.0,-0.2,-4.2,3.3,0.0,8.7,3.7,63.0,1026.5,12,1,-2.4492935982947064e-16,1.0,1,223.0,160.0,137.0,141.0,145.85714285714286,48.45076047366228,0.8910065241883678,0.4539904997395468,0,18.2,0,12.209999999999999,270.1315789473684
2022-12-28,131.0,60.0,1.0,17.0,0.1,-2.4,2.2,0.0,5.9,3.1,146.0,1025.4,12,2,-2.4492935982947064e-16,1.0,1,129.0,176.0,99.0,90.0,144.71428571428572,48.787683847853444,0.5591929034707469,-0.8290375725550416,1,17.9,0,6.820000000000001,320.4375
2022-12-29,103.0,39.0,1.0,7.0,-2.3,-8.2,2.4,0.0,9.9,5.9,147.0,1027.9,12,3,-2.4492935982947064e-16,1.0,1,131.0,223.0,77.0,60.0,149.28571428571428,45.15423304525021,0.5446390350150269,-0.8386705679454242,1,20.3,0,14.16,171.31666666666666
2022-12-30,93.0,83.0,1.0,11.0,-1.8,-7.0,0.6,3.1,10.5,4.5,224.0,1035.9,12,4,-2.4492935982947064e-16,1.0,1,103.0,129.0,149.0,39.0,153.0,38.84584919911011,-0.6946583704589973,-0.7193398003386511,1,19.8,0,2.6999999999999997,225.1956521739131
2022-12-31,122.0,54.0,1.0,6.0,-1.4,-4.3,0.2,3.0,6.6,3.8,52.0,1035.2,12,5,-2.4492935982947064e-16,1.0,1,93.0,131.0,160.0,83.0,145.0,45.074013207908074,0.788010753606722,0.6156614753256583,0,19.4,0,0.76,265.43589743589746
2023-01-01,104.0,34.0,1.0,12.0,-3.8,-7.5,-1.8,7.3,8.2,4.3,30.0,1038.8,1,6,0.49999999999999994,0.8660254037844387,1,122.0,103.0,176.0,54.0,139.57142857142858,45.254307871763835,0.49999999999999994,0.8660254037844387,0,21.8,0,-7.74,236.0909090909091
2023-01-02,68.0,40.0,1.0,11.0,-4.1,-7.6,-1.1,0.0,11.7,3.8,45.0,1032.2,1,0,0.49999999999999994,0.8660254037844387,1,104.0,93.0,223.0,34.0,129.28571428571428,43.752006756697476,0.7071067811865476,0.7071067811865476,0,22.1,0,-4.18,264.6666666666667
2023-01-03,75.0,29.0,1.0,11.0,-2.4,-8.2,1.4,0.0,9.0,4.8,63.0,1023.0,1,1,0.49999999999999994,0.8660254037844387,1,68.0,122.0,129.0,40.0,107.14285714285714,22.460547421561202,0.8910065241883678,0.4539904997395468,0,20.4,0,6.72,208.77551020408166
2023-01-04,61.0,75.0,1.0,20.0,-1.3,-7.3,0.8,13.7,12.6,8.8,71.0,1030.7,1,2,0.49999999999999994,0.8660254037844387,1,75.0,104.0,131.0,29.0,99.42857142857143,22.969959678220107,0.9455185755993167,0.32556815445715676,0,19.3,0,7.040000000000001,115.80898876404494
2023-01-05,123.0,42.0,1.0,21.0,0.6,-3.4,3.7,0.0,10.7,6.9,51.0,1024.1,1,3,0.49999999999999994,0.8660254037844387,1,61.0,68.0,103.0,75.0,89.42857142857143,22.157445271339203,0.7771459614569708,0.6293203910498375,0,17.4,0,25.53,146.29999999999998
2023-01-06,77.0,68.0,1.0,17.0,5.2,1.9,8.2,0.0,8.4,5.6,86.0,1019.7,1,4,0.49999999999999994,0.8660254037844387,1,123.0,75.0,93.0,42.0,92.28571428571429,25.26997088584471,0.9975640502598242,0.06975647374412546,0,12.8,0,45.919999999999995,178.8947368421053
2023-01-07,117.0,100.0,1.0,19.0,0.3,-2.1,2.5,0.0,11.2,7.9,37.0,1021.8,1,5,0.49999999999999994,0.8660254037844387,1,77.0,61.0,122.0,68.0,90.0,25.910100990411912,0.6018150231520483,0.7986355100472928,0,17.7,0,19.75,127.725
2023-01-08,136.0,66.0,1.0,15.0,2.5,-2.4,7.7,0.0,11.4,6.2,196.0,1017.8,1,6,0.49999999999999994,0.8660254037844387,1,117.0,123.0,104.0,100.0,89.28571428571429,24.931334271784166,-0.275637355816999,-0.9612616959383189,1,15.5,0,47.74,161.55555555555554
2023-01-09,100.0,22.0,1.0,5.0,1.1,-1.3,3.3,1.4,11.0,6.8,47.0,1023.7,1,0,0.49999999999999994,0.8660254037844387,1,136.0,77.0,68.0,66.0,93.85714285714286,30.41068108098756,0.7313537016191705,0.6819983600624985,0,16.9,0,22.439999999999998,148.36231884057972
2023-01-10,52.0,16.0,1.0,2.0,-4.6,-6.9,-2.0,7.8,13.3,7.0,296.0,1027.6,1,1,0.49999999999999994,0.8660254037844387,1,100.0,117.0,75.0,22.0,98.42857142857143,28.200810525332862,-0.898794046299167,0.4383711467890774,0,22.6,0,-14.0,144.73239436619718
2023-01-11,53.0,34.0,1.0,7.0,-12.4,-16.7,-7.3,4.2,9.8,7.3,28.0,1042.2,1,2,0.49999999999999994,0.8660254037844387,1,52.0,136.0,61.0,16.0,95.14285714285714,32.411050437716476,0.4694715627858908,0.882947592858927,0,30.4,0,-53.29,140.83783783783784
2023-01-12,81.0,66.0,1.0,14.0,-19.5,-24.3,-16.9,0.1,9.0,6.1,63.0,1056.5,1,3,0.49999999999999994,0.8660254037844387,1,53.0,100.0,123.0,34.0,94.0,33.92147795522297,0.8910065241883678,0.4539904997395468,0,37.5,0,-103.08999999999999,170.40322580645164
2023-01-13,153.0,112.0,1.0,18.0,-22.3,-28.6,-17.4,0.0,19.0,9.2,322.0,1054.3,1,4,0.49999999999999994,0.8660254037844387,1,81.0,52.0,77.0,66.0,88.0,31.570027980137713,-0.6156614753256588,0.7880107536067216,0,40.3,0,-160.07999999999998,113.36559139784947
2023-01-14,188.0,193.0,1.0,23.0,-20.9,-26.4,-15.2,0.0,16.5,8.4,23.0,1051.3,1,5,0.49999999999999994,0.8660254037844387,1,153.0,53.0,117.0,112.0,98.85714285714286,39.282857038953615,0.3907311284892737,0.9205048534524404,0,38.9,0,-127.67999999999999,123.68235294117646
2023-01-15,242.0,183.0,1.0,28.0,-18.5,-26.1,-11.3,0.0,18.9,8.1,351.0,1046.1,1,6,0.49999999999999994,0.8660254037844387,1,188.0,81.0,136.0,193.0,109.0,51.89091121445717,-0.1564344650402311,0.9876883405951377,0,36.5,0,-91.53,127.57317073170732
2023-01-16,258.0,109.0,1.0,22.0,-14.2,-20.4,-7.9,0.0,18.6,9.3,11.0,1040.1,1,0,0.49999999999999994,0.8660254037844387,1,242.0,153.0,100.0,183.0,124.14285714285714,72.4693695557615,0.1908089953765448,0.981627183447664,0,32.2,0,-73.47000000000001,110.64893617021276
2023-01-17,190.0,161.0,1.0,28.0,-13.6,-18.4,-7.2,0.0,13.2,8.3,14.0,1038.8,1,1,0.49999999999999994,0.8660254037844387,1,258.0,188.0,52.0,109.0,146.71428571428572,86.87100453299385,0.24192189559966773,0.9702957262759965,0,31.6,0,-59.760000000000005,123.66666666666666
2023-01-18,220.0,121.0,1.0,24.0,-13.0,-18.8,-6.6,0.0,20.6,9.7,7.0,1037.3,1,2,0.49999999999999994,0.8660254037844387,1,190.0,242.0,53.0,161.0,166.42857142857142,76.878382620121,0.12186934340514748,0.992546151641322,0,31.0,0,-64.02,105.84693877551021
2023-01-19,212.0,181.0,1.0,30.0,-11.3,-17.4,-5.2,0.0,16.9,9.0,37.0,1034.5,1,3,0.49999999999999994,0.8660254037844387,1,220.0,258.0,81.0,121.0,190.28571428571428,59.83509083504515,0.6018150231520483,0.7986355100472928,0,29.3,0,-46.800000000000004,113.68131868131869
2023-01-20,206.0,127.0,1.0,19.0,-11.6,-19.1,-7.9,0.0,14.3,7.7,23.0,1037.8,1,4,0.49999999999999994,0.8660254037844387,1,212.0,190.0,153.0,181.0,209.0,35.49178308660578,0.3907311284892737,0.9205048534524404,0,29.6,0,-60.830000000000005,133.05128205128207
2023-01-21,179.0,103.0,1.0,12.0,-9.7,-16.7,-5.0,0.0,10.8,6.0,52.0,1040.7,1,5,0.49999999999999994,0.8660254037844387,1,206.0,220.0,188.0,127.0,216.57142857142858,25.91561397341489,0.788010753606722,0.6156614753256583,0,27.7,0,-30.0,170.6065573770492
2023-01-22,176.0,125.0,1.0,20.0,-11.7,-16.7,-7.2,0.0,17.6,8.3,327.0,1042.0,1,6,0.49999999999999994,0.8660254037844387,1,179.0,212.0,242.0,103.0,215.28571428571428,27.729132007777874,-0.544639035015027,0.838670567945424,0,29.7,0,-59.760000000000005,124.04761904761904
2023-01-23,206.0,107.0,1.0,14.0,-10.2,-15.9,-2.6,0.0,26.6,11.1,3.0,1034.4,1,0,0.49999999999999994,0.8660254037844387,1,176.0,206.0,258.0,125.0,205.85714285714286,28.345655583813905,0.05233595624294383,0.9986295347545738,0,28.2,0,-28.86,92.35714285714286
2023-01-24,136.0,99.0,1.0,21.0,-9.9,-16.3,-7.5,0.0,11.1,6.8,21.0,1033.9,1,1,0.49999999999999994,0.8660254037844387,1,206.0,179.0,190.0,107.0,198.42857142857142,16.91012658002274,0.35836794954530027,0.9335804264972017,0,27.9,0,-51.0,149.84057971014494
2023-01-25,155.0,98.0,1.0,17.0,-10.3,-17.1,-7.7,0.0,10.0,5.5,26.0,1037.2,1,2,0.49999999999999994,0.8660254037844387,1,136.0,176.0,220.0,99.0,190.71428571428572,29.227351834165653,0.4383711467890774,0.898794046299167,0,28.3,0,-42.35,185.21428571428572
2023-01-26,192.0,139.0,1.0,23.0,-10.5,-16.6,-3.6,0.0,18.2,9.2,360.0,1037.1,1,3,0.49999999999999994,0.8660254037844387,1,155.0,206.0,212.0,98.0,181.42857142857142,28.692955830407687,-2.4492935982947064e-16,1.0,0,28.5,0,-33.12,111.51612903225806
2023-01-27,176.0,164.0,1.0,24.0,-9.0,-14.3,-3.3,0.0,16.4,8.9,29.0,1035.2,1,4,0.49999999999999994,0.8660254037844387,1,192.0,136.0,206.0,139.0,178.57142857142858,26.01190203770305,0.48480962024633706,0.8746197071393957,0,27.0,0,-29.37,115.02222222222223
2023-01-28,242.0,80.0,1.0,10.0,-8.4,-15.6,-2.1,0.0,17.7,9.1,36.0,1028.3,1,5,0.49999999999999994,0.8660254037844387,1,176.0,155.0,179.0,164.0,174.28571428571428,23.04137066028787,0.5877852522924731,0.8090169943749475,0,26.4,0,-19.11,111.7717391304348
2023-01-29,128.0,174.0,1.0,22.0,-5.7,-12.0,0.3,0.0,12.0,6.7,17.0,1023.8,1,6,0.49999999999999994,0.8660254037844387,1,242.0,192.0,176.0,80.0,183.28571428571428,34.5963113916032,0.29237170472273677,0.9563047559630354,0,23.7,0,2.01,150.55882352941177
2023-01-30,206.0,50.0,1.0,17.0,-6.1,-13.1,-0.7,0.0,14.1,7.5,37.0,1022.5,1,0,0.49999999999999994,0.8660254037844387,1,128.0,176.0,206.0,174.0,176.42857142857142,40.52923694839393,0.6018150231520483,0.7986355100472928,0,24.1,0,-5.25,134.53947368421052
2023-01-31,127.0,105.0,1.0,20.0,-2.4,-9.9,3.2,0.2,12.5,5.6,52.0,1023.5,1,1,0.49999999999999994,0.8660254037844387,1,206.0,242.0,136.0,50.0,176.42857142857142,40.52923694839393,0.788010753606722,0.6156614753256583,0,20.4,0,17.919999999999998,179.56140350877195
2023-02-01,140.0,166.0,1.0,26.0,-3.1,-8.8,-0.4,0.0,14.0,5.4,77.0,1022.1,2,2,0.8660254037844386,0.5000000000000001,1,127.0,128.0,155.0,105.0,175.14285714285714,42.13639982813201,0.9743700647852352,0.22495105434386492,0,21.1,0,-2.16,185.83636363636364
2023-02-02,202.0,82.0,1.0,17.0,-2.8,-9.5,2.0,1.3,16.8,7.9,5.0,1016.2,2,3,0.8660254037844386,0.5000000000000001,1,140.0,206.0,192.0,166.0,173.0,43.684474740270666,0.08715574274765817,0.9961946980917455,0,20.8,0,15.8,127.025
2023-02-03,115.0,68.0,1.0,14.0,0.7,-1.7,2.8,0.0,10.8,5.7,54.0,1018.5,2,4,0.8660254037844386,0.5000000000000001,1,202.0,127.0,176.0,82.0,174.42857142857142,44.56402563674419,0.8090169943749475,0.5877852522924731,0,17.3,0,15.959999999999999,175.6034482758621
2023-02-04,114.0,44.0,1.0,11.0,-0.0,-3.9,3.3,5.3,9.1,6.5,340.0,1021.8,2,5,0.8660254037844386,0.5000000000000001,1,115.0,140.0,242.0,68.0,165.71428571428572,49.855505499106535,-0.3420201433256686,0.9396926207859084,0,18.0,0,21.45,154.8181818181818
2023-02-05,76.0,66.0,1.0,13.0,0.9,-2.0,3.8,0.1,11.5,6.7,162.0,1020.8,2,6,0.8660254037844386,0.5000000000000001,1,114.0,202.0,128.0,44.0,147.42857142857142,39.63944644272583,0.3090169943749475,-0.9510565162951535,1,17.1,0,25.46,150.11764705882354
2023-02-06,107.0,110.0,1.0,23.0,0.9,-2.3,3.5,0.0,9.9,4.3,75.0,1023.5,2,0,0.8660254037844386,0.5000000000000001,1,76.0,115.0,206.0,66.0,140.0,47.89919971495713,0.9659258262890683,0.25881904510252074,0,17.1,0,15.049999999999999,232.61363636363637
2023-02-07,171.0,106.0,1.0,20.0,-1.5,-5.3,1.0,0.3,7.8,4.5,24.0,1027.3,2,1,0.8660254037844386,0.5000000000000001,1,107.0,114.0,127.0,110.0,125.85714285714286,38.941959253178396,0.40673664307580015,0.9135454576426009,0,19.5,0,4.5,223.32608695652175
2023-02-08,176.0,81.0,1.0,14.0,-1.8,-4.2,2.2,0.0,14.4,6.6,18.0,1015.1,2,2,0.8660254037844386,0.5000000000000001,1,171.0,76.0,140.0,106.0,132.14285714285714,42.54185613968365,0.3090169943749474,0.9510565162951535,0,19.8,0,14.52,151.50746268656718
2023-02-09,128.0,17.0,1.0,2.0,0.0,-4.8,2.6,4.3,9.8,4.9,145.0,1008.3,2,3,0.8660254037844386,0.5000000000000001,1,176.0,107.0,202.0,81.0,137.28571428571428,45.708184116612095,0.5735764363510464,-0.8191520442889916,1,18.0,0,12.740000000000002,201.66
2023-02-10,52.0,50.0,1.0,7.0,-5.5,-7.8,-1.4,4.1,10.8,7.5,84.0,1026.2,2,4,0.8660254037844386,0.5000000000000001,1,128.0,171.0,115.0,17.0,126.71428571428571,35.710475987280134,0.9945218953682733,0.10452846326765346,0,23.5,0,-10.5,135.02631578947367
2023-02-11,101.0,42.0,1.0,9.0,-8.2,-11.3,-4.6,0.0,11.8,7.6,136.0,1032.0,2,5,0.8660254037844386,0.5000000000000001,1,52.0,176.0,114.0,50.0,117.71428571428571,45.697243847283744,0.6946583704589971,-0.7193398003386513,1,26.2,0,-34.959999999999994,134.02597402597405
2023-02-12,75.0,54.0,1.0,7.0,-5.8,-7.9,-4.5,0.0,10.5,5.3,43.0,1038.4,2,6,0.8660254037844386,0.5000000000000001,1,101.0,128.0,76.0,42.0,115.85714285714286,46.135411458837204,0.6819983600624985,0.7313537016191706,0,23.8,0,-23.849999999999998,192.29629629629633
2023-02-13,96.0,86.0,1.0,14.0,-7.4,-13.0,-3.8,0.0,21.7,8.7,9.0,1029.1,2,0,0.8660254037844386,0.5000000000000001,1,75.0,52.0,107.0,54.0,115.71428571428571,46.280716955388435,0.15643446504023087,0.9876883405951378,0,25.4,0,-33.059999999999995,116.94318181818181
2023-02-14,150.0,72.0,1.0,13.0,-6.0,-12.0,-0.3,0.0,12.6,7.8,42.0,1027.7,2,1,0.8660254037844386,0.5000000000000001,1,96.0,101.0,171.0,86.0,114.14285714285714,46.80964491579565,0.6691306063588582,0.7431448254773942,0,24.0,0,-2.34,130.08860759493672
2023-02-15,129.0,93.0,1.0,9.0,-2.5,-7.5,1.9,0.0,8.7,5.0,359.0,1025.7,2,2,0.8660254037844386,0.5000000000000001,1,150.0,75.0,176.0,72.0,111.14285714285714,43.082976419264185,-0.01745240643728445,0.9998476951563913,0,20.5,0,9.5,201.11764705882356
2023-02-16,152.0,129.0,1.0,13.0,-4.3,-7.4,-0.7,1.1,16.0,8.2,12.0,1024.3,2,3,0.8660254037844386,0.5000000000000001,1,129.0,96.0,128.0,93.0,104.42857142857143,33.994397297482195,0.20791169081775931,0.9781476007338057,0,22.3,0,-5.739999999999999,123.40963855421687
2023-02-17,174.0,62.0,1.0,6.0,-2.5,-5.9,0.1,0.0,10.9,7.0,351.0,1024.8,2,4,0.8660254037844386,0.5000000000000001,1,152.0,150.0,52.0,129.0,107.85714285714286,37.768719735731146,-0.1564344650402311,0.9876883405951377,0,20.5,0,0.7000000000000001,144.33802816901408
2023-02-18,81.0,60.64,1.0,9.0,-0.3,-1.3,1.0,9.1,6.9,4.1,90.0,1030.1,2,5,0.8660254037844386,0.5000000000000001,1,174.0,129.0,101.0,62.0,125.28571428571429,35.79438636487727,1.0,6.123233995736766e-17,0,18.3,0,4.1,245.2619047619048
2023-02-19,137.0,59.29,1.0,21.0,-1.3,-4.0,-0.2,0.0,9.8,5.3,43.0,1028.2,2,6,0.8660254037844386,0.5000000000000001,1,81.0,152.0,75.0,60.64,122.42857142857143,38.733521842013424,0.6819983600624985,0.7313537016191706,0,19.3,0,-1.06,190.40740740740745
2023-02-20,170.0,57.93,1.0,19.0,0.7,-1.7,3.3,0.0,9.2,5.3,39.0,1023.2,2,0,0.8660254037844386,0.5000000000000001,1,137.0,174.0,96.0,59.29,131.28571428571428,32.699206339575156,0.6293203910498374,0.7771459614569709,0,17.3,0,17.49,189.4814814814815
2023-02-21,46.9,67.39,161.28,1380.75,2.6,-3.0,6.3,0.1,8.3,5.81,71.0,1023.19,2,1,0.8660254037844386,0.5000000000000001,1,170.0,81.0,150.0,57.93,141.85714285714286,31.323199982487,0.9455185755993167,0.32556815445715676,0,15.4,0,36.602999999999994,173.12859560067685
2023-02-22,47.19,69.79,145.28,1284.46,4.6,-2.7,10.6,0.0,11.5,8.05,66.0,1023.19,2,2,0.8660254037844386,0.5000000000000001,1,46.9,137.0,129.0,67.39,127.12857142857142,47.114920293742735,0.9135454576426009,0.4067366430758002,0,13.4,0,85.33,125.54478527607363
2023-02-23,36.67,58.09,113.48,957.0,6.0,-0.9,12.1,0.0,11.8,8.26,28.0,1023.18,2,3,0.8660254037844386,0.5000000000000001,1,47.19,170.0,152.0,69.79,115.44142857142857,55.900867741795665,0.4694715627858908,0.882947592858927,0,12.0,0,99.946,122.38995215311006
2023-02-24,47.82,74.11,133.35,1245.83,7.6,0.9,12.7,0.0,9.3,6.51,55.0,1023.18,2,4,0.8660254037844386,0.5000000000000001,1,36.67,46.9,174.0,58.09,98.96571428571428,60.163259513079176,0.8191520442889918,0.573576436351046,0,10.4,0,82.67699999999999,154.79273827534038
2023-02-25,32.43,59.87,85.09,914.96,1.7,-3.5,8.4,13.1,17.7,12.39,299.0,1023.17,2,5,0.8660254037844386,0.5000000000000001,1,47.82,47.19,81.0,74.11,80.94000000000001,52.32743416857627,-0.8746197071393961,0.4848096202463365,0,16.3,0,104.07600000000001,81.9191353082466
2023-02-26,32.89,47.08,141.4,989.21,-5.6,-11.2,-1.7,0.2,15.3,10.71,16.0,1023.17,2,6,0.8660254037844386,0.5000000000000001,1,32.43,36.67,137.0,59.87,74.00142857142858,55.445427051763225,0.27563735581699916,0.9612616959383189,0,23.6,0,-18.207,94.65032377428307
2023-02-27,45.67,66.6,179.82,1361.33,-3.6,-11.2,2.0,0.0,13.7,9.59,351.0,1023.16,2,0,0.8660254037844386,0.5000000000000001,1,32.89,47.82,170.0,47.08,59.128571428571426,49.35937716671201,-0.1564344650402311,0.9876883405951377,0,21.6,0,19.18,105.58926728586172
2023-02-28,46.62,67.59,165.4,1215.29,1.4,-4.4,8.1,0.0,6.3,4.41,93.0,1023.16,2,1,0.8660254037844386,0.5000000000000001,1,45.67,32.43,46.9,66.6,41.36714285714286,7.053010502109922,0.9986295347545738,-0.05233595624294362,0,16.6,0,35.721,226.86474501108648
2023-03-01,44.49,68.76,137.12,1069.04,6.5,-4.3,11.7,0.0,7.3,5.11,77.0,1023.15,3,2,1.0,6.123233995736766e-17,1,46.62,32.89,47.19,67.59,41.32714285714285,7.017104612507416,0.9743700647852352,0.22495105434386492,0,11.5,0,59.787,196.38195777351248
2023-03-02,40.34,62.65,100.98,1015.21,8.2,4.9,12.4,0.0,7.7,5.39,66.0,1023.15,3,3,1.0,6.123233995736766e-17,1,44.49,45.67,36.67,68.76,40.94142857142857,6.7085478522352355,0.9135454576426009,0.4067366430758002,0,9.8,0,66.836,186.36612021857925
2023-03-03,44.75,74.22,96.72,1064.17,9.8,2.3,17.9,0.0,12.2,8.54,91.0,1023.14,3,4,1.0,6.123233995736766e-17,1,40.34,46.62,47.82,62.65,41.465714285714284,6.457814019060755,0.9998476951563913,-0.017452406437283477,0,8.2,0,152.86599999999999,118.4189814814815
2023-03-04,46.15,86.07,100.33,1021.54,5.1,0.4,10.1,0.0,10.5,7.35,40.0,1023.14,3,5,1.0,6.123233995736766e-17,1,44.75,44.49,32.43,74.22,41.027142857142856,6.045429993767153,0.6427876096865393,0.766044443118978,0,12.9,0,74.235,137.33422818791945
2023-03-05,43.6,67.41,82.79,1228.83,9.4,3.0,17.9,0.0,13.0,9.1,116.0,1023.13,3,6,1.0,6.123233995736766e-17,1,46.15,40.34,32.89,86.07,42.987142857142864,4.911295532702092,0.8987940462991669,-0.4383711467890775,0,8.6,0,162.89,111.20978260869566
2023-03-06,36.45,57.87,75.14,1081.92,8.8,5.0,12.9,1.9,11.2,7.84,60.0,1023.13,3,0,1.0,6.123233995736766e-17,1,43.6,44.75,45.67,67.41,44.51714285714286,2.1119478709332586,0.8660254037844386,0.5000000000000001,0,9.2,0,101.136,128.85768261964736
2023-03-07,25.39,40.33,66.71,952.88,10.4,4.3,18.7,0.0,11.3,7.91,107.0,1023.12,3,1,1.0,6.123233995736766e-17,1,36.45,46.15,46.62,57.87,43.2,3.614037446773675,0.9563047559630355,-0.29237170472273666,0,7.6,0,147.917,127.73033707865169
2023-03-08,22.71,36.42,53.12,852.42,10.7,4.7,19.5,12.9,18.0,12.6,20.0,1023.12,3,2,1.0,6.123233995736766e-17,1,25.39,43.6,44.49,40.33,40.167142857142856,7.2970284232377445,0.3420201433256687,0.9396926207859084,0,7.300000000000001,0,245.7,80.56062992125985
2023-03-09,22.25,32.23,92.87,735.96,3.8,1.1,6.4,1.5,10.2,7.14,26.0,1023.11,3,3,1.0,6.123233995736766e-17,1,22.71,36.45,40.34,36.42,37.05571428571428,9.467290807729048,0.4383711467890774,0.898794046299167,0,14.2,0,45.696,141.31353591160223
2023-03-10,32.98,50.68,83.1,1095.04,6.5,-1.2,13.1,0.0,8.4,5.88,19.0,1023.11,3,4,1.0,6.123233995736766e-17,1,22.25,25.39,44.75,32.23,34.471428571428575,10.796994070221427,0.32556815445715664,0.9455185755993168,0,11.5,0,77.02799999999999,171.08862876254182
2023-03-11,37.27,63.3,125.73,821.54,12.5,3.7,20.2,0.0,14.2,9.94,60.0,1023.1,3,5,1.0,6.123233995736766e-17,1,32.98,22.71,46.15,50.68,32.79,9.799960884276478,0.8660254037844386,0.5000000000000001,0,5.5,0,200.78799999999998,101.90239043824702
2023-03-12,32.05,70.83,128.09,489.42,10.8,7.6,15.1,13.5,14.6,10.22,272.0,1023.1,3,6,1.0,6.123233995736766e-17,1,37.27,22.25,43.6,63.3,31.52142857142857,8.231558031081558,-0.9993908270190958,0.03489949670250128,0,7.199999999999999,0,154.322,99.1375968992248
2023-03-13,15.92,23.12,149.27,399.71,5.6,1.4,8.4,14.6,10.9,7.63,309.0,1023.09,3,0,1.0,6.123233995736766e-17,1,32.05,32.98,36.45,70.83,29.87142857142857,6.349295048984828,-0.7771459614569708,0.6293203910498375,0,12.4,0,64.092,132.35316946959898
2023-03-14,38.12,55.35,234.21,670.79,5.6,0.9,10.7,0.0,9.5,6.65,25.0,1023.09,3,1,1.0,6.123233995736766e-17,1,15.92,37.27,25.39,23.12,26.93857142857143,7.450217957822657,0.42261826174069944,0.9063077870366499,0,12.4,0,71.155,151.5688888888889
2023-03-15,18.22,27.12,125.41,387.88,8.9,0.9,16.0,1.1,10.9,7.63,274.0,1023.08,3,2,1.0,6.123233995736766e-17,1,38.12,32.05,22.71,55.35,28.757142857142856,8.490291935079307,-0.9975640502598243,0.06975647374412522,0,9.1,0,122.08,132.35187580853818
2023-03-16,22.3,33.0,169.34,530.0,4.3,1.6,7.2,4.8,10.0,7.0,360.0,1023.08,3,3,1.0,6.123233995736766e-17,1,18.22,15.92,22.25,27.12,28.115714285714283,9.166003958729462,-2.4492935982947064e-16,1.0,0,13.7,0,50.4,144.09577464788734
2023-03-17,32.74,47.23,128.26,1182.42,3.7,0.3,7.8,0.0,10.1,7.07,9.0,1023.07,3,4,1.0,6.123233995736766e-17,1,22.3,38.12,32.98,33.0,28.122857142857146,9.160689046656884,0.15643446504023087,0.9876883405951378,0,14.3,0,55.146,142.68758716875874
2023-03-18,22.86,32.92,107.44,812.21,-2.2,-3.8,-0.3,0.0,6.6,4.62,348.0,1023.07,3,5,1.0,6.123233995736766e-17,1,32.74,18.22,37.27,47.23,28.08857142857143,9.139905959712964,-0.20791169081775987,0.9781476007338056,0,20.2,0,-1.386,216.75211864406782
2023-03-19,36.7,52.51,151.74,1105.54,1.7,-4.2,8.0,0.0,13.7,9.59,12.0,1023.06,3,6,1.0,6.123233995736766e-17,1,22.86,22.3,32.05,32.92,26.03,8.312667040929096,0.20791169081775931,0.9781476007338057,0,16.3,0,76.72,105.57894736842105
2023-03-20,41.4,59.4,159.91,1238.88,1.2,-4.8,6.9,0.0,10.4,7.28,339.0,1023.06,3,0,1.0,6.123233995736766e-17,1,36.7,32.74,15.92,52.51,26.694285714285716,9.028862713807177,-0.35836794954530077,0.9335804264972015,0,16.8,0,50.232000000000006,138.6260162601626
2023-03-21,50.07,73.26,218.74,1234.17,1.8,-5.6,7.9,0.0,17.4,12.18,1.0,1023.05,3,1,1.0,6.123233995736766e-17,1,41.4,22.86,38.12,59.4,30.334285714285716,9.097140314669085,0.01745240643728351,0.9998476951563913,0,16.2,0,96.22200000000001,83.31026058631922
2023-03-22,43.12,63.38,307.98,786.08,4.8,-1.2,10.1,0.1,12.1,8.47,304.0,1023.05,3,2,1.0,6.123233995736766e-17,1,50.07,36.7,18.22,73.26,32.041428571428575,11.583238505950309,-0.8290375725550421,0.5591929034707462,0,13.2,0,85.547,119.3757292882147
2023-03-23,43.4,63.2,242.7,627.42,8.1,2.3,13.4,0.0,11.3,7.91,6.0,1023.04,3,3,1.0,6.123233995736766e-17,1,43.12,41.4,22.3,63.38,35.598571428571425,10.39357562563192,0.10452846326765346,0.9945218953682733,0,9.9,0,105.994,127.72034956304618
2023-03-24,39.25,57.88,190.58,536.62,9.1,4.8,13.1,0.0,8.3,5.81,339.0,1023.04,3,4,1.0,6.123233995736766e-17,1,43.4,50.07,32.74,63.2,38.61285714285714,8.837112488979239,-0.35836794954530077,0.9335804264972015,0,8.9,0,76.11099999999999,173.10321489001694
2023-03-25,44.57,67.28,211.1,628.79,10.1,5.1,14.6,0.0,6.9,4.83,1.0,1023.03,3,5,1.0,6.123233995736766e-17,1,39.25,43.12,22.86,57.88,39.54285714285714,8.45013355769439,0.01745240643728351,0.9998476951563913,0,7.9,0,70.518,207.5111561866126
2023-03-26,38.24,61.65,137.66,474.62,13.2,8.9,18.6,0.0,12.0,8.4,237.0,1023.03,3,6,1.0,6.123233995736766e-17,1,44.57,43.4,36.7,67.28,42.644285714285715,4.243641742431964,-0.8386705679454242,-0.544639035015027,0,4.800000000000001,0,156.24,120.35647058823528
2023-03-27,39.47,58.55,166.45,502.88,12.0,7.2,15.7,0.0,9.4,6.58,11.0,1023.02,3,0,1.0,6.123233995736766e-17,1,38.24,39.25,41.4,61.65,42.864285714285714,3.9109967064817384,0.1908089953765448,0.981627183447664,0,6.0,0,103.306,153.14670658682635
2023-03-28,42.82,66.92,172.04,547.17,11.8,5.8,16.9,0.0,10.5,7.35,10.0,1023.02,3,1,1.0,6.123233995736766e-17,1,39.47,44.57,50.07,58.55,42.58857142857143,4.095124860008958,0.17364817766693033,0.984807753012208,0,6.199999999999999,0,124.21499999999999,137.31812080536912
2023-03-29,32.08,49.73,56.24,311.21,14.9,10.1,21.0,0.0,7.1,4.97,233.0,1023.01,3,2,1.0,6.123233995736766e-17,1,42.82,38.24,43.12,66.92,41.55285714285714,2.4897504177874707,-0.7986355100472928,-0.6018150231520483,0,3.0999999999999996,0,104.36999999999999,201.7771203155819
2023-03-30,38.58,60.89,181.63,465.58,12.3,9.9,15.6,10.5,11.2,7.84,89.0,1023.01,3,3,1.0,6.123233995736766e-17,1,32.08,39.47,43.4,49.73,39.97571428571428,4.224148265798004,0.9998476951563913,0.017452406437283376,0,5.699999999999999,0,122.304,128.84256926952142
2023-03-31,65.0,5.0,1.0,6.0,6.8,-0.6,11.1,10.6,14.8,7.9,294.0,1023.0,3,4,1.0,6.123233995736766e-17,1,38.58,42.82,39.25,60.89,39.287142857142854,3.957354816398555,-0.9135454576426008,0.40673664307580054,0,11.2,0,87.69,127.875
2023-04-01,72.0,17.5,1.0,4.0,1.6,-5.1,7.4,0.0,12.5,6.8,287.0,1025.6,4,5,0.8660254037844387,-0.4999999999999998,1,65.0,32.08,44.57,5.0,42.965714285714284,10.491189727803881,-0.9563047559630354,0.2923717047227367,0,16.4,0,50.32,148.63768115942028
2023-04-02,85.0,30.0,1.0,7.0,2.0,-4.7,8.9,0.0,14.3,7.5,286.0,1021.5,4,6,0.8660254037844387,-0.4999999999999998,1,72.0,38.58,38.24,17.5,46.88428571428572,15.23876619802637,-0.9612616959383188,0.2756373558169994,0,16.0,0,66.75,134.4078947368421
2023-04-03,93.0,42.5,1.0,6.0,5.2,-3.6,11.6,0.0,14.0,7.7,339.0,1019.4,4,0,0.8660254037844387,-0.4999999999999998,1,85.0,65.0,39.47,30.0,53.56428571428571,20.2445349474398,-0.35836794954530077,0.9335804264972015,0,12.8,0,89.32,130.6923076923077
2023-04-04,85.0,55.0,1.0,7.0,8.3,-0.8,15.4,0.0,13.5,6.4,310.0,1016.0,4,1,0.8660254037844387,-0.4999999999999998,1,93.0,72.0,42.82,42.5,61.21142857142858,23.82653382860651,-0.7660444431189781,0.6427876096865393,0,9.7,0,98.56,156.30769230769232
2023-04-05,80.0,45.0,1.0,4.0,12.6,7.5,16.2,0.0,8.2,4.6,43.0,1015.5,4,2,0.8660254037844387,-0.4999999999999998,1,85.0,85.0,32.08,55.0,67.23714285714286,23.73362292493233,0.6819983600624985,0.7313537016191706,0,5.4,0,74.52,216.06382978723408
2023-04-06,81.0,33.0,1.0,7.0,11.5,6.3,17.0,1.4,15.8,6.3,222.0,1013.4,4,3,0.8660254037844387,-0.4999999999999998,1,80.0,93.0,38.58,45.0,74.08285714285714,18.159149864724956,-0.6691306063588582,-0.7431448254773942,1,6.5,0,107.1,158.34375
2023-04-07,71.0,23.0,1.0,5.0,11.4,4.7,20.9,9.3,28.4,9.0,71.0,1013.2,4,4,0.8660254037844387,-0.4999999999999998,1,81.0,85.0,65.0,33.0,80.14285714285714,9.209208641872582,0.9455185755993167,0.32556815445715676,0,6.6,0,188.1,111.34065934065934
2023-04-08,46.0,15.0,1.0,3.0,11.3,5.0,16.5,2.2,9.4,5.1,38.0,1019.3,4,5,0.8660254037844387,-0.4999999999999998,1,71.0,80.0,72.0,23.0,81.0,7.724420150838737,0.6156614753256582,0.788010753606722,0,6.699999999999999,0,84.14999999999999,196.0192307692308
2023-04-09,43.0,35.0,1.0,6.0,11.5,8.2,15.9,8.5,18.7,7.9,232.0,1019.6,4,6,0.8660254037844387,-0.4999999999999998,1,46.0,81.0,85.0,15.0,77.28571428571429,15.304838948453918,-0.7880107536067221,-0.6156614753256581,0,6.5,0,125.61000000000001,127.45
2023-04-10,70.0,6.0,1.0,5.0,11.5,7.5,16.2,7.7,11.6,6.4,337.0,1014.9,4,0,0.8660254037844387,-0.4999999999999998,1,43.0,71.0,93.0,35.0,71.28571428571429,19.448344280120917,-0.3907311284892747,0.9205048534524399,0,6.5,0,103.68,156.13846153846154
2023-04-11,19.0,24.0,1.0,7.0,9.7,6.3,14.1,15.7,16.1,8.1,188.0,1021.5,4,1,0.8660254037844387,-0.4999999999999998,1,70.0,46.0,85.0,6.0,68.0,16.95090951345532,-0.13917310096006552,-0.9902680687415703,1,8.3,0,114.21,124.57317073170732
2023-04-12,39.0,35.0,1.0,9.0,9.1,5.8,13.2,2.4,8.2,5.2,93.0,1025.2,4,2,0.8660254037844387,-0.4999999999999998,1,19.0,43.0,80.0,24.0,58.57142857142857,23.143445024867496,0.9986295347545738,-0.05233595624294362,0,8.9,0,68.64,193.43396226415098
2023-04-13,51.0,42.0,1.0,13.0,12.0,4.3,17.6,0.0,13.0,6.1,14.0,1020.0,4,3,0.8660254037844387,-0.4999999999999998,1,39.0,70.0,81.0,35.0,52.714285714285715,21.97509412732465,0.24192189559966773,0.9702957262759965,0,6.0,0,107.36,164.51612903225808
2023-04-14,74.0,26.0,1.0,7.0,16.1,7.8,24.1,0.0,14.9,6.6,52.0,1009.7,4,4,0.8660254037844387,-0.4999999999999998,1,51.0,19.0,71.0,42.0,48.42857142857143,18.127852813255732,0.788010753606722,0.6156614753256583,0,1.8999999999999986,0,159.06,150.70149253731344
2023-04-15,52.0,17.0,1.0,5.0,14.5,11.1,19.8,9.6,16.6,6.4,187.0,1010.9,4,5,0.8660254037844387,-0.4999999999999998,1,74.0,39.0,46.0,26.0,48.857142857142854,18.774349269048095,-0.12186934340514774,-0.992546151641322,1,3.5,0,126.72000000000001,155.52307692307693
2023-04-16,37.0,20.0,1.0,3.0,13.5,9.6,18.1,0.6,12.4,7.5,21.0,1012.8,4,6,0.8660254037844387,-0.4999999999999998,1,52.0,51.0,43.0,17.0,49.714285714285715,18.759124763825685,0.35836794954530027,0.9335804264972017,0,4.5,0,135.75,133.26315789473682
2023-04-17,42.0,20.0,1.0,3.0,9.8,5.7,13.7,5.6,19.1,8.1,294.0,1015.4,4,0,0.8660254037844387,-0.4999999999999998,1,37.0,74.0,70.0,20.0,48.857142857142854,19.247758063634492,-0.9135454576426008,0.40673664307580054,0,8.2,0,110.96999999999998,123.82926829268294
2023-04-18,43.0,28.0,1.0,5.0,1.4,0.2,4.7,9.2,13.7,5.3,15.0,1033.8,4,1,0.8660254037844387,-0.4999999999999998,1,42.0,52.0,19.0,20.0,44.857142857142854,16.886173549471568,0.25881904510252074,0.9659258262890683,0,16.6,0,24.91,191.44444444444446
2023-04-19,43.0,45.0,1.0,5.0,3.7,-1.9,7.8,0.0,7.3,4.4,42.0,1031.3,4,2,0.8660254037844387,-0.4999999999999998,1,43.0,37.0,39.0,28.0,48.285714285714285,12.67167820659303,0.6691306063588582,0.7431448254773942,0,14.3,0,34.32,229.17777777777775
2023-04-20,72.0,19.0,1.0,5.0,6.3,2.5,10.5,0.0,6.1,3.4,274.0,1023.3,4,3,0.8660254037844387,-0.4999999999999998,1,43.0,42.0,51.0,45.0,48.857142857142854,12.266873704257604,-0.9975640502598243,0.06975647374412522,0,11.7,0,35.699999999999996,292.37142857142857
2023-04-21,52.0,25.0,1.0,5.0,5.0,-1.2,10.0,0.0,10.9,7.3,289.0,1021.3,4,4,0.8660254037844387,-0.4999999999999998,1,72.0,43.0,74.0,19.0,51.857142857142854,15.115428888265356,-0.945518575599317,0.3255681544571563,0,13.0,0,73.0,138.01351351351352
2023-04-22,46.0,40.0,1.0,7.0,6.5,2.3,11.9,0.0,11.5,7.1,8.0,1024.3,4,5,0.8660254037844387,-0.4999999999999998,1,52.0,43.0,52.0,25.0,48.714285714285715,11.629191512659485,0.13917310096006544,0.9902680687415704,0,11.5,0,84.49,142.26388888888889
2023-04-23,68.0,19.0,1.0,7.0,12.7,5.9,18.5,0.0,10.9,5.8,8.0,1018.4,4,6,0.8660254037844387,-0.4999999999999998,1,46.0,72.0,37.0,40.0,47.857142857142854,11.5676066586628,0.13917310096006544,0.9902680687415704,0,5.300000000000001,0,107.3,172.61016949152545
2023-04-24,38.0,16.0,1.0,5.0,15.8,8.9,23.0,0.5,11.0,7.4,153.0,1016.3,4,0,0.8660254037844387,-0.4999999999999998,1,68.0,52.0,42.0,19.0,52.285714285714285,12.605743211123187,0.45399049973954686,-0.8910065241883678,1,2.1999999999999993,0,170.20000000000002,135.50666666666666
2023-04-25,40.0,26.0,1.0,4.0,12.7,9.1,16.9,6.5,10.8,4.8,258.0,1023.1,4,1,0.8660254037844387,-0.4999999999999998,1,38.0,46.0,43.0,16.0,51.714285714285715,13.22515640379267,-0.9781476007338056,-0.2079116908177598,0,5.300000000000001,0,81.11999999999999,208.79591836734699
2023-04-26,46.0,35.0,1.0,5.0,11.9,5.1,16.8,0.0,10.5,6.3,237.0,1022.5,4,2,0.8660254037844387,-0.4999999999999998,1,40.0,68.0,43.0,26.0,51.285714285714285,13.597969036028072,-0.8386705679454242,-0.544639035015027,0,6.1,0,105.84,159.765625
2023-04-27,57.0,42.0,1.0,8.0,14.2,7.0,21.8,0.0,9.9,5.7,42.0,1017.3,4,3,0.8660254037844387,-0.4999999999999998,1,46.0,38.0,72.0,35.0,51.714285714285715,13.338094388059273,0.6691306063588582,0.7431448254773942,0,3.8000000000000007,0,124.26,175.39655172413794
2023-04-28,78.0,33.0,1.0,5.0,16.5,8.5,24.4,0.0,12.4,6.7,79.0,1011.8,4,4,0.8660254037844387,-0.4999999999999998,1,57.0,40.0,52.0,42.0,49.57142857142857,10.422046229942746,0.981627183447664,0.19080899537654492,0,1.5,0,163.48,148.7941176470588
2023-04-29,77.0,16.0,1.0,3.0,17.5,12.1,24.6,0.9,22.1,8.0,180.0,1010.6,4,5,0.8660254037844387,-0.4999999999999998,1,78.0,46.0,46.0,33.0,53.285714285714285,15.041213223610379,1.2246467991473532e-16,-1.0,1,0.5,0,196.8,124.76543209876544
2023-04-30,52.0,21.0,1.0,1.0,17.1,11.2,22.5,3.9,21.0,8.4,192.0,1010.1,4,6,0.8660254037844387,-0.4999999999999998,1,77.0,57.0,68.0,16.0,57.714285714285715,16.977576247453936,-0.20791169081775907,-0.9781476007338057,1,0.8999999999999986,0,189.0,118.83529411764707
2023-05-01,39.0,26.0,1.0,4.0,14.3,9.0,17.8,12.8,14.8,8.1,196.0,1012.5,5,0,0.49999999999999994,-0.8660254037844387,0,52.0,78.0,38.0,21.0,55.42857142857143,16.43022765978602,-0.275637355816999,-0.9612616959383189,1,3.6999999999999993,0,144.18,123.47560975609757
2023-05-02,49.0,23.0,1.0,2.0,9.7,5.7,13.8,1.9,9.1,5.4,318.0,1018.4,5,1,0.49999999999999994,-0.8660254037844387,0,39.0,77.0,40.0,26.0,55.57142857142857,16.256866681059144,-0.6691306063588581,0.7431448254773942,0,8.3,0,74.52000000000001,185.16363636363636
2023-05-03,46.0,12.0,1.0,3.0,5.7,1.5,10.5,0.0,13.0,7.9,329.0,1026.0,5,2,0.49999999999999994,-0.8660254037844387,0,49.0,52.0,46.0,23.0,56.857142857142854,15.137465347371531,-0.5150380749100545,0.8571673007021121,0,12.3,0,82.95,128.25
2023-05-04,35.0,10.0,1.0,3.0,5.0,0.4,10.2,0.0,7.4,3.8,170.0,1027.9,5,3,0.49999999999999994,-0.8660254037844387,0,46.0,39.0,57.0,12.0,56.857142857142854,15.137465347371531,0.17364817766693028,-0.984807753012208,1,13.0,0,38.76,263.5641025641026
2023-05-05,41.0,17.0,1.0,3.0,6.9,-0.2,12.2,0.0,11.3,7.2,28.0,1029.2,5,4,0.49999999999999994,-0.8660254037844387,0,35.0,49.0,78.0,10.0,53.714285714285715,17.240594399211172,0.4694715627858908,0.882947592858927,0,11.1,0,87.84,140.986301369863
2023-05-06,41.0,24.0,1.0,4.0,10.0,3.9,16.1,0.0,16.6,9.1,46.0,1020.2,5,5,0.49999999999999994,-0.8660254037844387,0,41.0,46.0,77.0,17.0,48.42857142857143,13.90272326868841,0.7193398003386511,0.6946583704589974,0,8.0,0,146.51000000000002,110.89130434782611
2023-05-07,51.0,21.0,1.0,3.0,10.8,4.6,17.0,0.0,11.2,5.5,138.0,1018.7,5,6,0.49999999999999994,-0.8660254037844387,0,41.0,35.0,52.0,24.0,43.285714285714285,5.964178784329315,0.6691306063588583,-0.7431448254773941,1,7.199999999999999,0,93.5,181.9107142857143
2023-05-08,58.0,25.0,1.0,5.0,13.8,6.2,20.7,0.0,10.7,5.7,169.0,1018.8,5,0,0.49999999999999994,-0.8660254037844387,0,51.0,41.0,39.0,21.0,43.142857142857146,5.727959829602432,0.19080899537654497,-0.981627183447664,1,4.199999999999999,0,117.99,175.6551724137931
2023-05-09,62.0,24.0,1.0,7.0,15.6,7.7,22.6,0.0,10.5,7.3,102.0,1020.0,5,1,0.49999999999999994,-0.8660254037844387,0,58.0,41.0,49.0,25.0,45.857142857142854,7.625146368619602,0.9781476007338057,-0.20791169081775912,0,2.4000000000000004,0,164.98000000000002,137.83783783783784
2023-05-10,50.0,21.0,1.0,6.0,17.6,10.6,25.2,0.0,13.0,7.6,81.0,1018.1,5,2,0.49999999999999994,-0.8660254037844387,0,62.0,51.0,46.0,24.0,47.714285714285715,9.79309766645762,0.9876883405951378,0.15643446504023092,0,0.3999999999999986,0,191.51999999999998,132.22077922077924
2023-05-11,53.0,11.0,1.0,6.0,19.9,11.9,27.1,0.0,10.7,7.2,93.0,1012.7,5,3,0.49999999999999994,-0.8660254037844387,0,50.0,58.0,35.0,21.0,48.285714285714285,9.793097666457621,0.9986295347545738,-0.05233595624294362,0,0.0,0,195.12,138.72602739726028
2023-05-12,55.0,15.0,1.0,6.0,20.7,17.2,24.7,0.1,10.6,5.9,203.0,1013.7,5,4,0.49999999999999994,-0.8660254037844387,0,53.0,62.0,41.0,11.0,50.857142857142854,7.904188160475846,-0.39073112848927355,-0.9205048534524404,1,0.0,0,145.73000000000002,168.95
2023-05-13,49.0,16.0,1.0,4.0,19.6,14.0,24.3,0.0,14.5,5.6,202.0,1014.4,5,5,0.49999999999999994,-0.8660254037844387,0,55.0,50.0,41.0,15.0,52.857142857142854,6.669047194030551,-0.374606593415912,-0.9271838545667874,1,0.0,0,136.07999999999998,177.96491228070178
2023-05-14,34.0,22.0,1.0,6.0,18.8,13.0,24.2,5.0,20.9,8.8,195.0,1011.5,5,6,0.49999999999999994,-0.8660254037844387,0,49.0,53.0,51.0,16.0,54.0,4.6904157598251786,-0.25881904510252035,-0.9659258262890684,1,0.0,0,212.96,113.65168539325842
2023-05-15,45.0,33.0,1.0,7.0,19.3,13.3,24.0,0.0,8.0,4.4,24.0,1010.1,5,0,0.49999999999999994,-0.8660254037844387,0,34.0,55.0,58.0,22.0,51.57142857142857,8.96022958889617,0.40673664307580015,0.9135454576426009,0,0.0,0,105.60000000000001,224.46666666666667
2023-05-16,59.0,28.0,1.0,6.0,18.8,12.9,24.3,0.0,9.7,5.2,298.0,1010.2,5,1,0.49999999999999994,-0.8660254037844387,0,45.0,49.0,62.0,33.0,49.714285714285715,8.750510189208654,-0.8829475928589271,0.4694715627858904,0,0.0,0,126.36000000000001,190.6037735849057
2023-05-17,55.0,22.0,1.0,6.0,22.0,15.6,27.9,0.0,13.0,7.2,57.0,1010.1,5,2,0.49999999999999994,-0.8660254037844387,0,59.0,34.0,50.0,28.0,49.285714285714285,8.097618697582915,0.8386705679454239,0.5446390350150272,0,0.0,0,200.88,138.36986301369862
2023-05-18,44.0,19.0,1.0,3.0,16.2,13.7,18.3,3.8,16.2,7.6,253.0,1014.7,5,3,0.49999999999999994,-0.8660254037844387,0,55.0,45.0,53.0,22.0,50.0,8.386497083607033,-0.9563047559630353,-0.2923717047227371,0,1.8000000000000007,0,139.08,131.7792207792208
2023-05-19,46.0,17.0,1.0,3.0,16.6,12.5,21.0,4.5,11.4,5.5,69.0,1015.8,5,4,0.49999999999999994,-0.8660254037844387,0,44.0,59.0,55.0,19.0,48.714285714285715,8.538428538365693,0.9335804264972017,0.3583679495453004,0,1.3999999999999986,0,115.5,181.39285714285714
2023-05-20,36.0,14.0,1.0,3.0,17.5,12.6,22.3,4.0,18.0,7.6,212.0,1014.3,5,5,0.49999999999999994,-0.8660254037844387,0,46.0,55.0,49.0,17.0,47.42857142857143,8.100558475751118,-0.5299192642332048,-0.8480480961564261,1,0.5,0,169.48,131.72727272727275
2023-05-21,35.0,18.0,1.0,4.0,17.5,11.8,21.6,0.6,14.1,7.6,182.0,1014.9,5,6,0.49999999999999994,-0.8660254037844387,0,36.0,44.0,34.0,14.0,45.57142857142857,9.107819769428708,-0.0348994967025009,-0.9993908270190958,1,0.5,0,164.16,131.80519480519482
2023-05-22,39.0,17.0,1.0,4.0,15.6,12.6,18.0,11.4,13.7,6.6,234.0,1016.6,5,0,0.49999999999999994,-0.8660254037844387,0,35.0,46.0,45.0,18.0,45.714285714285715,8.901578244227858,-0.8090169943749473,-0.5877852522924732,0,2.4000000000000004,0,118.8,151.7313432835821
2023-05-23,36.0,18.0,1.0,5.0,15.4,11.9,18.3,0.0,10.4,6.5,245.0,1017.1,5,1,0.49999999999999994,-0.8660254037844387,0,39.0,36.0,59.0,17.0,44.857142857142854,9.263343014783551,-0.9063077870366497,-0.42261826174069994,0,2.5999999999999996,0,118.95,154.10606060606062
2023-05-24,34.0,26.0,1.0,5.0,15.1,10.1,19.2,0.0,9.9,6.7,232.0,1017.6,5,2,0.49999999999999994,-0.8660254037844387,0,36.0,35.0,55.0,18.0,41.57142857142857,7.276838664722206,-0.7880107536067221,-0.6156614753256581,0,2.9000000000000004,0,128.64,149.64705882352942
2023-05-25,48.0,17.0,1.0,4.0,15.9,9.1,21.1,0.1,11.6,5.8,153.0,1016.6,5,3,0.49999999999999994,-0.8660254037844387,0,34.0,39.0,44.0,26.0,38.57142857142857,4.685336802450362,0.45399049973954686,-0.8910065241883678,1,2.0999999999999996,0,122.38000000000001,172.30508474576274
2023-05-26,45.0,13.0,1.0,2.0,16.2,9.3,22.3,0.0,12.7,6.3,193.0,1015.7,5,4,0.49999999999999994,-0.8660254037844387,0,48.0,36.0,46.0,17.0,39.142857142857146,5.610364558226618,-0.22495105434386498,-0.9743700647852352,1,1.8000000000000007,0,140.49,158.703125
2023-05-27,40.0,12.0,1.0,3.0,17.3,10.5,23.2,2.3,20.2,8.5,210.0,1013.7,5,5,0.49999999999999994,-0.8660254037844387,0,45.0,34.0,36.0,13.0,39.0,5.416025603092012,-0.5000000000000001,-0.8660254037844386,1,0.6999999999999993,0,197.2,117.87209302325581
2023-05-28,39.0,19.0,1.0,5.0,15.9,11.0,21.5,1.3,14.5,7.4,212.0,1016.6,5,6,0.49999999999999994,-0.8660254037844387,0,40.0,48.0,35.0,12.0,39.57142857142857,5.2553827281238545,-0.5299192642332048,-0.8480480961564261,1,2.0999999999999996,0,159.1,135.54666666666668
2023-05-29,45.0,19.0,1.0,5.0,14.5,8.8,19.4,1.3,6.6,4.2,338.0,1021.9,5,0,0.49999999999999994,-0.8660254037844387,0,39.0,45.0,39.0,19.0,40.142857142857146,4.8795003647441995,-0.37460659341591235,0.9271838545667873,0,3.5,0,81.48,237.65116279069767
2023-05-30,46.0,18.0,1.0,5.0,16.5,12.5,21.7,0.0,6.5,3.9,5.0,1020.1,5,1,0.49999999999999994,-0.8660254037844387,0,45.0,40.0,36.0,19.0,41.0,5.16397779494468,0.08715574274765817,0.9961946980917455,0,1.5,0,84.63,255.025
2023-05-31,43.0,13.0,1.0,4.0,18.6,12.0,23.9,0.0,7.5,4.2,169.0,1015.4,5,2,0.49999999999999994,-0.8660254037844387,0,46.0,39.0,34.0,18.0,42.42857142857143,4.928053803047352,0.19080899537654497,-0.981627183447664,1,0.0,0,100.38,236.13953488372093
2023-06-01,36.0,11.0,1.0,5.0,17.4,11.7,22.4,0.0,10.8,7.5,239.0,1013.3,6,3,1.2246467991473532e-16,-1.0,0,43.0,45.0,48.0,13.0,43.714285714285715,3.2513733362140806,-0.8571673007021121,-0.5150380749100544,0,0.6000000000000014,0,168.0,133.32894736842104
2023-06-02,33.0,16.0,1.0,6.0,19.0,12.5,24.9,0.0,8.5,6.4,209.0,1013.5,6,4,1.2246467991473532e-16,-1.0,0,36.0,46.0,45.0,11.0,42.0,3.7416573867759646,-0.48480962024633695,-0.8746197071393959,1,0.0,0,159.36,155.92307692307693
2023-06-03,38.0,15.0,1.0,6.0,19.7,13.5,25.5,1.6,21.1,6.6,143.0,1011.8,6,5,1.2246467991473532e-16,-1.0,0,33.0,43.0,40.0,16.0,40.285714285714285,4.750939756663258,0.6018150231520482,-0.7986355100472929,1,0.0,0,168.29999999999998,151.01492537313433
2023-06-04,39.0,17.0,1.0,6.0,21.9,15.8,28.0,0.0,20.2,8.2,114.0,1010.0,6,6,1.2246467991473532e-16,-1.0,0,38.0,36.0,39.0,15.0,40.0,4.830458915398026,0.913545457642601,-0.4067366430758001,0,0.0,0,229.59999999999997,121.68674698795182
2023-06-05,45.0,15.0,2.0,6.0,23.2,16.1,29.7,0.0,17.0,7.5,174.0,1009.0,6,0,1.2246467991473532e-16,-1.0,0,39.0,33.0,45.0,17.0,40.0,4.830458915398026,0.10452846326765373,-0.9945218953682733,1,0.0,0,222.75,132.76315789473682
2023-06-06,45.0,12.0,2.0,6.0,24.2,17.8,30.5,0.0,15.5,8.8,158.0,1009.4,6,1,1.2246467991473532e-16,-1.0,0,45.0,38.0,46.0,15.0,40.0,4.830458915398026,0.37460659341591224,-0.9271838545667873,1,0.0,0,268.40000000000003,113.41573033707864
2023-06-07,42.0,16.0,2.0,4.0,24.7,18.4,31.2,0.2,19.6,8.9,170.0,1010.7,6,2,1.2246467991473532e-16,-1.0,0,45.0,39.0,43.0,12.0,39.857142857142854,4.634241089564224,0.17364817766693028,-0.984807753012208,1,0.0,0,277.68,112.3
2023-06-08,37.0,20.0,2.0,6.0,25.6,16.9,33.5,0.0,12.1,7.7,136.0,1011.6,6,3,1.2246467991473532e-16,-1.0,0,42.0,45.0,36.0,16.0,39.714285714285715,4.535573676112371,0.6946583704589971,-0.7193398003386513,1,0.0,0,257.95,129.6923076923077
2023-06-09,46.0,29.0,1.0,5.0,26.3,18.6,34.2,0.0,11.6,7.7,101.0,1007.3,6,4,1.2246467991473532e-16,-1.0,0,37.0,45.0,33.0,20.0,39.857142857142854,4.4131837120388955,0.981627183447664,-0.1908089953765448,0,0.0,0,263.34000000000003,129.14102564102566
2023-06-10,56.0,29.0,1.0,3.0,26.1,21.0,30.5,0.0,16.9,8.0,201.0,1008.7,6,5,1.2246467991473532e-16,-1.0,0,46.0,42.0,38.0,29.0,41.714285714285715,3.7289089429452473,-0.35836794954530043,-0.9335804264972017,1,0.0,0,244.0,124.53086419753087
2023-06-11,52.0,31.0,1.0,4.0,23.3,18.2,27.3,3.6,13.1,7.0,248.0,1009.4,6,6,1.2246467991473532e-16,-1.0,0,56.0,37.0,39.0,29.0,44.285714285714285,6.156684327198961,-0.9271838545667873,-0.3746065934159123,0,0.0,0,191.1,142.16901408450704
2023-06-12,57.0,44.0,1.0,6.0,21.6,16.7,26.4,0.0,10.1,4.7,242.0,1009.8,6,0,1.2246467991473532e-16,-1.0,0,52.0,46.0,45.0,31.0,46.142857142857146,6.256425268703587,-0.882947592858927,-0.46947156278589075,0,0.0,0,124.08,210.375
2023-06-13,78.0,29.0,1.0,4.0,22.2,17.8,27.4,0.9,17.7,6.1,224.0,1006.3,6,1,1.2246467991473532e-16,-1.0,0,57.0,56.0,45.0,44.0,47.857142857142854,7.425823667639364,-0.6946583704589973,-0.7193398003386511,1,0.0,0,167.14,162.30645161290323
2023-06-14,50.0,30.0,1.0,3.0,24.6,19.1,29.9,0.0,11.6,5.1,211.0,1005.3,6,2,1.2246467991473532e-16,-1.0,0,78.0,52.0,42.0,29.0,52.57142857142857,13.38976154700787,-0.5150380749100542,-0.8571673007021123,1,0.0,0,152.48999999999998,193.3269230769231
2023-06-15,55.0,16.0,1.0,4.0,22.4,17.3,27.8,0.0,9.5,6.7,258.0,1006.5,6,3,1.2246467991473532e-16,-1.0,0,50.0,57.0,37.0,30.0,53.714285714285715,12.658518682614947,-0.9781476007338056,-0.2079116908177598,0,0.0,0,186.26000000000002,148.01470588235296
2023-06-16,34.0,23.0,1.0,4.0,21.8,13.8,28.8,0.0,8.9,5.0,323.0,1006.2,6,4,1.2246467991473532e-16,-1.0,0,55.0,78.0,46.0,16.0,56.285714285714285,10.30718658209465,-0.6018150231520483,0.7986355100472928,0,0.0,0,144.0,197.29411764705887
2023-06-17,56.0,19.0,1.0,4.0,23.7,17.3,29.9,0.0,9.2,5.1,289.0,1004.8,6,5,1.2246467991473532e-16,-1.0,0,34.0,50.0,56.0,23.0,54.57142857142857,12.959644321986522,-0.945518575599317,0.3255681544571563,0,0.0,0,152.48999999999998,193.23076923076925
2023-06-18,50.0,19.0,1.0,4.0,24.6,16.9,31.2,0.1,25.2,7.7,205.0,1002.6,6,6,1.2246467991473532e-16,-1.0,0,56.0,55.0,52.0,19.0,54.57142857142857,12.959644321986522,-0.4226182617406993,-0.90630778703665,1,0.0,0,240.24,128.53846153846155
2023-06-19,39.0,30.0,1.0,5.0,26.2,20.4,32.7,0.0,27.4,10.7,195.0,1000.3,6,0,1.2246467991473532e-16,-1.0,0,50.0,34.0,57.0,19.0,54.285714285714285,13.04753215125802,-0.25881904510252035,-0.9659258262890684,1,0.0,0,349.89,92.62037037037038
2023-06-20,46.0,22.0,1.0,5.0,23.9,19.8,28.9,3.4,19.1,7.1,78.0,1005.7,6,1,1.2246467991473532e-16,-1.0,0,39.0,56.0,78.0,30.0,51.714285714285715,14.150551057754303,0.9781476007338056,0.20791169081775945,0,0.0,0,205.18999999999997,139.68055555555557
2023-06-21,47.0,24.0,1.0,2.0,23.1,18.6,27.9,4.0,19.0,6.6,267.0,1007.4,6,2,1.2246467991473532e-16,-1.0,0,46.0,50.0,50.0,22.0,47.142857142857146,8.132825901423978,-0.9986295347545738,-0.052335956242944306,0,0.0,0,184.14,150.3582089552239
2023-06-22,43.0,31.0,1.0,5.0,21.8,17.5,25.9,0.0,10.9,6.2,263.0,1009.4,6,3,1.2246467991473532e-16,-1.0,0,47.0,39.0,55.0,24.0,46.714285714285715,8.035634920243957,-0.9925461516413221,-0.12186934340514717,0,0.0,0,160.57999999999998,160.2222222222222
2023-06-23,56.0,29.0,1.0,4.0,23.6,17.3,28.8,0.0,11.7,5.5,263.0,1009.9,6,4,1.2246467991473532e-16,-1.0,0,43.0,46.0,34.0,31.0,45.0,7.2111025509290405,-0.9925461516413221,-0.12186934340514717,0,0.0,0,158.4,180.33928571428572
2023-06-24,51.0,21.0,1.0,5.0,22.7,17.5,27.3,0.2,13.0,5.8,261.0,1011.9,6,5,1.2246467991473532e-16,-1.0,0,56.0,47.0,56.0,29.0,48.142857142857146,6.362090102804752,-0.9876883405951377,-0.15643446504023104,0,0.0,0,158.34,171.5084745762712
2023-06-25,46.0,12.0,1.0,2.0,21.3,17.4,26.0,4.3,19.0,5.5,322.0,1010.1,6,6,1.2246467991473532e-16,-1.0,0,51.0,43.0,50.0,21.0,47.42857142857143,5.563486402643272,-0.6156614753256588,0.7880107536067216,0,0.0,0,143.0,180.375
2023-06-26,23.0,22.0,1.0,5.0,22.5,16.9,27.9,0.2,9.5,5.1,37.0,1008.2,6,0,1.2246467991473532e-16,-1.0,0,46.0,56.0,39.0,12.0,46.857142857142854,5.459809869358031,0.6018150231520483,0.7986355100472928,0,0.0,0,142.29,193.88461538461544
2023-06-27,44.0,15.0,1.0,6.0,24.7,17.9,31.3,0.0,16.3,5.4,175.0,1002.7,6,1,1.2246467991473532e-16,-1.0,0,23.0,51.0,46.0,22.0,44.57142857142857,10.4060422008432,0.08715574274765864,-0.9961946980917455,1,0.0,0,169.02,182.3090909090909
2023-06-28,45.0,13.0,1.0,5.0,24.3,18.6,29.8,0.0,14.3,6.8,241.0,1006.3,6,2,1.2246467991473532e-16,-1.0,0,44.0,46.0,47.0,15.0,44.285714285714285,10.387721689801722,-0.8746197071393959,-0.48480962024633684,0,0.0,0,202.64,145.84057971014494
2023-06-29,33.0,17.0,1.0,5.0,21.2,16.7,26.2,0.0,8.8,5.3,324.0,1011.7,6,3,1.2246467991473532e-16,-1.0,0,45.0,23.0,43.0,13.0,44.0,10.327955589887182,-0.5877852522924734,0.8090169943749473,0,0.0,0,138.85999999999999,187.35185185185188
2023-06-30,34.0,15.0,1.0,4.0,20.9,16.7,25.7,0.0,8.9,5.0,238.0,1009.5,6,4,1.2246467991473532e-16,-1.0,0,33.0,44.0,56.0,17.0,42.57142857142857,11.148350294358773,-0.848048096156426,-0.529919264233205,0,0.0,0,128.5,197.94117647058826
2023-07-01,22.0,18.0,1.0,5.0,23.1,14.5,28.8,0.0,11.9,5.7,55.0,1009.5,7,5,-0.4999999999999997,-0.8660254037844388,0,34.0,45.0,51.0,15.0,39.42857142857143,9.74435123301678,0.8191520442889918,0.573576436351046,0,0.0,0,164.16,174.05172413793105
2023-07-02,33.0,27.0,1.0,5.0,26.1,19.0,32.4,0.0,11.3,5.7,18.0,1007.0,7,6,-0.4999999999999997,-0.8660254037844388,0,22.0,33.0,46.0,18.0,35.285714285714285,10.160614904527648,0.3090169943749474,0.9510565162951535,0,0.0,0,184.68,173.6206896551724
2023-07-03,45.0,22.0,1.0,4.0,26.4,21.3,31.4,0.2,21.1,6.5,224.0,1007.9,7,0,-0.4999999999999997,-0.8660254037844388,0,33.0,34.0,23.0,27.0,33.42857142857143,8.997354108425144,-0.6946583704589973,-0.7193398003386511,1,0.0,0,204.1,152.71212121212122
2023-07-04,42.0,12.0,1.0,4.0,25.5,18.4,31.9,0.0,21.2,7.3,206.0,1006.3,7,1,-0.4999999999999997,-0.8660254037844388,0,45.0,22.0,44.0,22.0,36.57142857142857,8.580154288767886,-0.43837114678907707,-0.8987940462991671,1,0.0,0,232.86999999999998,135.98648648648648
2023-07-05,31.0,20.0,1.0,4.0,22.3,18.8,26.9,2.6,17.9,6.4,189.0,1007.0,7,2,-0.4999999999999997,-0.8660254037844388,0,42.0,33.0,45.0,12.0,36.285714285714285,8.320943169984371,-0.15643446504023073,-0.9876883405951378,1,0.0,0,172.16,154.92307692307693
2023-07-06,36.0,16.0,1.0,5.0,21.7,17.6,25.7,0.1,13.7,4.6,220.0,1007.0,7,3,-0.4999999999999997,-0.8660254037844388,0,31.0,45.0,33.0,20.0,34.285714285714285,7.521398046337035,-0.6427876096865393,-0.766044443118978,1,0.0,0,118.21999999999998,214.2553191489362
2023-07-07,32.0,15.0,1.0,3.0,22.0,17.2,27.3,0.3,11.5,5.1,209.0,1009.2,7,4,-0.4999999999999997,-0.8660254037844388,0,36.0,42.0,34.0,16.0,34.714285714285715,7.5213980463370405,-0.48480962024633695,-0.8746197071393959,1,0.0,0,139.23,194.07692307692312
2023-07-08,21.0,19.0,1.0,5.0,21.2,17.2,24.5,1.2,9.4,4.6,243.0,1011.7,7,5,-0.4999999999999997,-0.8660254037844388,0,32.0,31.0,22.0,15.0,34.42857142857143,7.590721152766821,-0.8910065241883678,-0.4539904997395469,0,0.0,0,112.69999999999999,215.25531914893622
2023-07-09,51.0,21.0,1.0,4.0,21.7,17.4,25.5,0.1,8.4,4.4,244.0,1011.0,7,6,-0.4999999999999997,-0.8660254037844388,0,21.0,36.0,33.0,19.0,34.285714285714285,7.867957924695323,-0.8987940462991668,-0.43837114678907774,0,0.0,0,112.2,224.66666666666666
2023-07-10,35.0,18.0,1.0,3.0,22.6,16.5,28.1,0.0,12.1,4.2,168.0,1011.0,7,0,-0.4999999999999997,-0.8660254037844388,0,51.0,32.0,45.0,21.0,36.857142857142854,10.023781246426166,0.20791169081775931,-0.9781476007338057,1,0.0,0,118.02000000000001,235.11627906976744
2023-07-11,37.0,31.0,1.0,4.0,24.1,15.6,30.6,0.0,6.8,4.2,188.0,1011.9,7,1,-0.4999999999999997,-0.8660254037844388,0,35.0,21.0,42.0,18.0,35.42857142857143,9.360504666900274,-0.13917310096006552,-0.9902680687415703,1,0.0,0,128.52,235.32558139534882
2023-07-12,53.0,31.0,1.0,7.0,26.6,18.6,32.9,0.0,7.4,4.7,265.0,1010.6,7,2,-0.4999999999999997,-0.8660254037844388,0,37.0,51.0,31.0,31.0,34.714285714285715,8.95757194992646,-0.9961946980917455,-0.08715574274765825,0,0.0,0,154.63,210.54166666666669
2023-07-13,56.0,19.0,1.0,5.0,29.9,23.0,36.8,0.0,8.7,4.8,276.0,1006.8,7,3,-0.4999999999999997,-0.8660254037844388,0,53.0,35.0,36.0,31.0,37.857142857142854,11.05182596419577,-0.9945218953682734,0.10452846326765299,0,0.0,0,176.64,205.46938775510208
2023-07-14,37.0,17.0,1.0,2.0,31.3,22.4,38.6,0.0,19.3,7.1,212.0,1005.1,7,4,-0.4999999999999997,-0.8660254037844388,0,56.0,37.0,32.0,19.0,40.714285714285715,12.919162585275293,-0.5299192642332048,-0.8480480961564261,1,0.0,0,274.06,139.59722222222223
2023-07-15,38.0,18.0,1.0,4.0,28.2,23.9,32.6,0.0,10.2,6.1,230.0,1008.3,7,5,-0.4999999999999997,-0.8660254037844388,0,37.0,53.0,21.0,17.0,41.42857142857143,12.488089563756187,-0.7660444431189779,-0.6427876096865395,0,0.0,0,198.85999999999999,162.62903225806454
2023-07-16,38.0,18.0,1.0,4.0,27.1,21.8,32.3,0.0,5.7,3.5,204.0,1007.7,7,6,-0.4999999999999997,-0.8660254037844388,0,38.0,56.0,51.0,18.0,43.857142857142854,9.026416258748881,-0.4067366430757998,-0.9135454576426011,1,0.0,0,113.04999999999998,279.9166666666667
2023-07-17,37.0,19.0,1.0,6.0,28.8,22.1,34.2,0.0,11.4,5.3,221.0,1007.0,7,0,-0.4999999999999997,-0.8660254037844388,0,38.0,37.0,35.0,18.0,42.0,8.640987597878036,-0.6560590289905074,-0.7547095802227719,1,0.0,0,181.26000000000002,186.4814814814815
2023-07-18,41.0,24.0,1.0,6.0,29.2,20.7,36.7,0.0,9.8,5.8,228.0,1005.2,7,1,-0.4999999999999997,-0.8660254037844388,0,37.0,38.0,37.0,19.0,42.285714285714285,8.40068024456615,-0.743144825477394,-0.6691306063588585,0,0.0,0,212.86,170.37288135593224
2023-07-19,43.0,41.0,1.0,3.0,30.9,23.1,38.2,0.0,12.5,5.8,170.0,1004.3,7,2,-0.4999999999999997,-0.8660254037844388,0,41.0,38.0,53.0,24.0,42.857142857142854,8.112306935116504,0.17364817766693028,-0.984807753012208,1,0.0,0,221.56,170.22033898305085
2023-07-20,58.0,33.0,1.0,6.0,27.2,21.6,32.4,0.0,12.5,6.7,65.0,1009.8,7,3,-0.4999999999999997,-0.8660254037844388,0,43.0,37.0,56.0,41.0,41.42857142857143,6.803360514167211,0.9063077870366499,0.42261826174069944,0,0.0,0,217.07999999999998,148.5
2023-07-21,62.0,22.0,1.0,5.0,25.4,20.9,33.1,1.8,21.3,5.4,276.0,1010.1,7,4,-0.4999999999999997,-0.8660254037844388,0,58.0,41.0,37.0,33.0,41.714285714285715,7.521398046337121,-0.9945218953682734,0.10452846326765299,0,0.0,0,178.74,183.65454545454546
2023-07-22,38.0,20.0,1.0,3.0,26.9,18.7,33.9,0.0,8.4,5.6,87.0,1010.7,7,5,-0.4999999999999997,-0.8660254037844388,0,62.0,43.0,38.0,22.0,45.285714285714285,10.32334386579487,0.9986295347545738,0.052335956242943966,0,0.0,0,189.83999999999997,177.31578947368425
2023-07-23,44.0,20.0,1.0,5.0,28.4,21.1,34.8,0.0,9.5,5.5,255.0,1007.6,7,6,-0.4999999999999997,-0.8660254037844388,0,38.0,58.0,38.0,20.0,45.285714285714285,10.32334386579487,-0.9659258262890683,-0.25881904510252063,0,0.0,0,191.39999999999998,179.92857142857144
2023-07-24,32.0,21.0,1.0,4.0,28.3,20.0,35.6,0.0,9.4,4.5,32.0,1005.4,7,0,-0.4999999999999997,-0.8660254037844388,0,44.0,62.0,37.0,20.0,46.142857142857146,9.856107606092444,0.5299192642332049,0.848048096156426,0,0.0,0,160.20000000000002,218.56521739130437
2023-07-25,38.0,25.0,1.0,6.0,29.6,21.0,36.7,0.0,7.5,5.4,311.0,1003.7,7,1,-0.4999999999999997,-0.8660254037844388,0,32.0,38.0,41.0,21.0,45.42857142857143,10.768118728561502,-0.7547095802227722,0.656059028990507,0,0.0,0,198.18000000000004,182.4909090909091
2023-07-26,35.0,22.0,1.0,6.0,29.7,21.6,37.2,0.0,9.7,4.7,239.0,1004.2,7,2,-0.4999999999999997,-0.8660254037844388,0,38.0,44.0,43.0,25.0,45.0,11.03026140518359,-0.8571673007021121,-0.5150380749100544,0,0.0,0,174.84000000000003,209.20833333333334
2023-07-27,41.0,28.0,1.0,5.0,29.8,22.8,35.8,0.3,14.6,7.5,239.0,1002.9,7,3,-0.4999999999999997,-0.8660254037844388,0,35.0,32.0,58.0,22.0,43.857142857142854,11.668027131562255,-0.8571673007021121,-0.5150380749100544,0,0.0,0,268.5,131.96052631578945
2023-07-28,45.0,23.0,1.0,3.0,25.0,21.6,28.7,0.0,11.2,6.1,269.0,1007.1,7,4,-0.4999999999999997,-0.8660254037844388,0,41.0,38.0,62.0,28.0,41.42857142857143,9.863352081606417,-0.9998476951563913,-0.017452406437283498,0,0.0,0,175.07,162.43548387096777
2023-07-29,41.0,32.0,1.0,6.0,26.4,18.3,32.7,0.0,9.3,4.9,16.0,1005.2,7,5,-0.4999999999999997,-0.8660254037844388,0,45.0,35.0,38.0,23.0,39.0,4.690415759825021,0.27563735581699916,0.9612616959383189,0,0.0,0,160.23000000000002,201.04000000000002
2023-07-30,50.0,21.0,1.0,5.0,26.8,20.6,33.5,0.0,11.2,5.0,234.0,1004.4,7,6,-0.4999999999999997,-0.8660254037844388,0,41.0,41.0,44.0,32.0,39.42857142857143,4.7207747548182475,-0.8090169943749473,-0.5877852522924732,0,0.0,0,167.5,196.94117647058826
2023-07-31,37.0,22.0,1.0,6.0,27.1,20.5,33.0,0.1,16.0,6.7,222.0,1005.3,7,0,-0.4999999999999997,-0.8660254037844388,0,50.0,45.0,32.0,21.0,40.285714285714285,6.0474315681488875,-0.6691306063588582,-0.7431448254773942,1,0.0,0,221.1,147.83823529411765
2023-08-01,36.0,16.0,1.0,4.0,28.6,20.6,35.5,0.0,15.4,6.0,24.0,1004.0,8,1,-0.8660254037844385,-0.5000000000000004,0,37.0,41.0,38.0,22.0,41.0,5.131601439448371,0.40673664307580015,0.9135454576426009,0,0.0,0,213.0,164.59016393442624
2023-08-02,32.0,18.0,1.0,5.0,27.7,23.6,32.1,0.1,17.0,6.9,200.0,1005.4,8,2,-0.8660254037844385,-0.5000000000000004,0,36.0,50.0,35.0,16.0,40.714285714285715,5.376314900075806,-0.34202014332566866,-0.9396926207859084,1,0.0,0,221.49,143.6285714285714
2023-08-03,35.0,21.0,1.0,5.0,27.9,20.1,34.2,0.0,15.1,7.7,213.0,1004.8,8,3,-0.8660254037844385,-0.5000000000000004,0,32.0,37.0,41.0,18.0,40.285714285714285,5.99205823609693,-0.5446390350150271,-0.838670567945424,1,0.0,0,263.34000000000003,128.82051282051282
2023-08-04,39.0,21.0,1.0,4.0,28.7,21.3,35.5,0.0,9.9,5.5,353.0,1004.6,8,4,-0.8660254037844385,-0.5000000000000004,0,35.0,36.0,45.0,21.0,39.42857142857143,6.294366339756737,-0.12186934340514811,0.992546151641322,0,0.0,0,195.25,179.39285714285714
2023-08-05,37.0,15.0,1.0,4.0,29.7,21.6,36.6,0.0,10.0,6.2,232.0,1005.0,8,5,-0.8660254037844385,-0.5000000000000004,0,39.0,32.0,41.0,21.0,38.57142857142857,5.7981934789262155,-0.7880107536067221,-0.6156614753256581,0,0.0,0,226.92000000000002,159.52380952380952
2023-08-06,28.0,14.0,1.0,4.0,28.3,20.9,35.0,0.1,23.2,8.3,255.0,1003.7,8,6,-0.8660254037844385,-0.5000000000000004,0,37.0,35.0,50.0,15.0,38.0,5.715476066495375,-0.9659258262890683,-0.25881904510252063,0,0.0,0,290.5,119.48809523809524
2023-08-07,30.0,15.0,1.0,4.0,23.1,19.9,26.6,1.5,8.0,4.7,238.0,1003.4,8,0,-0.8660254037844385,-0.5000000000000004,0,28.0,39.0,37.0,14.0,34.857142857142854,3.7161167647879494,-0.848048096156426,-0.529919264233205,0,0.0,0,125.02000000000001,209.04166666666666
2023-08-08,25.0,16.0,1.0,5.0,23.5,18.2,28.6,0.5,18.0,4.6,194.0,1004.7,8,1,-0.8660254037844385,-0.5000000000000004,0,30.0,37.0,36.0,15.0,33.857142857142854,3.9761191895537897,-0.2419218955996675,-0.9702957262759965,1,0.0,0,131.56,213.76595744680856
2023-08-09,33.0,21.0,1.0,6.0,25.6,19.1,31.1,0.0,17.2,5.4,254.0,1008.5,8,2,-0.8660254037844385,-0.5000000000000004,0,25.0,28.0,32.0,16.0,32.285714285714285,5.023753102821539,-0.961261695938319,-0.2756373558169989,0,0.0,0,167.94000000000003,183.36363636363637
2023-08-10,39.0,17.0,1.0,5.0,27.9,19.8,34.1,0.0,13.6,6.7,223.0,1007.4,8,3,-0.8660254037844385,-0.5000000000000004,0,33.0,30.0,35.0,21.0,32.42857142857143,5.02849025908653,-0.6819983600624984,-0.7313537016191706,1,0.0,0,228.47000000000003,148.14705882352942
2023-08-11,35.0,17.0,1.0,5.0,26.6,22.4,31.6,1.6,17.9,6.8,226.0,1008.1,8,4,-0.8660254037844385,-0.5000000000000004,0,39.0,25.0,39.0,17.0,33.0,5.567764362831273,-0.7193398003386509,-0.6946583704589975,0,0.0,0,214.88,146.10144927536234
2023-08-12,33.0,22.0,1.0,4.0,21.0,17.1,27.2,19.1,18.4,7.4,196.0,1012.2,8,5,-0.8660254037844385,-0.5000000000000004,0,35.0,33.0,37.0,17.0,32.42857142857143,5.02849025908653,-0.275637355816999,-0.9612616959383189,1,0.0,0,201.28,134.96
2023-08-13,37.0,16.0,1.0,5.0,19.3,15.7,23.1,0.9,17.4,5.7,249.0,1013.6,8,6,-0.8660254037844385,-0.5000000000000004,0,33.0,39.0,28.0,22.0,31.857142857142858,4.634241089564095,-0.9335804264972016,-0.3583679495453007,0,0.0,0,131.67000000000002,174.75862068965517
2023-08-14,33.0,13.0,1.0,7.0,15.9,12.2,20.4,2.0,7.6,4.2,327.0,1018.4,8,0,-0.8660254037844385,-0.5000000000000004,0,37.0,35.0,30.0,16.0,33.142857142857146,4.634241089564119,-0.544639035015027,0.838670567945424,0,2.0999999999999996,0,85.67999999999999,236.83720930232556
2023-08-15,26.0,12.0,1.0,9.0,18.0,12.5,22.6,0.0,18.8,5.4,210.0,1019.6,8,1,-0.8660254037844385,-0.5000000000000004,0,33.0,33.0,25.0,13.0,33.57142857142857,4.42933941113815,-0.5000000000000001,-0.8660254037844386,1,0.0,0,122.04000000000002,185.3818181818182
2023-08-16,21.0,16.0,1.0,7.0,20.4,15.1,25.6,0.0,6.9,4.0,229.0,1016.8,8,2,-0.8660254037844385,-0.5000000000000004,0,26.0,37.0,33.0,12.0,33.714285714285715,4.111540089160747,-0.7547095802227717,-0.6560590289905077,0,0.0,0,102.4,248.0
2023-08-17,31.0,19.0,1.0,6.0,22.7,15.1,28.7,0.0,13.2,5.7,44.0,1014.1,8,3,-0.8660254037844385,-0.5000000000000004,0,21.0,33.0,39.0,16.0,32.0,6.350852961086968,0.6946583704589973,0.7193398003386512,0,0.0,0,163.59,174.84482758620692
2023-08-18,43.0,20.0,1.0,6.0,23.2,16.9,27.4,0.0,10.9,5.3,267.0,1013.0,8,4,-0.8660254037844385,-0.5000000000000004,0,31.0,26.0,35.0,19.0,30.857142857142858,5.550632739565589,-0.9986295347545738,-0.052335956242944306,0,0.0,0,145.22,187.5925925925926
2023-08-19,42.0,23.0,1.0,6.0,23.7,18.0,29.2,0.0,7.1,4.4,279.0,1012.6,8,5,-0.8660254037844385,-0.5000000000000004,0,43.0,21.0,33.0,20.0,32.0,7.141428428543813,-0.9876883405951378,0.15643446504023067,0,0.0,0,128.48000000000002,225.0222222222222
2023-08-20,48.0,23.0,1.0,5.0,24.9,17.4,30.6,0.0,8.1,5.1,255.0,1011.5,8,6,-0.8660254037844385,-0.5000000000000004,0,42.0,31.0,37.0,23.0,33.285714285714285,8.0976186975828,-0.9659258262890683,-0.25881904510252063,0,0.0,0,156.06,194.5192307692308
2023-08-21,38.0,20.0,1.0,7.0,26.2,18.8,31.9,0.0,7.9,4.1,282.0,1010.4,8,0,-0.8660254037844385,-0.5000000000000004,0,48.0,43.0,33.0,23.0,34.857142857142854,9.822229404580442,-0.9781476007338058,0.20791169081775857,0,0.0,0,130.79,240.5714285714286
2023-08-22,45.0,20.0,1.0,3.0,25.7,21.1,31.4,0.0,11.8,6.1,251.0,1009.0,8,1,-0.8660254037844385,-0.5000000000000004,0,38.0,42.0,26.0,20.0,35.57142857142857,9.846440014157158,-0.9455185755993168,-0.32556815445715664,0,0.0,0,191.54,162.741935483871
2023-08-23,34.0,20.0,1.0,5.0,25.9,18.5,31.9,0.0,17.1,5.8,256.0,1007.6,8,2,-0.8660254037844385,-0.5000000000000004,0,45.0,48.0,21.0,20.0,38.285714285714285,9.375753937938887,-0.9702957262759965,-0.24192189559966779,0,0.0,0,185.01999999999998,170.77966101694918
2023-08-24,41.0,22.0,1.0,5.0,25.8,18.2,32.8,0.0,14.4,7.4,228.0,1005.8,8,3,-0.8660254037844385,-0.5000000000000004,0,34.0,38.0,31.0,20.0,40.142857142857146,6.094494002201663,-0.743144825477394,-0.6691306063588585,0,0.0,0,242.72,134.10666666666665
2023-08-25,32.0,23.0,1.0,6.0,27.2,19.6,34.4,0.0,13.7,6.9,125.0,1003.6,8,4,-0.8660254037844385,-0.5000000000000004,0,41.0,45.0,43.0,22.0,41.57142857142857,4.577377082172283,0.819152044288992,-0.5735764363510458,0,0.0,0,237.36,143.37142857142857
2023-08-26,44.0,13.0,1.0,3.0,26.0,19.5,31.8,0.0,13.0,5.8,229.0,1003.9,8,5,-0.8660254037844385,-0.5000000000000004,0,32.0,34.0,42.0,23.0,40.0,5.744562646539323,-0.7547095802227717,-0.6560590289905077,0,0.0,0,184.44,170.15254237288138
2023-08-27,36.0,7.0,1.0,3.0,23.6,16.3,29.0,3.2,21.9,6.7,246.0,1005.2,8,6,-0.8660254037844385,-0.5000000000000004,0,44.0,41.0,48.0,13.0,40.285714285714285,5.908025211927994,-0.913545457642601,-0.4067366430758001,0,0.0,0,194.3,147.82352941176472
2023-08-28,27.0,16.0,1.0,5.0,16.8,12.6,20.1,3.6,8.4,4.6,156.0,1013.6,8,0,-0.8660254037844385,-0.5000000000000004,0,36.0,32.0,38.0,7.0,38.57142857142857,4.961758520833343,0.40673664307580043,-0.9135454576426008,1,1.1999999999999993,0,92.46,215.65957446808514
2023-08-29,26.0,22.0,1.0,5.0,17.9,11.1,24.6,0.0,8.3,4.7,35.0,1010.8,8,1,-0.8660254037844385,-0.5000000000000004,0,27.0,44.0,45.0,16.0,37.0,6.63324958071189,0.573576436351046,0.8191520442889918,0,0.10000000000000142,0,115.62,210.58333333333334
2023-08-30,38.0,15.0,1.0,5.0,22.8,14.7,29.6,0.0,10.2,4.7,232.0,1005.9,8,2,-0.8660254037844385,-0.5000000000000004,0,26.0,36.0,34.0,22.0,34.285714285714285,6.701101544132578,-0.7880107536067221,-0.6156614753256581,0,0.0,0,139.12,209.5625
2023-08-31,33.0,12.0,1.0,6.0,16.4,11.9,22.1,6.0,12.3,6.3,143.0,1015.3,8,3,-0.8660254037844385,-0.5000000000000004,0,38.0,27.0,41.0,15.0,34.857142857142854,6.841748592979576,0.6018150231520482,-0.7986355100472929,1,1.6000000000000014,0,139.23000000000002,158.640625
2023-09-01,28.0,22.0,1.0,6.0,16.4,10.2,22.7,0.0,10.1,4.7,162.0,1016.1,9,4,-1.0,-1.8369701987210297e-16,0,33.0,26.0,32.0,12.0,33.714285714285715,6.290582530373686,0.3090169943749475,-0.9510565162951535,1,1.6000000000000014,0,106.69,211.6875
2023-09-02,47.0,18.0,1.0,4.0,19.4,13.7,24.4,0.0,8.8,4.7,183.0,1013.5,9,5,-1.0,-1.8369701987210297e-16,0,28.0,38.0,44.0,22.0,33.142857142857146,6.644009116705899,-0.052335956242943564,-0.9986295347545738,1,0.0,0,114.67999999999999,211.14583333333334
2023-09-03,42.0,12.0,1.0,4.0,21.4,18.2,25.9,0.0,6.2,3.8,203.0,1009.7,9,6,-1.0,-1.8369701987210297e-16,0,47.0,33.0,36.0,18.0,33.57142857142857,7.502380574572865,-0.39073112848927355,-0.9205048534524404,1,0.0,0,98.41999999999999,258.89743589743597
2023-09-04,28.0,10.0,1.0,4.0,17.4,12.7,22.5,5.6,17.4,6.3,48.0,1012.9,9,0,-1.0,-1.8369701987210297e-16,0,42.0,28.0,27.0,12.0,34.42857142857143,8.141603913586584,0.7431448254773941,0.6691306063588582,0,0.6000000000000014,0,141.75,158.265625
2023-09-05,21.0,23.0,1.0,6.0,18.0,11.2,22.5,0.0,7.7,3.9,92.0,1018.0,9,1,-1.0,-1.8369701987210297e-16,0,28.0,47.0,26.0,10.0,34.57142857142857,7.997023255711781,0.9993908270190958,-0.03489949670250073,0,0.0,0,87.75,254.5
2023-09-06,52.0,15.0,1.0,6.0,18.8,14.5,23.7,0.0,6.4,3.1,332.0,1015.3,9,2,-1.0,-1.8369701987210297e-16,0,21.0,42.0,38.0,23.0,33.857142857142854,9.044861735236081,-0.4694715627858908,0.882947592858927,0,0.0,0,73.47,317.28125
2023-09-07,32.0,26.0,1.0,6.0,19.5,15.0,24.1,0.0,5.4,3.8,288.0,1013.4,9,3,-1.0,-1.8369701987210297e-16,0,52.0,28.0,33.0,15.0,35.857142857142854,11.364103886487108,-0.9510565162951536,0.30901699437494723,0,0.0,0,91.58,259.84615384615387
2023-09-08,51.0,23.0,1.0,7.0,19.4,13.4,24.4,0.0,8.9,3.9,232.0,1012.1,9,4,-1.0,-1.8369701987210297e-16,0,32.0,21.0,28.0,26.0,35.714285714285715,11.412190641507417,-0.7880107536067221,-0.6156614753256581,0,0.0,0,95.16,253.025
2023-09-09,41.0,21.0,1.0,5.0,21.6,14.6,29.7,0.4,28.2,5.4,186.0,1011.9,9,5,-1.0,-1.8369701987210297e-16,0,51.0,52.0,47.0,23.0,39.0,12.110601416390569,-0.10452846326765305,-0.9945218953682734,1,0.0,0,160.38,183.98181818181817
2023-09-10,38.0,32.0,1.0,6.0,21.6,15.6,29.3,0.0,8.4,4.9,322.0,1008.6,9,6,-1.0,-1.8369701987210297e-16,0,41.0,32.0,42.0,21.0,38.142857142857146,11.653734328941017,-0.6156614753256588,0.7880107536067216,0,0.0,0,143.57000000000002,201.72000000000003
2023-09-11,59.0,34.0,1.0,4.0,25.6,17.1,34.9,2.5,34.2,7.9,32.0,1005.6,9,0,-1.0,-1.8369701987210297e-16,0,38.0,51.0,28.0,32.0,37.57142857142857,11.530497862295253,0.5299192642332049,0.848048096156426,0,0.0,0,275.71,125.7
2023-09-12,61.0,46.0,1.0,5.0,17.6,14.8,21.5,10.3,12.1,6.8,58.0,1015.9,9,1,-1.0,-1.8369701987210297e-16,0,59.0,41.0,21.0,34.0,42.0,13.089435944048478,0.8480480961564261,0.5299192642332049,0,0.3999999999999986,0,146.2,147.23188405797103
2023-09-13,70.0,34.0,1.0,6.0,17.6,13.9,21.6,0.2,9.8,5.6,9.0,1016.4,9,2,-1.0,-1.8369701987210297e-16,0,61.0,38.0,52.0,46.0,47.714285714285715,10.95010328283608,0.15643446504023087,0.9876883405951378,0,0.3999999999999986,0,120.96,178.31578947368422
2023-09-14,61.0,30.0,1.0,9.0,16.1,12.4,19.7,0.0,9.0,4.6,25.0,1017.2,9,3,-1.0,-1.8369701987210297e-16,0,70.0,59.0,32.0,34.0,50.285714285714285,13.852969425533926,0.42261826174069944,0.9063077870366499,0,1.8999999999999986,0,90.61999999999999,216.42553191489367
2023-09-15,56.0,44.0,1.0,8.0,12.5,10.6,14.1,12.8,9.0,3.8,358.0,1018.5,9,4,-1.0,-1.8369701987210297e-16,0,61.0,61.0,51.0,30.0,54.42857142857143,11.631238725334917,-0.034899496702500823,0.9993908270190958,0,5.5,0,53.58,261.1538461538462
2023-09-16,71.0,37.0,1.0,4.0,14.9,10.2,19.2,0.5,7.6,3.7,42.0,1018.8,9,5,-1.0,-1.8369701987210297e-16,0,56.0,70.0,41.0,44.0,55.142857142857146,11.53875457503424,0.6691306063588582,0.7431448254773942,0,3.0999999999999996,0,71.04,268.1052631578947
2023-09-17,62.0,37.0,1.0,7.0,15.7,11.9,20.0,0.0,7.6,4.5,352.0,1016.4,9,6,-1.0,-1.8369701987210297e-16,0,71.0,61.0,38.0,37.0,59.42857142857143,10.96748441009748,-0.13917310096006588,0.9902680687415703,0,2.3000000000000007,0,90.0,220.95652173913047
2023-09-18,64.0,42.0,1.0,7.0,16.5,9.8,21.5,0.4,7.9,4.3,286.0,1014.6,9,0,-1.0,-1.8369701987210297e-16,0,62.0,56.0,59.0,37.0,62.857142857142854,5.580578567037165,-0.9612616959383188,0.2756373558169994,0,1.5,0,92.45,230.59090909090912
2023-09-19,68.0,17.0,1.0,4.0,17.9,10.9,22.7,0.0,7.2,3.9,10.0,1013.7,9,1,-1.0,-1.8369701987210297e-16,0,64.0,71.0,61.0,42.0,63.57142857142857,5.318431562569158,0.17364817766693033,0.984807753012208,0,0.10000000000000142,0,88.53,253.425
2023-09-20,39.0,1.0,1.0,5.0,15.2,12.4,18.6,13.2,11.1,4.9,258.0,1019.0,9,2,-1.0,-1.8369701987210297e-16,0,68.0,62.0,70.0,17.0,64.57142857142857,5.41162769282329,-0.9781476007338056,-0.2079116908177598,0,2.8000000000000007,0,91.14000000000001,203.8
2023-09-21,25.0,1.0,1.0,6.0,16.3,12.1,20.6,0.2,8.7,5.2,56.0,1020.4,9,3,-1.0,-1.8369701987210297e-16,0,39.0,64.0,61.0,1.0,60.142857142857146,10.51076545624569,0.8290375725550417,0.5591929034707468,0,1.6999999999999993,0,107.12,192.52830188679246
2023-09-22,32.0,1.0,1.0,5.0,10.8,8.6,12.9,20.1,12.6,6.5,247.0,1024.2,9,4,-1.0,-1.8369701987210297e-16,0,25.0,68.0,56.0,1.0,55.0,16.89181261242706,-0.9205048534524403,-0.3907311284892738,0,7.199999999999999,0,83.85000000000001,155.1818181818182
2023-09-23,32.0,1.0,1.0,4.0,13.1,7.1,18.7,0.0,5.9,4.2,238.0,1025.8,9,5,-1.0,-1.8369701987210297e-16,0,32.0,39.0,71.0,1.0,51.57142857142857,18.96362432709169,-0.848048096156426,-0.529919264233205,0,4.9,0,78.54,238.5581395348837
2023-09-24,32.0,1.0,1.0,7.0,13.3,9.2,18.7,0.0,10.8,6.6,313.0,1025.4,9,6,-1.0,-1.8369701987210297e-16,0,32.0,25.0,62.0,1.0,46.0,18.009256878987227,-0.731353701619171,0.6819983600624979,0,4.699999999999999,0,123.41999999999999,153.04477611940302
2023-09-25,46.0,1.0,1.0,8.0,11.8,7.2,16.5,0.0,6.0,3.6,304.0,1024.4,9,0,-1.0,-1.8369701987210297e-16,0,32.0,32.0,64.0,1.0,41.714285714285715,17.11446060805823,-0.8290375725550421,0.5591929034707462,0,6.199999999999999,0,59.4,276.86486486486484
2023-09-26,10.49,15.06,46.38,347.29,13.8,9.6,18.4,0.0,4.7,3.29,265.0,1023.3,9,1,-1.0,-1.8369701987210297e-16,0,46.0,32.0,68.0,1.0,39.142857142857146,14.334440710268577,-0.9961946980917455,-0.08715574274765825,0,4.199999999999999,0,60.535999999999994,301.858407079646
2023-09-27,11.05,15.91,47.02,349.62,16.2,12.4,20.5,0.0,6.4,4.48,28.0,1022.2,9,2,-1.0,-1.8369701987210297e-16,0,10.49,32.0,39.0,15.06,30.927142857142858,11.170071193873568,0.4694715627858908,0.882947592858927,0,1.8000000000000007,0,91.84,223.18777292576422
2023-09-28,11.8,19.09,41.34,326.62,18.4,13.6,24.4,0.0,7.6,5.32,139.0,1021.1,9,3,-1.0,-1.8369701987210297e-16,0,11.05,46.0,25.0,15.91,26.934285714285714,12.69483078152055,0.6560590289905073,-0.754709580222772,1,0.0,0,129.808,188.39483394833948
2023-09-29,17.65,27.4,41.89,386.29,17.6,13.5,21.2,0.2,7.0,4.9,164.0,1020.0,9,4,-1.0,-1.8369701987210297e-16,0,11.8,10.49,32.0,19.09,25.048571428571428,13.948512977580338,0.27563735581699966,-0.9612616959383187,1,0.3999999999999986,0,103.88000000000001,204.0
2023-09-30,45.0,1.0,1.0,8.0,15.9,11.5,21.0,0.4,7.6,4.3,224.0,1018.9,9,5,-1.0,-1.8369701987210297e-16,0,17.65,11.05,32.0,27.4,22.99857142857143,13.810413255428921,-0.6946583704589973,-0.7193398003386511,1,2.0999999999999996,0,90.3,231.56818181818184
2023-10-01,45.0,1.0,1.0,5.0,15.3,8.7,20.8,0.0,6.8,3.8,41.0,1016.0,10,6,-0.8660254037844386,0.5000000000000001,1,45.0,11.8,32.0,1.0,24.85571428571429,15.933504382425566,0.6560590289905072,0.754709580222772,0,2.6999999999999993,0,79.03999999999999,260.51282051282055
2023-10-02,51.0,1.0,1.0,7.0,16.6,12.5,21.8,0.0,15.5,6.2,234.0,1013.7,10,0,-0.8660254037844386,0.5000000000000001,1,45.0,17.65,46.0,1.0,26.712857142857143,17.577769781067325,-0.8090169943749473,-0.5877852522924732,0,1.3999999999999986,0,135.16,160.9047619047619
2023-10-03,58.0,1.0,1.0,6.0,14.7,10.1,18.9,0.0,8.4,4.0,261.0,1018.6,10,1,-0.8660254037844386,0.5000000000000001,1,51.0,45.0,10.49,1.0,27.427142857142858,18.56595424810883,-0.9876883405951377,-0.15643446504023104,0,3.3000000000000007,0,75.6,248.43902439024393
2023-10-04,57.0,1.0,1.0,8.0,15.3,9.0,19.8,0.0,8.6,4.3,359.0,1020.6,10,2,-0.8660254037844386,0.5000000000000001,1,58.0,45.0,11.05,1.0,34.214285714285715,19.973080097256975,-0.01745240643728445,0.9998476951563913,0,2.6999999999999993,0,85.14,231.95454545454547
2023-10-05,70.0,1.0,1.0,7.0,16.7,10.9,23.3,0.0,10.5,4.3,10.0,1018.0,10,3,-0.8660254037844386,0.5000000000000001,1,57.0,51.0,11.8,1.0,40.778571428571425,18.59444041335284,0.17364817766693033,0.984807753012208,0,1.3000000000000007,0,100.19,231.36363636363637
2023-10-06,68.0,1.0,1.0,5.0,15.5,11.3,20.3,3.3,10.4,5.3,263.0,1014.5,10,4,-0.8660254037844386,0.5000000000000001,1,70.0,58.0,17.65,1.0,49.09285714285714,16.35421527138717,-0.9925461516413221,-0.12186934340514717,0,2.5,0,107.59,187.87037037037038
2023-10-07,54.0,1.0,1.0,5.0,15.9,11.0,21.1,5.3,12.3,4.2,227.0,1019.6,10,5,-0.8660254037844386,0.5000000000000001,1,68.0,57.0,45.0,1.0,56.285714285714285,10.094788848944736,-0.7313537016191701,-0.6819983600624989,0,2.0999999999999996,0,88.62,237.11627906976744
2023-10-08,38.0,1.0,1.0,5.0,13.1,8.6,18.2,0.0,6.8,3.8,84.0,1022.0,10,6,-0.8660254037844386,0.5000000000000001,1,54.0,70.0,45.0,1.0,57.57142857142857,8.922950611712745,0.9945218953682733,0.10452846326765346,0,4.9,0,69.16,262.0512820512821
2023-10-09,9.39,14.0,28.0,317.29,14.8,8.7,20.4,0.0,9.7,6.79,101.0,1020.05,10,0,-0.8660254037844386,0.5000000000000001,1,38.0,68.0,51.0,1.0,56.57142857142857,10.768118728561552,0.981627183447664,-0.1908089953765448,0,3.1999999999999993,0,138.516,148.04789550072567
2023-10-10,10.88,16.83,45.2,428.38,17.2,11.1,23.3,0.0,6.0,4.2,189.0,1018.1,10,1,-0.8660254037844386,0.5000000000000001,1,9.39,54.0,58.0,14.0,50.627142857142864,20.98975521080558,-0.15643446504023073,-0.9876883405951378,1,0.8000000000000007,0,97.86000000000001,236.7674418604651
2023-10-11,11.06,17.7,38.13,440.33,19.5,13.1,25.1,0.0,10.6,7.42,73.0,1016.15,10,2,-0.8660254037844386,0.5000000000000001,1,10.88,38.0,57.0,16.83,43.89571428571429,25.336766340072753,0.9563047559630354,0.29237170472273677,0,0.0,0,186.24200000000002,135.12632978723403
2023-10-12,47.0,1.0,1.0,3.0,18.1,9.2,26.7,0.0,9.5,5.2,63.0,1014.2,10,3,-0.8660254037844386,0.5000000000000001,1,11.06,9.39,70.0,17.7,37.332857142857144,27.253973847426444,0.8910065241883678,0.4539904997395468,0,0.0,0,138.84,191.35849056603774
2023-10-13,47.0,1.0,1.0,2.0,10.2,4.3,17.6,22.4,18.4,9.5,217.0,1024.2,10,4,-0.8660254037844386,0.5000000000000001,1,47.0,10.88,68.0,1.0,34.04714285714285,23.830703384699692,-0.601815023152048,-0.798635510047293,1,7.800000000000001,0,167.20000000000002,106.68750000000001
2023-10-14,23.0,1.0,1.0,7.0,5.7,4.0,8.1,5.9,7.2,4.7,93.0,1031.0,10,5,-0.8660254037844386,0.5000000000000001,1,47.0,11.06,54.0,1.0,31.047142857142855,19.830088850268343,0.9986295347545738,-0.05233595624294362,0,12.3,0,38.07,214.79166666666669
2023-10-15,61.0,43.0,1.0,7.0,6.4,1.1,10.9,0.0,7.9,4.1,349.0,1026.4,10,6,-0.8660254037844386,0.5000000000000001,1,23.0,47.0,38.0,1.0,26.618571428571425,17.127130941454457,-0.19080899537654467,0.981627183447664,0,11.6,0,44.69,244.38095238095244
2023-10-16,65.0,51.0,1.0,9.0,7.8,2.1,12.4,0.0,8.7,4.2,14.0,1025.8,10,0,-0.8660254037844386,0.5000000000000001,1,61.0,47.0,9.39,43.0,29.904285714285713,21.358081887303804,0.24192189559966773,0.9702957262759965,0,10.2,0,52.080000000000005,238.5581395348837
2023-10-17,68.0,46.0,1.0,7.0,9.6,1.8,15.4,0.0,14.7,6.1,332.0,1018.5,10,1,-0.8660254037844386,0.5000000000000001,1,65.0,23.0,10.88,51.0,37.848571428571425,22.752646313906617,-0.4694715627858908,0.882947592858927,0,8.4,0,93.94,164.27419354838713
2023-10-18,72.0,39.0,1.0,7.0,11.7,4.6,19.3,0.0,7.9,3.8,101.0,1018.6,10,2,-0.8660254037844386,0.5000000000000001,1,68.0,61.0,11.06,46.0,46.00857142857143,21.68641312632704,0.981627183447664,-0.1908089953765448,0,6.300000000000001,0,73.34,261.17948717948724
2023-10-19,65.0,64.0,1.0,10.0,13.1,7.5,19.0,0.0,7.6,4.3,123.0,1023.1,10,3,-0.8660254037844386,0.5000000000000001,1,72.0,65.0,47.0,39.0,54.714285714285715,17.0559304027889,0.838670567945424,-0.5446390350150271,0,4.9,0,81.7,232.5227272727273
2023-10-20,95.0,36.0,1.0,6.0,13.5,8.4,17.7,0.0,7.1,3.7,282.0,1017.4,10,4,-0.8660254037844386,0.5000000000000001,1,65.0,68.0,47.0,64.0,57.285714285714285,17.05593040278891,-0.9781476007338058,0.20791169081775857,0,4.5,0,65.49,267.7368421052631
2023-10-21,61.0,37.0,1.0,6.0,14.4,9.6,20.5,0.0,10.6,4.9,106.0,1018.6,10,5,-0.8660254037844386,0.5000000000000001,1,95.0,72.0,23.0,36.0,64.14285714285714,21.3418881656757,0.9612616959383189,-0.27563735581699905,0,3.5999999999999996,0,100.45,203.72000000000003
2023-10-22,64.0,25.0,1.0,4.0,12.9,8.6,17.1,0.0,10.0,6.0,204.0,1014.3,10,6,-0.8660254037844386,0.5000000000000001,1,61.0,65.0,61.0,37.0,69.57142857142857,11.858290248558875,-0.4067366430757998,-0.9135454576426011,1,5.1,0,102.60000000000001,166.27868852459017
2023-10-23,52.0,26.0,1.0,4.0,11.0,8.5,13.6,9.4,10.1,5.2,154.0,1022.0,10,0,-0.8660254037844386,0.5000000000000001,1,64.0,95.0,65.0,25.0,70.0,11.547005383793335,0.4383711467890773,-0.898794046299167,1,7.0,0,70.72,192.8301886792453
2023-10-24,35.0,36.0,1.0,9.0,9.4,6.1,12.9,0.0,9.7,5.7,35.0,1026.1,10,1,-0.8660254037844386,0.5000000000000001,1,52.0,61.0,68.0,26.0,68.14285714285714,13.384425917568368,0.573576436351046,0.8191520442889918,0,8.6,0,73.53,176.91379310344828
2023-10-25,64.0,23.0,1.0,9.0,11.7,8.2,15.6,0.0,7.3,3.9,76.0,1017.4,10,2,-0.8660254037844386,0.5000000000000001,1,35.0,64.0,72.0,36.0,63.42857142857143,18.338094619827125,0.9702957262759965,0.2419218955996679,0,6.300000000000001,0,60.839999999999996,254.35
2023-10-26,41.0,28.0,1.0,3.0,13.2,7.9,17.1,0.3,9.8,5.1,119.0,1015.7,10,3,-0.8660254037844386,0.5000000000000001,1,64.0,52.0,65.0,23.0,62.285714285714285,17.960273621842365,0.8746197071393959,-0.484809620246337,0,4.800000000000001,0,87.21000000000001,195.32692307692312
2023-10-27,52.0,54.0,1.0,10.0,9.1,5.9,13.3,6.6,9.8,5.8,34.0,1023.8,10,4,-0.8660254037844386,0.5000000000000001,1,41.0,35.0,95.0,28.0,58.857142857142854,19.574035280004857,0.5591929034707469,0.8290375725550417,0,8.9,0,77.14,173.52542372881356
2023-10-28,82.0,35.0,1.0,8.0,9.7,5.6,14.4,0.0,7.9,4.7,11.0,1020.1,10,5,-0.8660254037844386,0.5000000000000001,1,52.0,64.0,61.0,54.0,52.714285714285715,11.368293418016272,0.1908089953765448,0.981627183447664,0,8.3,0,67.68,212.52083333333334
2023-10-29,52.0,30.0,1.0,7.0,14.3,8.6,21.0,0.0,12.5,5.6,87.0,1016.7,10,6,-0.8660254037844386,0.5000000000000001,1,82.0,41.0,64.0,35.0,55.714285714285715,15.818915741545387,0.9986295347545738,0.052335956242943966,0,3.6999999999999993,0,117.6,178.36842105263162
2023-10-30,58.0,20.0,1.0,5.0,15.8,11.2,22.8,0.0,9.5,5.1,131.0,1017.2,10,0,-0.8660254037844386,0.5000000000000001,1,52.0,52.0,52.0,30.0,54.0,15.416441439796788,0.7547095802227718,-0.6560590289905075,0,2.1999999999999993,0,116.28,195.61538461538467
2023-10-31,42.0,29.0,1.0,6.0,10.3,6.4,15.3,13.2,14.6,5.9,318.0,1021.9,10,1,-0.8660254037844386,0.5000000000000001,1,58.0,82.0,35.0,20.0,54.857142857142854,15.453463165567157,-0.6691306063588581,0.7431448254773942,0,7.699999999999999,0,90.27000000000001,170.31666666666666
2023-11-01,50.0,39.0,1.0,5.0,7.4,4.1,11.3,0.8,10.5,6.3,13.0,1030.4,11,2,-0.5000000000000004,0.8660254037844384,1,42.0,52.0,64.0,29.0,55.857142857142854,14.123604018670576,0.224951054343865,0.9743700647852352,0,10.6,0,71.19,161.0
2023-11-02,59.0,43.0,1.0,10.0,6.8,2.1,11.7,0.0,9.3,5.5,27.0,1032.8,11,3,-0.5000000000000004,0.8660254037844384,1,50.0,58.0,41.0,39.0,53.857142857142854,13.765035069922904,0.45399049973954675,0.8910065241883679,0,11.2,0,64.35,184.42857142857142
2023-11-03,85.0,73.0,1.0,12.0,6.9,2.9,10.4,0.0,7.6,4.6,330.0,1026.1,11,4,-0.5000000000000004,0.8660254037844384,1,59.0,42.0,52.0,43.0,56.42857142857143,12.594405409508814,-0.5000000000000004,0.8660254037844384,0,11.1,0,47.839999999999996,218.31914893617022
2023-11-04,111.0,65.0,1.0,10.0,7.2,0.1,10.9,0.0,13.6,5.2,4.0,1020.1,11,5,-0.5000000000000004,0.8660254037844384,1,85.0,50.0,82.0,73.0,61.142857142857146,16.293440105644002,0.0697564737441253,0.9975640502598242,0,10.8,0,56.68000000000001,192.47169811320757
2023-11-05,112.0,69.0,1.0,8.0,10.2,6.2,14.4,0.0,7.2,4.2,5.0,1021.4,11,6,-0.5000000000000004,0.8660254037844384,1,111.0,59.0,52.0,65.0,65.28571428571429,24.232996002106585,0.08715574274765817,0.9961946980917455,0,7.800000000000001,0,60.480000000000004,237.53488372093022
2023-11-06,106.0,84.0,1.0,13.0,4.7,1.0,8.5,0.0,10.0,5.8,322.0,1025.1,11,0,-0.5000000000000004,0.8660254037844384,1,112.0,85.0,58.0,69.0,73.85714285714286,28.91037052356028,-0.6156614753256588,0.7880107536067216,0,13.3,0,49.3,173.74576271186442
2023-11-07,136.0,64.0,1.0,15.0,4.7,-0.6,9.1,0.0,12.3,5.7,359.0,1021.7,11,1,-0.5000000000000004,0.8660254037844384,1,106.0,111.0,42.0,84.0,80.71428571428571,30.186720511478477,-0.01745240643728445,0.9998476951563913,0,13.3,0,51.87,176.1551724137931
2023-11-08,112.0,11.0,1.0,4.0,8.7,3.1,15.1,0.0,9.7,5.7,30.0,1016.0,11,2,-0.5000000000000004,0.8660254037844384,1,136.0,112.0,50.0,64.0,94.14285714285714,30.991550307724395,0.49999999999999994,0.8660254037844387,0,9.3,0,86.07000000000001,175.17241379310346
2023-11-09,33.0,10.0,1.0,4.0,7.0,4.2,10.2,6.6,13.0,5.9,212.0,1023.8,11,3,-0.5000000000000004,0.8660254037844384,1,112.0,106.0,59.0,11.0,103.0,24.440403706431606,-0.5299192642332048,-0.8480480961564261,1,11.0,0,60.18,170.63333333333333
2023-11-10,25.0,50.0,1.0,11.0,5.1,2.7,6.2,2.2,6.5,3.7,64.0,1031.6,11,4,-0.5000000000000004,0.8660254037844384,1,33.0,136.0,85.0,10.0,99.28571428571429,32.79082333882633,0.898794046299167,0.43837114678907746,0,12.9,0,22.94,271.4736842105263
2023-11-11,84.0,22.0,1.0,4.0,5.2,-0.0,9.1,0.0,10.2,4.9,5.0,1026.0,11,5,-0.5000000000000004,0.8660254037844384,1,25.0,112.0,111.0,50.0,90.71428571428571,43.304019388944916,0.08715574274765817,0.9961946980917455,0,12.8,0,44.59,205.20000000000002
2023-11-12,57.0,26.0,1.0,4.0,5.5,1.7,9.2,0.5,11.8,6.3,171.0,1029.1,11,6,-0.5000000000000004,0.8660254037844384,1,84.0,33.0,112.0,22.0,86.85714285714286,42.38879007248904,0.15643446504023098,-0.9876883405951377,1,12.5,0,57.959999999999994,160.796875
2023-11-13,50.0,46.0,1.0,8.0,3.0,-1.3,6.4,5.0,9.4,5.0,10.0,1035.5,11,0,-0.5000000000000004,0.8660254037844384,1,57.0,25.0,106.0,26.0,79.0,42.04759208325752,0.17364817766693033,0.984807753012208,0,15.0,0,32.0,203.03921568627453
2023-11-14,67.0,65.0,1.0,11.0,1.8,-3.6,5.6,0.0,13.9,6.4,3.0,1035.3,11,1,-0.5000000000000004,0.8660254037844384,1,50.0,84.0,136.0,46.0,71.0,41.37632173115465,0.05233595624294383,0.9986295347545738,0,16.2,0,35.839999999999996,159.27692307692308
2023-11-15,111.0,41.0,1.0,16.0,4.4,-2.5,12.1,0.0,11.7,6.2,57.0,1022.2,11,2,-0.5000000000000004,0.8660254037844384,1,67.0,57.0,112.0,65.0,61.142857142857146,29.952343099378325,0.8386705679454239,0.5446390350150272,0,13.6,0,75.02,162.25396825396825
2023-11-16,60.0,62.0,1.0,18.0,7.3,0.7,15.9,0.0,7.8,4.9,118.0,1019.5,11,3,-0.5000000000000004,0.8660254037844384,1,111.0,50.0,33.0,41.0,61.0,29.670411748631878,0.8829475928589271,-0.46947156278589053,0,10.7,0,77.91000000000001,203.9
2023-11-17,92.0,33.0,1.0,9.0,8.7,2.4,14.7,0.0,8.3,4.3,79.0,1017.0,11,4,-0.5000000000000004,0.8660254037844384,1,60.0,67.0,25.0,62.0,64.85714285714286,27.064297339413965,0.981627183447664,0.19080899537654492,0,9.3,0,63.209999999999994,231.13636363636365
2023-11-18,52.0,34.0,1.0,3.0,12.1,4.3,17.2,0.0,9.1,4.8,145.0,1013.4,11,5,-0.5000000000000004,0.8660254037844384,1,92.0,111.0,84.0,33.0,74.42857142857143,21.991340287009972,0.5735764363510464,-0.8191520442889916,1,5.9,0,82.55999999999999,206.8163265306123
2023-11-19,73.0,42.0,1.0,7.0,7.1,4.3,10.5,2.9,13.4,7.3,68.0,1025.5,11,6,-0.5000000000000004,0.8660254037844384,1,52.0,60.0,57.0,34.0,69.85714285714286,22.97410550618987,0.9271838545667874,0.37460659341591196,0,10.9,0,76.64999999999999,138.5810810810811
2023-11-20,68.0,53.0,1.0,11.0,5.9,3.7,8.8,5.4,11.6,6.4,30.0,1027.8,11,0,-0.5000000000000004,0.8660254037844384,1,73.0,92.0,50.0,42.0,72.14285714285714,22.266780723974083,0.49999999999999994,0.8660254037844387,0,12.1,0,56.32000000000001,158.12307692307692
2023-11-21,82.0,36.0,1.0,11.0,4.0,0.8,9.3,0.0,16.5,6.7,332.0,1020.8,11,1,-0.5000000000000004,0.8660254037844384,1,68.0,52.0,67.0,53.0,74.71428571428571,20.229634085620912,-0.4694715627858908,0.882947592858927,0,14.0,0,62.31000000000001,150.11764705882354
2023-11-22,68.0,12.0,1.0,4.0,8.0,1.3,14.1,0.0,15.9,7.0,149.0,1013.3,11,2,-0.5000000000000004,0.8660254037844384,1,82.0,73.0,111.0,36.0,76.85714285714286,20.070115191735802,0.5150380749100544,-0.8571673007021122,1,10.0,0,98.7,142.71830985915494
2023-11-23,32.0,42.0,1.0,12.0,5.7,2.7,8.4,15.0,8.2,4.6,207.0,1024.1,11,3,-0.5000000000000004,0.8660254037844384,1,68.0,68.0,60.0,12.0,70.71428571428571,13.325592991362466,-0.45399049973954625,-0.8910065241883681,1,12.3,0,38.64,217.8936170212766
2023-11-24,80.0,40.0,1.0,6.0,4.6,-0.7,8.6,0.0,11.1,5.7,30.0,1016.7,11,4,-0.5000000000000004,0.8660254037844384,1,32.0,82.0,92.0,42.0,66.71428571428571,19.737563896576702,0.49999999999999994,0.8660254037844387,0,13.4,0,49.019999999999996,175.29310344827587
2023-11-25,62.0,68.0,1.0,10.0,6.2,1.9,9.9,0.0,9.4,5.9,13.0,1024.1,11,5,-0.5000000000000004,0.8660254037844384,1,80.0,68.0,52.0,40.0,65.0,17.5783958312475,0.224951054343865,0.9743700647852352,0,11.8,0,58.410000000000004,170.6833333333333
2023-11-26,111.0,74.0,1.0,14.0,5.3,1.4,8.8,0.0,12.5,6.2,340.0,1023.5,11,6,-0.5000000000000004,0.8660254037844384,1,62.0,32.0,73.0,68.0,66.42857142857143,16.73177757897829,-0.3420201433256686,0.9396926207859084,0,12.7,0,54.56000000000001,162.46031746031744
2023-11-27,125.0,84.0,1.0,20.0,7.7,5.7,10.4,0.0,8.0,3.6,24.0,1016.7,11,0,-0.5000000000000004,0.8660254037844384,1,111.0,80.0,68.0,74.0,71.85714285714286,23.86370026790084,0.40673664307580015,0.9135454576426009,0,10.3,0,37.440000000000005,274.78378378378375
2023-11-28,116.0,49.0,1.0,15.0,8.2,4.6,11.8,0.0,7.1,3.9,63.0,1015.7,11,1,-0.5000000000000004,0.8660254037844384,1,125.0,62.0,82.0,84.0,80.0,30.989245446337573,0.8910065241883678,0.4539904997395468,0,9.8,0,46.02,253.925
2023-11-29,64.0,37.0,1.0,6.0,7.8,0.9,12.9,0.0,9.6,5.2,191.0,1017.7,11,2,-0.5000000000000004,0.8660254037844384,1,116.0,111.0,68.0,49.0,84.85714285714286,33.884256774243674,-0.19080899537654472,-0.981627183447664,1,10.2,0,67.08,192.01886792452834
2023-11-30,73.0,32.0,1.0,4.0,5.5,3.5,8.1,0.4,9.9,5.3,72.0,1028.6,11,3,-0.5000000000000004,0.8660254037844384,1,64.0,125.0,32.0,37.0,84.28571428571429,34.24769717666843,0.9510565162951535,0.30901699437494745,0,12.5,0,42.93,190.4814814814815
2023-12-01,55.0,35.0,1.0,7.0,3.1,2.4,4.1,0.3,7.6,5.1,14.0,1029.3,12,4,-2.4492935982947064e-16,1.0,1,73.0,116.0,80.0,32.0,90.14285714285714,26.428700128387174,0.24192189559966773,0.9702957262759965,0,14.9,0,20.909999999999997,197.94230769230774
2023-12-02,58.0,37.0,1.0,10.0,5.4,1.9,9.7,0.0,7.1,3.8,11.0,1025.0,12,5,-2.4492935982947064e-16,1.0,1,55.0,64.0,62.0,35.0,86.57142857142857,29.534483477551046,0.1908089953765448,0.981627183447664,0,12.6,0,36.85999999999999,262.8205128205129
2023-12-03,60.0,39.0,1.0,7.0,6.4,1.0,11.5,0.0,7.9,4.9,124.0,1022.3,12,6,-2.4492935982947064e-16,1.0,1,58.0,73.0,111.0,37.0,86.0,30.12197426021998,0.8290375725550417,-0.5591929034707467,0,11.6,0,56.35,204.46
2023-12-04,82.0,73.0,1.0,17.0,6.7,3.1,9.9,0.8,8.6,5.7,67.0,1028.0,12,0,-2.4492935982947064e-16,1.0,1,60.0,55.0,125.0,39.0,78.71428571428571,29.22164885670867,0.9205048534524403,0.39073112848927394,0,11.3,0,56.43000000000001,177.24137931034483
2023-12-05,125.0,33.0,1.0,10.0,6.0,1.8,8.0,0.0,10.1,5.1,45.0,1024.1,12,1,-2.4492935982947064e-16,1.0,1,82.0,58.0,116.0,73.0,72.57142857142857,21.321797476269868,0.7071067811865476,0.7071067811865476,0,12.0,0,40.8,196.9423076923077
2023-12-06,48.0,39.0,1.0,3.0,9.6,4.1,15.0,0.0,9.2,4.2,73.0,1017.7,12,2,-2.4492935982947064e-16,1.0,1,125.0,60.0,64.0,33.0,73.85714285714286,24.42286204514555,0.9563047559630354,0.29237170472273677,0,8.4,0,63.0,236.67441860465118
2023-12-07,62.0,43.0,1.0,4.0,0.5,-1.7,2.5,0.7,12.1,8.3,21.0,1026.1,12,3,-2.4492935982947064e-16,1.0,1,48.0,82.0,73.0,39.0,71.57142857142857,26.184328282754706,0.35836794954530027,0.9335804264972017,0,17.5,0,20.75,122.15476190476188
2023-12-08,80.0,33.0,1.0,4.0,-2.5,-4.6,0.1,1.1,11.7,6.8,359.0,1023.9,12,4,-2.4492935982947064e-16,1.0,1,62.0,125.0,55.0,43.0,70.0,26.41338044754376,-0.01745240643728445,0.9998476951563913,0,20.5,0,0.68,148.3913043478261
2023-12-09,78.0,57.0,1.0,3.0,-5.0,-5.9,-4.5,3.7,7.9,5.3,21.0,1033.2,12,5,-2.4492935982947064e-16,1.0,1,80.0,48.0,58.0,33.0,73.57142857142857,25.728435260473994,0.35836794954530027,0.9335804264972017,0,23.0,0,-23.849999999999998,191.33333333333337
2023-12-10,100.0,80.0,1.0,6.0,-6.6,-9.2,-4.5,0.3,13.0,7.3,9.0,1032.6,12,6,-2.4492935982947064e-16,1.0,1,78.0,62.0,60.0,57.0,76.42857142857143,24.804953422365763,0.15643446504023087,0.9876883405951378,0,24.6,0,-32.85,139.54054054054055
2023-12-11,143.0,22.0,1.0,2.0,-5.3,-8.4,-2.2,2.8,7.1,4.0,7.0,1020.9,12,0,-2.4492935982947064e-16,1.0,1,100.0,80.0,82.0,80.0,82.14285714285714,24.996190185897227,0.12186934340514748,0.992546151641322,0,23.3,0,-8.8,249.00000000000003
2023-12-12,63.0,59.0,1.0,7.0,-14.1,-23.1,-7.7,7.0,14.5,5.6,28.0,1038.2,12,1,-2.4492935982947064e-16,1.0,1,143.0,78.0,125.0,22.0,90.85714285714286,33.96286487439204,0.4694715627858908,0.882947592858927,0,32.1,0,-43.12,182.14035087719301
2023-12-13,125.0,79.0,1.0,12.0,-22.8,-28.8,-18.2,0.0,14.5,6.4,20.0,1055.0,12,2,-2.4492935982947064e-16,1.0,1,63.0,100.0,48.0,59.0,82.0,31.575306807694222,0.3420201433256687,0.9396926207859084,0,40.8,0,-116.48,162.30769230769232
2023-12-14,168.0,52.0,1.0,13.0,-19.1,-24.8,-12.6,0.0,20.3,9.5,356.0,1045.6,12,3,-2.4492935982947064e-16,1.0,1,125.0,143.0,62.0,79.0,93.0,31.166221030682486,-0.06975647374412476,0.9975640502598243,0,37.1,0,-119.7,108.91666666666666
2023-12-15,115.0,164.0,1.0,16.0,-13.4,-21.5,-7.4,0.0,22.1,9.0,8.0,1030.3,12,4,-2.4492935982947064e-16,1.0,1,168.0,63.0,80.0,52.0,108.14285714285714,38.48561883538941,0.13917310096006544,0.9902680687415704,0,31.4,0,-66.60000000000001,113.21978021978022
2023-12-16,193.0,232.0,1.0,15.0,-5.6,-12.7,-2.2,10.9,12.9,4.7,12.0,1030.2,12,5,-2.4492935982947064e-16,1.0,1,115.0,125.0,78.0,164.0,113.14285714285714,36.439120788097334,0.20791169081775931,0.9781476007338057,0,23.6,0,-10.340000000000002,214.62500000000003
2023-12-17,204.0,131.0,1.0,17.0,-4.4,-7.5,-2.4,0.7,11.3,4.9,11.0,1035.1,12,6,-2.4492935982947064e-16,1.0,1,193.0,168.0,100.0,232.0,129.57142857142858,43.2429460253624,0.1908089953765448,0.981627183447664,0,22.4,0,-11.76,207.01999999999998
2023-12-18,187.0,59.0,1.0,13.0,-3.1,-7.0,-0.3,0.0,9.8,4.8,62.0,1029.3,12,0,-2.4492935982947064e-16,1.0,1,204.0,115.0,143.0,131.0,144.42857142857142,48.88713921833028,0.8829475928589269,0.46947156278589086,0,21.1,0,-1.44,210.06122448979593
2023-12-19,115.0,48.0,1.0,10.0,-0.4,-5.1,4.3,0.0,15.5,6.7,88.0,1028.2,12,1,-2.4492935982947064e-16,1.0,1,187.0,193.0,63.0,59.0,150.71428571428572,51.43511863086791,0.9993908270190958,0.03489949670250108,0,18.4,0,28.81,151.2058823529412
2023-12-20,89.0,84.0,1.0,12.0,-2.3,-6.2,0.3,1.5,10.1,5.8,19.0,1035.7,12,2,-2.4492935982947064e-16,1.0,1,115.0,204.0,125.0,48.0,158.14285714285714,38.87770814330774,0.32556815445715664,0.9455185755993168,0,20.3,0,1.74,175.54237288135596
2023-12-21,131.0,58.0,1.0,10.0,-3.7,-6.9,-0.8,0.0,10.9,6.9,29.0,1038.9,12,3,-2.4492935982947064e-16,1.0,1,89.0,187.0,168.0,84.0,153.0,45.76388678131874,0.48480962024633706,0.8746197071393957,0,21.7,0,-5.5200000000000005,148.4142857142857
2023-12-22,126.0,66.0,1.0,15.0,-2.9,-6.9,3.6,0.0,21.0,9.8,360.0,1025.4,12,4,-2.4492935982947064e-16,1.0,1,131.0,115.0,115.0,58.0,147.71428571428572,45.87924107812583,-2.4492935982947064e-16,1.0,0,20.9,0,35.28,103.57575757575758
2023-12-23,101.0,23.0,1.0,9.0,2.7,-5.2,7.1,0.0,16.4,6.6,63.0,1016.1,12,5,-2.4492935982947064e-16,1.0,1,126.0,89.0,193.0,66.0,149.28571428571428,44.746375218984184,0.8910065241883678,0.4539904997395468,0,15.3,0,46.85999999999999,151.65671641791047
2023-12-24,49.0,123.0,1.0,19.0,5.0,1.6,9.4,0.0,7.4,4.4,61.0,1016.8,12,6,-2.4492935982947064e-16,1.0,1,101.0,131.0,204.0,23.0,136.14285714285714,43.25285567230852,0.8746197071393957,0.4848096202463371,0,13.0,0,41.36000000000001,225.95555555555552
2023-12-25,118.0,27.0,1.0,6.0,2.5,-0.8,7.5,0.0,9.7,5.4,97.0,1018.1,12,0,-2.4492935982947064e-16,1.0,1,49.0,126.0,187.0,123.0,114.0,42.391036788453626,0.9925461516413221,-0.12186934340514737,0,15.5,0,40.5,185.10909090909092
2023-12-26,59.0,37.0,1.0,7.0,2.7,-0.5,8.0,3.8,17.7,5.4,130.0,1021.4,12,1,-2.4492935982947064e-16,1.0,1,118.0,101.0,115.0,27.0,104.14285714285714,28.251422214516673,0.766044443118978,-0.6427876096865394,0,15.3,0,43.2,185.70909090909092
2023-12-27,67.0,24.0,1.0,8.0,1.4,-2.3,4.5,3.3,17.3,8.0,174.0,1022.1,12,2,-2.4492935982947064e-16,1.0,1,59.0,49.0,89.0,37.0,96.14285714285714,32.3028820769327,0.10452846326765373,-0.9945218953682733,1,16.6,0,36.0,126.18518518518519
2023-12-28,55.0,32.0,1.0,7.0,2.0,-0.1,5.6,0.8,11.8,8.1,49.0,1025.2,12,3,-2.4492935982947064e-16,1.0,1,67.0,118.0,131.0,24.0,93.0,34.13209633175245,0.754709580222772,0.6560590289905073,0,16.0,0,45.35999999999999,125.02439024390246
2023-12-29,81.0,21.0,1.0,3.0,3.0,-1.1,7.7,10.0,16.7,6.4,305.0,1020.1,12,4,-2.4492935982947064e-16,1.0,1,55.0,59.0,126.0,32.0,82.14285714285714,32.05426945784633,-0.8191520442889918,0.573576436351046,0,15.0,0,49.28,156.93846153846155
2023-12-30,52.0,59.0,1.0,9.0,-3.4,-6.4,-0.6,0.7,7.9,4.9,72.0,1034.7,12,5,-2.4492935982947064e-16,1.0,1,81.0,67.0,101.0,21.0,75.71428571428571,25.669140264231512,0.9510565162951535,0.30901699437494745,0,21.4,0,-2.94,206.94000000000003
2023-12-31,85.0,86.0,1.0,11.0,-2.7,-5.3,-0.4,0.0,6.5,3.7,88.0,1030.8,12,6,-2.4492935982947064e-16,1.0,1,52.0,55.0,49.0,59.0,68.71428571428571,24.267360011026987,0.9993908270190958,0.03489949670250108,0,20.7,0,-1.4800000000000002,271.2631578947368
2024-01-01,134.0,33.0,1.0,6.0,-0.1,-1.8,2.3,0.0,8.0,5.1,56.0,1024.0,1,0,0.49999999999999994,0.8660254037844387,1,85.0,81.0,118.0,86.0,73.85714285714286,23.183532743657082,0.8290375725550417,0.5591929034707468,0,18.1,0,11.729999999999999,196.92307692307696
2024-01-02,58.0,62.0,1.0,5.0,3.1,-1.9,6.8,0.0,12.0,4.7,56.0,1023.5,1,1,0.49999999999999994,0.8660254037844387,1,134.0,52.0,59.0,33.0,76.14285714285714,28.451295057979696,0.8290375725550417,0.5591929034707468,0,14.9,0,31.96,213.22916666666669
2024-01-03,98.0,68.0,1.0,14.0,-3.1,-6.1,-0.7,0.0,11.9,7.7,21.0,1028.6,1,2,0.49999999999999994,0.8660254037844387,1,58.0,85.0,67.0,62.0,76.0,28.554042329123256,0.35836794954530027,0.9335804264972017,0,21.1,0,-5.39,131.8717948717949
2024-01-04,119.0,67.0,1.0,19.0,-1.7,-4.5,1.1,0.0,12.1,5.1,9.0,1019.8,1,3,0.49999999999999994,0.8660254037844387,1,98.0,134.0,55.0,68.0,80.42857142857143,29.31926069359657,0.15643446504023087,0.9876883405951378,0,19.7,0,5.61,196.11538461538464
2024-01-05,94.0,48.0,1.0,10.0,3.1,0.7,5.8,0.0,7.9,4.9,74.0,1018.3,1,4,0.49999999999999994,0.8660254037844387,1,119.0,58.0,81.0,67.0,89.57142857142857,30.038071081308512,0.9612616959383189,0.27563735581699916,0,14.9,0,28.42,203.66
2024-01-06,87.0,86.0,1.0,15.0,2.1,-1.2,6.6,0.0,11.3,4.9,107.0,1020.2,1,5,0.49999999999999994,0.8660254037844387,1,94.0,98.0,52.0,48.0,91.42857142857143,29.82089392164062,0.9563047559630355,-0.29237170472273666,0,15.9,0,32.34,204.04000000000002
2024-01-07,116.0,49.0,1.0,11.0,2.5,-1.6,6.5,0.0,8.5,4.6,74.0,1019.4,1,6,0.49999999999999994,0.8660254037844387,1,87.0,119.0,85.0,86.0,96.42857142857143,24.582223542343403,0.9612616959383189,0.27563735581699916,0,15.5,0,29.9,216.8936170212766
2024-01-08,92.0,52.0,1.0,16.0,3.4,-1.1,6.9,0.7,8.3,5.3,135.0,1022.5,1,0,0.49999999999999994,0.8660254037844387,1,116.0,94.0,134.0,49.0,100.85714285714286,24.969505210881096,0.7071067811865476,-0.7071067811865475,1,14.6,0,36.57,189.35185185185188
2024-01-09,85.0,76.0,1.0,17.0,3.9,0.3,7.2,0.0,8.5,4.9,37.0,1019.0,1,1,0.49999999999999994,0.8660254037844387,1,92.0,87.0,58.0,52.0,94.85714285714286,20.284875904875992,0.6018150231520483,0.7986355100472928,0,14.1,0,35.28,203.8
2024-01-10,115.0,63.0,1.0,7.0,5.9,1.6,9.3,0.0,9.8,6.2,15.0,1010.6,1,2,0.49999999999999994,0.8660254037844387,1,85.0,116.0,98.0,76.0,98.71428571428571,13.561148989108176,0.25881904510252074,0.9659258262890683,0,12.1,0,57.660000000000004,160.4126984126984
2024-01-11,18.05,27.48,63.1,652.88,1.1,-1.5,4.0,8.2,22.3,15.61,7.0,1013.83,1,3,0.49999999999999994,0.8660254037844387,1,115.0,92.0,119.0,63.0,101.14285714285714,14.870872776770192,0.12186934340514748,0.992546151641322,0,16.9,0,62.44,64.53405474220243
2024-01-12,16.19,23.74,64.1,645.83,-3.0,-8.2,0.0,1.3,13.8,9.66,28.0,1017.07,1,4,0.49999999999999994,0.8660254037844387,1,18.05,85.0,94.0,27.48,86.72142857142856,32.80385974676979,0.4694715627858908,0.882947592858927,0,21.0,0,0.0,104.2079918032787
2024-01-13,30.29,46.75,85.58,951.17,2.3,-3.5,5.9,0.1,14.5,10.15,10.0,1020.3,1,5,0.49999999999999994,0.8660254037844387,1,16.19,115.0,87.0,23.74,75.60571428571428,41.85958745502387,0.17364817766693033,0.984807753012208,0,15.7,0,59.885000000000005,99.54146341463415
2024-01-14,30.98,48.31,87.37,1012.0,3.7,-3.7,9.9,0.7,11.5,8.05,225.0,1023.53,1,6,0.49999999999999994,0.8660254037844387,1,30.29,18.05,116.0,46.75,67.50428571428571,44.67960491363063,-0.7071067811865475,-0.7071067811865477,1,14.3,0,79.69500000000001,125.58650306748466
2024-01-15,9.0,15.83,49.67,479.79,-4.8,-7.4,-2.8,3.5,15.5,10.85,339.0,1026.77,1,0,0.49999999999999994,0.8660254037844387,1,30.98,16.19,92.0,48.31,55.35857142857143,40.67587959654238,-0.35836794954530077,0.9335804264972015,0,22.8,0,-30.379999999999995,93.7689497716895
2024-01-16,94.0,48.0,1.0,6.0,-6.8,-8.7,-2.9,0.6,12.0,6.0,2.0,1030.0,1,1,0.49999999999999994,0.8660254037844387,1,9.0,30.29,85.0,15.83,43.50142857142857,40.310344176390764,0.03489949670250097,0.9993908270190958,0,24.8,0,-17.4,168.85245901639345
2024-01-17,101.0,95.0,1.0,15.0,-8.4,-14.6,-6.2,2.9,12.6,5.9,14.0,1033.3,1,2,0.49999999999999994,0.8660254037844387,1,94.0,30.98,115.0,48.0,44.787142857142854,41.96416316902106,0.24192189559966773,0.9702957262759965,0,26.4,0,-36.580000000000005,172.21666666666664
2024-01-18,168.0,60.0,1.0,13.0,-9.9,-16.3,-4.9,0.0,16.2,7.9,7.0,1032.1,1,3,0.49999999999999994,0.8660254037844387,1,101.0,9.0,18.05,95.0,42.787142857142854,38.22735918784116,0.12186934340514748,0.992546151641322,0,27.9,0,-38.71000000000001,129.0125
2024-01-19,99.0,57.0,1.0,4.0,-2.9,-7.2,-0.0,0.0,11.4,5.6,57.0,1028.6,1,4,0.49999999999999994,0.8660254037844387,1,168.0,94.0,16.19,60.0,64.20857142857143,58.626183123405525,0.8386705679454239,0.5446390350150272,0,20.9,0,-0.0,180.4561403508772
2024-01-20,108.0,49.0,1.0,4.0,-7.3,-11.2,-4.3,2.5,10.4,7.4,24.0,1034.8,1,5,0.49999999999999994,0.8660254037844387,1,99.0,101.0,30.29,57.0,76.03857142857143,55.59855226789403,0.40673664307580015,0.9135454576426009,0,25.3,0,-31.82,137.97333333333333
2024-01-21,96.0,99.0,1.0,14.0,-10.8,-13.7,-8.1,3.9,10.6,5.1,331.0,1037.3,1,6,0.49999999999999994,0.8660254037844387,1,108.0,168.0,30.98,49.0,87.14,52.61986823751426,-0.4848096202463369,0.8746197071393959,0,28.8,0,-41.309999999999995,199.48076923076925
2024-01-22,160.0,77.0,1.0,17.0,-10.3,-15.5,-6.5,0.0,13.5,6.6,3.0,1034.4,1,0,0.49999999999999994,0.8660254037844387,1,96.0,99.0,9.0,99.0,96.42857142857143,46.42864468858719,0.05233595624294383,0.9986295347545738,0,28.3,0,-42.9,154.38805970149258
2024-01-23,143.0,112.0,1.0,18.0,-3.5,-12.2,2.6,0.0,12.4,4.9,48.0,1029.2,1,1,0.49999999999999994,0.8660254037844387,1,160.0,108.0,94.0,77.0,118.0,31.817186131607535,0.7431448254773941,0.6691306063588582,0,21.5,0,12.740000000000002,205.84000000000003
2024-01-24,124.0,74.0,1.0,15.0,-1.9,-7.7,0.9,0.0,7.2,3.8,63.0,1027.5,1,2,0.49999999999999994,0.8660254037844387,1,143.0,96.0,101.0,112.0,125.0,31.037611591959813,0.8910065241883678,0.4539904997395468,0,19.9,0,3.42,263.4615384615385
2024-01-25,135.0,41.0,1.0,5.0,-1.1,-6.7,1.0,0.0,9.3,4.7,11.0,1019.5,1,3,0.49999999999999994,0.8660254037844387,1,124.0,160.0,168.0,74.0,128.28571428571428,29.238754452007466,0.1908089953765448,0.981627183447664,0,19.1,0,4.7,212.39583333333334
2024-01-26,78.0,92.0,1.0,9.0,-3.1,-9.0,2.1,3.4,11.8,7.6,41.0,1029.1,1,4,0.49999999999999994,0.8660254037844387,1,135.0,143.0,99.0,41.0,123.57142857142857,23.950345459284563,0.6560590289905072,0.754709580222772,0,21.1,0,15.959999999999999,133.64935064935065
2024-01-27,151.0,96.0,1.0,8.0,-6.3,-9.8,-2.8,0.0,15.0,6.7,9.0,1030.3,1,5,0.49999999999999994,0.8660254037844387,1,78.0,124.0,108.0,92.0,120.57142857142857,28.436227731875285,0.15643446504023087,0.9876883405951378,0,24.3,0,-18.759999999999998,151.51470588235293
2024-01-28,151.0,107.0,1.0,11.0,-5.1,-7.4,-2.3,0.0,15.1,7.8,0.0,1022.3,1,6,0.49999999999999994,0.8660254037844387,1,151.0,135.0,96.0,96.0,126.71428571428571,29.875933936388552,0.0,1.0,0,23.1,0,-17.939999999999998,129.40506329113924
2024-01-29,171.0,75.0,1.0,11.0,-5.5,-8.2,-2.9,0.6,16.7,6.8,351.0,1021.3,1,0,0.49999999999999994,0.8660254037844387,1,151.0,78.0,160.0,107.0,134.57142857142858,27.597446396706182,-0.1564344650402311,0.9876883405951377,0,23.5,0,-19.72,148.0144927536232
2024-01-30,114.0,47.0,1.0,1.0,-1.0,-3.7,1.8,1.3,9.2,4.6,114.0,1026.0,1,1,0.49999999999999994,0.8660254037844387,1,171.0,151.0,143.0,75.0,136.14285714285714,29.532064898054116,0.913545457642601,-0.4067366430758001,0,19.0,0,8.28,218.29787234042556
2024-01-31,141.0,45.0,1.0,6.0,-4.0,-6.5,-1.8,1.3,6.5,3.4,63.0,1028.2,1,2,0.49999999999999994,0.8660254037844387,1,114.0,151.0,124.0,47.0,132.0,30.43024810940627,0.8910065241883678,0.4539904997395468,0,22.0,0,-6.12,293.77142857142854
2024-02-01,91.0,29.0,1.0,4.0,-6.2,-10.2,-4.2,0.0,10.0,5.8,319.0,1027.5,2,3,0.8660254037844386,0.5000000000000001,1,141.0,171.0,135.0,45.0,134.42857142857142,30.363668766346475,-0.6560590289905074,0.7547095802227719,0,24.2,0,-24.36,174.15254237288138
2024-02-02,68.0,77.0,1.0,11.0,-5.3,-8.8,-3.4,1.5,10.1,5.8,87.0,1032.2,2,4,0.8660254037844386,0.5000000000000001,1,91.0,114.0,78.0,29.0,128.14285714285714,34.498447170023205,0.9986295347545738,0.052335956242943966,0,23.3,0,-19.72,174.9491525423729
2024-02-03,146.0,76.0,1.0,9.0,-7.3,-10.1,-4.7,0.0,14.7,5.0,345.0,1020.2,2,5,0.8660254037844386,0.5000000000000001,1,68.0,141.0,151.0,77.0,126.71428571428571,37.03473273255059,-0.2588190451025207,0.9659258262890683,0,25.3,0,-23.5,200.03921568627453
2024-02-04,132.0,73.0,1.0,11.0,-4.1,-10.1,0.2,0.0,12.0,5.0,71.0,1023.9,2,6,0.8660254037844386,0.5000000000000001,1,146.0,91.0,151.0,76.0,126.0,36.53309002352103,0.9455185755993167,0.32556815445715676,0,22.1,0,1.0,200.76470588235296
2024-02-05,114.0,126.0,1.0,15.0,-3.8,-5.5,-1.8,0.0,4.7,3.4,58.0,1025.7,2,0,0.8660254037844386,0.5000000000000001,1,132.0,68.0,171.0,73.0,123.28571428571429,35.04147202822375,0.8480480961564261,0.5299192642332049,0,21.8,0,-6.12,293.0571428571429
2024-02-06,149.0,92.0,1.0,15.0,-3.0,-6.5,0.1,0.0,9.4,5.0,46.0,1020.4,2,1,0.8660254037844386,0.5000000000000001,1,114.0,146.0,114.0,126.0,115.14285714285714,28.026348147345512,0.7193398003386511,0.6946583704589974,0,21.0,0,0.5,200.07843137254903
2024-02-07,104.0,25.0,1.0,6.0,-2.4,-8.2,4.7,0.0,11.1,6.1,242.0,1014.6,2,2,0.8660254037844386,0.5000000000000001,1,149.0,132.0,141.0,92.0,120.14285714285714,30.775686136021132,-0.882947592858927,-0.46947156278589075,0,20.4,0,28.669999999999998,163.64516129032262
2024-02-08,50.0,65.0,1.0,14.0,0.4,-3.5,4.6,5.5,12.4,7.8,87.0,1026.4,2,3,0.8660254037844386,0.5000000000000001,1,104.0,114.0,91.0,25.0,114.85714285714286,29.756951968846156,0.9986295347545738,0.052335956242943966,0,17.6,0,35.879999999999995,129.92405063291142
2024-02-09,106.0,74.0,1.0,10.0,1.5,-3.3,3.8,0.0,10.1,4.3,65.0,1024.5,2,4,0.8660254037844386,0.5000000000000001,1,50.0,149.0,68.0,65.0,109.0,38.10074364978581,0.9063077870366499,0.42261826174069944,0,16.5,0,16.34,232.84090909090912
2024-02-10,94.0,38.0,1.0,6.0,3.5,-1.5,6.7,0.0,9.0,6.2,96.0,1020.2,2,5,0.8660254037844386,0.5000000000000001,1,106.0,104.0,146.0,74.0,114.42857142857143,33.743429695558135,0.9945218953682734,-0.10452846326765333,0,14.5,0,41.54,161.93650793650792
2024-02-11,67.0,34.0,1.0,3.0,5.4,-0.5,11.1,0.0,11.4,6.0,127.0,1018.3,2,6,0.8660254037844386,0.5000000000000001,1,94.0,50.0,132.0,38.0,107.0,31.267661675710485,0.7986355100472927,-0.6018150231520484,0,12.6,0,66.6,166.9344262295082
2024-02-12,67.0,80.0,1.0,9.0,-1.9,-6.2,7.2,6.1,11.0,6.8,6.0,1031.5,2,0,0.8660254037844386,0.5000000000000001,1,67.0,106.0,114.0,34.0,97.71428571428571,32.24238559057715,0.10452846326765346,0.9945218953682733,0,19.9,0,48.96,149.4927536231884
2024-02-13,135.0,92.0,1.0,21.0,-4.0,-7.9,0.2,0.2,7.9,4.4,29.0,1033.3,2,1,0.8660254037844386,0.5000000000000001,1,67.0,94.0,149.0,80.0,91.0,33.166247903554435,0.48480962024633706,0.8746197071393957,0,22.0,0,0.8800000000000001,229.6222222222222
2024-02-14,136.0,38.0,1.0,10.0,1.6,-2.0,4.1,0.0,7.3,5.3,58.0,1025.5,2,2,0.8660254037844386,0.5000000000000001,1,135.0,67.0,104.0,92.0,89.0,29.2802550079975,0.8480480961564261,0.5299192642332049,0,16.4,0,21.729999999999997,189.90740740740742
2024-02-15,55.0,30.0,1.0,2.0,7.1,1.1,14.9,0.0,9.7,5.2,144.0,1012.5,2,3,0.8660254037844386,0.5000000000000001,1,136.0,67.0,50.0,38.0,93.57142857142857,34.11186080557724,0.5877852522924732,-0.8090169943749473,1,10.9,0,77.48,191.03773584905662
2024-02-16,67.0,38.0,1.0,4.0,-4.8,-15.9,7.5,20.5,11.6,8.3,360.0,1025.5,2,4,0.8660254037844386,0.5000000000000001,1,55.0,135.0,106.0,30.0,94.28571428571429,33.084307890168375,-2.4492935982947064e-16,1.0,0,22.8,0,62.25000000000001,122.08333333333333
2024-02-17,89.0,73.0,1.0,6.0,-21.0,-27.5,-14.9,0.2,15.6,8.3,14.0,1044.8,2,5,0.8660254037844386,0.5000000000000001,1,67.0,136.0,94.0,38.0,88.71428571428571,34.052480505411914,0.24192189559966773,0.9702957262759965,0,39.0,0,-123.67000000000002,124.38095238095237
2024-02-18,159.0,27.0,1.0,3.0,-18.7,-26.4,-12.8,0.0,18.1,8.6,323.0,1031.3,2,6,0.8660254037844386,0.5000000000000001,1,89.0,55.0,67.0,73.0,88.0,33.97548135543282,-0.6018150231520483,0.7986355100472928,0,36.7,0,-110.08,118.54022988505749
2024-02-19,77.0,47.0,1.0,5.0,-20.0,-24.1,-15.6,0.0,16.6,8.6,291.0,1033.6,2,0,0.8660254037844386,0.5000000000000001,1,159.0,67.0,67.0,27.0,101.14285714285714,41.46656714120688,-0.9335804264972021,0.35836794954529955,0,38.0,0,-134.16,118.80459770114943
2024-02-20,114.0,97.0,1.0,10.0,-18.1,-24.5,-13.1,0.9,15.3,7.3,354.0,1036.4,2,1,0.8660254037844386,0.5000000000000001,1,77.0,89.0,135.0,47.0,102.57142857142857,40.248632038274394,-0.10452846326765342,0.9945218953682733,0,36.1,0,-95.63,140.05405405405406
2024-02-21,162.0,88.0,1.0,11.0,-11.9,-16.2,-8.2,0.3,12.1,4.6,5.0,1034.0,2,2,0.8660254037844386,0.5000000000000001,1,114.0,159.0,136.0,97.0,99.57142857142857,38.15694407250676,0.08715574274765817,0.9961946980917455,0,29.9,0,-37.71999999999999,220.00000000000003
2024-02-22,135.0,63.0,1.0,6.0,-6.9,-11.7,-3.1,0.0,8.0,5.5,4.0,1031.2,2,3,0.8660254037844386,0.5000000000000001,1,162.0,77.0,55.0,88.0,103.28571428571429,43.223119915597515,0.0697564737441253,0.9975640502598242,0,24.9,0,-17.05,184.14285714285717
2024-02-23,129.0,43.0,1.0,2.0,-4.6,-10.1,0.7,0.2,14.2,6.5,300.0,1029.2,2,4,0.8660254037844386,0.5000000000000001,1,135.0,114.0,67.0,63.0,114.71428571428571,38.66399826589054,-0.8660254037844386,0.5000000000000001,0,22.6,0,4.55,155.93939393939394
2024-02-24,80.0,63.0,1.0,3.0,-7.0,-9.0,-4.7,2.8,10.3,6.3,23.0,1034.8,2,5,0.8660254037844386,0.5000000000000001,1,129.0,162.0,89.0,43.0,123.57142857142857,32.52617993174736,0.3907311284892737,0.9205048534524404,0,25.0,0,-29.61,161.6875
2024-02-25,124.0,74.0,1.0,4.0,-9.2,-12.8,-6.0,0.0,8.2,4.9,16.0,1036.8,2,6,0.8660254037844386,0.5000000000000001,1,80.0,135.0,159.0,63.0,122.28571428571429,34.25256333821045,0.27563735581699916,0.9612616959383189,0,27.2,0,-29.400000000000002,207.36
2024-02-26,141.0,58.0,1.0,5.0,-10.2,-15.8,-6.4,0.0,8.7,4.6,349.0,1035.7,2,0,0.8660254037844386,0.5000000000000001,1,124.0,129.0,77.0,74.0,117.28571428571429,30.32993178206615,-0.19080899537654467,0.981627183447664,0,28.2,0,-29.439999999999998,220.3617021276596
2024-02-27,132.0,80.5,1.0,11.0,-8.9,-13.4,-4.9,0.0,8.4,4.6,318.0,1037.5,2,1,0.8660254037844386,0.5000000000000001,1,141.0,80.0,114.0,58.0,126.42857142857143,25.409034763624344,-0.6691306063588581,0.7431448254773942,0,26.9,0,-22.54,220.74468085106386
2024-02-28,160.0,103.0,1.0,9.0,-8.5,-14.2,-3.3,0.0,13.7,5.4,343.0,1036.2,2,2,0.8660254037844386,0.5000000000000001,1,132.0,124.0,162.0,80.5,129.0,24.846193538112747,-0.29237170472273627,0.9563047559630357,0,26.5,0,-17.82,188.4
2024-02-29,159.0,84.0,1.0,8.0,-7.3,-13.0,-0.6,0.0,14.8,6.7,339.0,1030.7,2,3,0.8660254037844386,0.5000000000000001,1,160.0,141.0,135.0,103.0,128.71428571428572,24.41116060134758,-0.35836794954530077,0.9335804264972015,0,25.3,0,-4.02,151.57352941176472
2024-03-01,150.0,75.0,1.0,5.0,-6.4,-11.7,0.3,0.0,18.9,7.8,338.0,1024.3,3,4,1.0,6.123233995736766e-17,1,159.0,132.0,129.0,84.0,132.14285714285714,26.9902980805365,-0.37460659341591235,0.9271838545667873,0,24.4,0,2.34,129.65822784810126
2024-03-02,138.0,68.0,1.0,4.0,-4.0,-9.8,-0.5,0.2,8.1,3.9,344.0,1022.8,3,5,1.0,6.123233995736766e-17,1,150.0,160.0,80.0,75.0,135.14285714285714,27.73943385284227,-0.2756373558169998,0.9612616959383187,0,22.0,0,-1.95,255.7
2024-03-03,114.0,43.0,1.0,4.0,-3.5,-6.2,-2.4,3.3,7.6,4.9,319.0,1026.1,3,6,1.0,6.123233995736766e-17,1,138.0,159.0,124.0,68.0,143.42857142857142,13.562904591288719,-0.6560590289905074,0.7547095802227719,0,21.5,0,-11.76,205.22
2024-03-04,74.0,64.0,1.0,6.0,-4.2,-7.3,-1.1,0.0,8.6,4.5,67.0,1030.0,3,0,1.0,6.123233995736766e-17,1,114.0,150.0,141.0,43.0,142.0,16.217274740227467,0.9205048534524403,0.39073112848927394,0,22.2,0,-4.95,223.9130434782609
2024-03-05,108.0,94.0,1.0,9.0,-4.4,-9.3,-0.9,0.0,7.2,4.4,339.0,1028.7,3,1,1.0,6.123233995736766e-17,1,74.0,138.0,132.0,64.0,132.42857142857142,30.440417993501157,-0.35836794954530077,0.9335804264972015,0,22.4,0,-3.9600000000000004,228.6
2024-03-06,150.0,47.0,1.0,6.0,-0.9,-5.7,3.0,0.0,10.1,4.3,20.0,1021.2,3,2,1.0,6.123233995736766e-17,1,108.0,114.0,160.0,94.0,129.0,31.817186131607478,0.3420201433256687,0.9396926207859084,0,18.9,0,12.899999999999999,232.09090909090912
2024-03-07,76.0,51.0,1.0,5.0,2.6,-0.5,6.5,0.0,8.4,5.0,187.0,1021.0,3,3,1.0,6.123233995736766e-17,1,150.0,74.0,159.0,47.0,127.57142857142857,30.385616898225653,-0.12186934340514774,-0.992546151641322,1,15.4,0,32.5,200.19607843137257
2024-03-08,87.0,63.0,1.0,7.0,4.0,-0.9,8.4,0.1,10.1,5.2,64.0,1021.3,3,4,1.0,6.123233995736766e-17,1,76.0,108.0,150.0,51.0,115.71428571428571,32.21652932742424,0.898794046299167,0.43837114678907746,0,14.0,0,43.68000000000001,192.69811320754718
2024-03-09,89.0,47.0,1.0,5.0,4.4,-1.0,11.2,0.0,11.9,7.4,84.0,1017.0,3,5,1.0,6.123233995736766e-17,1,87.0,150.0,138.0,63.0,106.71428571428571,29.747348821446053,0.9945218953682733,0.10452846326765346,0,13.6,0,82.88,135.6
2024-03-10,73.0,62.0,1.0,5.0,5.4,0.7,8.4,0.6,8.0,4.5,146.0,1021.5,3,6,1.0,6.123233995736766e-17,1,89.0,76.0,114.0,47.0,99.71428571428571,26.775077253012533,0.5591929034707469,-0.8290375725550416,1,12.6,0,37.800000000000004,222.06521739130437
2024-03-11,94.0,36.0,1.0,5.0,4.5,0.1,9.1,1.2,9.7,5.4,44.0,1023.2,3,0,1.0,6.123233995736766e-17,1,73.0,87.0,74.0,62.0,93.85714285714286,27.600897155881587,0.6946583704589973,0.7193398003386512,0,13.5,0,49.14,186.03636363636366
2024-03-12,60.0,18.0,1.0,4.0,5.6,1.0,11.2,0.1,13.3,5.9,168.0,1014.8,3,1,1.0,6.123233995736766e-17,1,94.0,89.0,108.0,36.0,96.71428571428571,26.202508058799573,0.20791169081775931,-0.9781476007338057,1,12.4,0,66.08,169.13333333333333
2024-03-13,38.0,23.0,1.0,3.0,0.1,-2.4,4.5,19.9,9.0,4.7,341.0,1027.2,3,2,1.0,6.123233995736766e-17,1,60.0,73.0,150.0,18.0,89.85714285714286,28.89883833552633,-0.32556815445715753,0.9455185755993165,0,17.9,0,21.150000000000002,214.00000000000003
2024-03-14,42.0,24.0,1.0,1.0,0.0,-3.8,5.2,9.9,20.2,7.6,330.0,1029.8,3,3,1.0,6.123233995736766e-17,1,38.0,94.0,76.0,23.0,73.85714285714286,19.53994687325316,-0.5000000000000004,0.8660254037844384,0,18.0,0,39.519999999999996,133.74025974025975
2024-03-15,63.0,71.0,1.0,6.0,-5.0,-6.7,-3.4,0.4,9.7,5.4,23.0,1040.8,3,4,1.0,6.123233995736766e-17,1,42.0,60.0,87.0,24.0,69.0,22.86190426597705,0.3907311284892737,0.9205048534524404,0,23.0,0,-18.36,189.23636363636362
2024-03-16,123.0,64.0,1.0,5.0,-1.5,-5.8,2.6,0.0,10.0,4.0,26.0,1036.3,3,5,1.0,6.123233995736766e-17,1,63.0,38.0,89.0,71.0,65.57142857142857,21.46980160486851,0.4383711467890774,0.898794046299167,0,19.5,0,10.4,252.75609756097563
2024-03-17,106.0,73.0,1.0,8.0,1.5,-5.3,7.1,0.0,15.1,6.3,322.0,1027.6,3,6,1.0,6.123233995736766e-17,1,123.0,42.0,73.0,64.0,70.42857142857143,29.85999075048551,-0.6156614753256588,0.7880107536067216,0,16.5,0,44.73,160.5625
2024-03-18,86.0,38.0,1.0,6.0,7.6,2.0,14.8,0.0,7.3,4.4,71.0,1021.7,3,0,1.0,6.123233995736766e-17,1,106.0,63.0,94.0,73.0,75.14285714285714,32.794453654180955,0.9455185755993167,0.32556815445715676,0,10.4,0,65.12,227.04444444444445
2024-03-19,63.0,50.0,1.0,10.0,9.3,2.6,14.4,0.0,9.7,4.8,78.0,1020.5,3,1,1.0,6.123233995736766e-17,1,86.0,123.0,60.0,38.0,74.0,32.16105305075326,0.9781476007338056,0.20791169081775945,0,8.7,0,69.12,208.265306122449
2024-03-20,92.0,53.0,1.0,6.0,8.3,5.0,12.6,0.1,11.8,5.8,29.0,1012.6,3,2,1.0,6.123233995736766e-17,1,63.0,106.0,38.0,50.0,74.42857142857143,31.962775968602596,0.48480962024633706,0.8746197071393957,0,9.7,0,73.08,171.62711864406782
2024-03-21,94.0,10.0,1.0,1.0,7.4,1.8,13.8,3.3,19.3,10.7,203.0,1008.7,3,3,1.0,6.123233995736766e-17,1,92.0,86.0,42.0,53.0,82.14285714285714,27.972775880777746,-0.39073112848927355,-0.9205048534524404,1,10.6,0,147.66,93.39814814814817
2024-03-22,23.0,25.0,1.0,2.0,8.1,5.3,11.3,7.7,11.0,5.1,182.0,1016.5,3,4,1.0,6.123233995736766e-17,1,94.0,63.0,63.0,10.0,89.57142857142857,21.74746838030603,-0.0348994967025009,-0.9993908270190958,1,9.9,0,57.63,195.48076923076928
2024-03-23,45.0,39.0,1.0,5.0,7.9,4.0,12.9,0.2,10.1,5.9,39.0,1018.4,3,5,1.0,6.123233995736766e-17,1,23.0,92.0,123.0,25.0,83.85714285714286,32.49322273658854,0.6293203910498374,0.7771459614569709,0,10.1,0,76.11000000000001,169.73333333333332
2024-03-24,53.0,42.0,1.0,7.0,10.7,6.5,16.2,0.0,8.0,3.6,148.0,1018.6,3,6,1.0,6.123233995736766e-17,1,45.0,94.0,106.0,39.0,72.71428571428571,30.12039334467809,0.5299192642332049,-0.848048096156426,1,7.300000000000001,0,58.32,275.29729729729723
2024-03-25,62.0,43.0,1.0,6.0,12.3,8.4,17.0,0.0,12.3,6.5,42.0,1022.4,3,0,1.0,6.123233995736766e-17,1,53.0,23.0,86.0,42.0,65.14285714285714,26.84168754896429,0.6691306063588582,0.7431448254773942,0,5.699999999999999,0,110.5,154.9090909090909
2024-03-26,63.0,37.0,1.0,5.0,12.3,4.1,18.1,0.0,11.6,4.7,26.0,1013.3,3,1,1.0,6.123233995736766e-17,1,62.0,45.0,63.0,43.0,61.714285714285715,25.21715213708314,0.4383711467890774,0.898794046299167,0,5.699999999999999,0,85.07000000000001,211.10416666666666
2024-03-27,49.0,33.0,1.0,3.0,15.7,11.2,20.8,0.0,11.5,4.5,153.0,1013.9,3,2,1.0,6.123233995736766e-17,1,63.0,53.0,92.0,37.0,61.714285714285715,25.21715213708314,0.45399049973954686,-0.8910065241883678,1,2.3000000000000007,0,93.60000000000001,220.41304347826087
2024-03-28,58.0,15.0,1.0,2.0,14.3,9.0,22.6,16.2,20.3,4.8,348.0,1014.6,3,3,1.0,6.123233995736766e-17,1,49.0,62.0,94.0,33.0,55.57142857142857,21.585930161853508,-0.20791169081775987,0.9781476007338056,0,3.6999999999999993,0,108.48,207.06122448979596
2024-03-29,39.0,10.0,1.0,2.0,9.1,4.7,13.4,0.0,16.4,9.6,122.0,1017.2,3,4,1.0,6.123233995736766e-17,1,58.0,63.0,23.0,15.0,50.42857142857143,13.782321319444636,0.8480480961564261,-0.5299192642332048,0,8.9,0,128.64,104.86597938144331
2024-03-30,31.0,24.0,1.0,2.0,6.1,4.0,8.0,9.8,14.3,6.2,133.0,1020.9,3,5,1.0,6.123233995736766e-17,1,39.0,49.0,45.0,10.0,52.714285714285715,8.957571949927722,0.7313537016191706,-0.6819983600624984,0,11.9,0,49.6,162.04761904761904
2024-03-31,47.0,42.0,1.0,5.0,3.7,1.4,7.6,6.4,10.5,5.9,46.0,1032.0,3,6,1.0,6.123233995736766e-17,1,31.0,58.0,53.0,24.0,50.714285714285715,12.009916537517332,0.7193398003386511,0.6946583704589974,0,14.3,0,44.84,172.0
2024-04-01,59.0,43.0,1.0,6.0,6.2,0.5,11.6,3.4,12.9,6.8,18.0,1026.1,4,0,0.8660254037844387,-0.4999999999999998,1,47.0,39.0,62.0,42.0,49.857142857142854,12.033682886363636,0.3090169943749474,0.9510565162951535,0,11.8,0,78.88,148.71014492753622
2024-04-02,66.0,21.0,1.0,4.0,8.5,3.6,13.4,0.0,7.7,3.9,357.0,1020.0,4,1,0.8660254037844387,-0.4999999999999998,1,59.0,31.0,63.0,43.0,49.42857142857143,11.573779890442808,-0.05233595624294437,0.9986295347545738,0,9.5,0,52.26,255.0
2024-04-03,39.0,31.0,1.0,4.0,11.1,6.8,16.0,0.0,8.2,4.4,297.0,1020.1,4,2,0.8660254037844387,-0.4999999999999998,1,66.0,47.0,49.0,21.0,49.857142857142854,12.198750911858191,-0.891006524188368,0.45399049973954664,0,6.9,0,70.4,226.68888888888887
2024-04-04,58.0,34.0,1.0,5.0,10.0,4.9,14.0,0.0,6.8,3.9,75.0,1020.7,4,3,0.8660254037844387,-0.4999999999999998,1,39.0,59.0,58.0,31.0,48.42857142857143,12.88225061673691,0.9659258262890683,0.25881904510252074,0,8.0,0,54.6,255.175
2024-04-05,63.0,27.0,1.0,3.0,11.2,4.8,16.5,0.0,9.1,4.6,278.0,1017.1,4,4,0.8660254037844387,-0.4999999999999998,1,58.0,66.0,39.0,34.0,48.42857142857143,12.88225061673691,-0.9902680687415704,0.13917310096006547,0,6.800000000000001,0,75.89999999999999,216.40425531914897
2024-04-06,54.0,14.0,1.0,2.0,11.7,5.5,18.3,7.6,17.1,7.1,154.0,1014.9,4,5,0.8660254037844387,-0.4999999999999998,1,63.0,39.0,31.0,27.0,51.857142857142854,13.14570362550292,0.4383711467890773,-0.898794046299167,1,6.300000000000001,0,129.93,140.95833333333334
2024-04-07,29.0,27.0,1.0,5.0,9.6,6.4,14.5,13.6,9.9,4.7,186.0,1024.1,4,6,0.8660254037844387,-0.4999999999999998,1,54.0,58.0,47.0,14.0,55.142857142857146,9.40617831407775,-0.10452846326765305,-0.9945218953682734,1,8.4,0,68.15,213.35416666666666
2024-04-08,42.0,18.0,1.0,3.0,12.8,4.8,18.1,0.0,9.0,4.2,22.0,1019.1,4,0,0.8660254037844387,-0.4999999999999998,1,29.0,63.0,59.0,27.0,52.57142857142857,13.550610599492714,0.374606593415912,0.9271838545667874,0,5.199999999999999,0,76.02000000000001,237.0
2024-04-09,33.0,10.0,1.0,5.0,10.4,4.5,15.4,15.1,21.7,6.9,252.0,1019.8,4,1,0.8660254037844387,-0.4999999999999998,1,42.0,54.0,66.0,18.0,50.142857142857146,13.728663098649761,-0.9510565162951535,-0.30901699437494756,0,7.6,0,106.26,145.68571428571428
2024-04-10,27.0,37.0,1.0,6.0,10.4,2.7,14.4,0.0,10.1,5.9,40.0,1022.3,4,2,0.8660254037844387,-0.4999999999999998,1,33.0,29.0,39.0,10.0,45.42857142857143,13.023787760059895,0.6427876096865393,0.766044443118978,0,7.6,0,84.96000000000001,170.38333333333333
2024-04-11,56.0,29.0,1.0,6.0,13.3,7.1,17.6,0.0,9.2,5.2,32.0,1014.5,4,3,0.8660254037844387,-0.4999999999999998,1,27.0,42.0,58.0,37.0,43.714285714285715,14.693698033674185,0.5299192642332049,0.848048096156426,0,4.699999999999999,0,91.52000000000001,191.41509433962267
2024-04-12,48.0,47.0,1.0,7.0,9.4,6.0,15.2,4.9,11.5,6.8,343.0,1016.3,4,4,0.8660254037844387,-0.4999999999999998,1,56.0,33.0,63.0,29.0,43.42857142857143,14.385839598453044,-0.29237170472273627,0.9563047559630357,0,8.6,0,103.36,147.28985507246378
2024-04-13,86.0,34.0,1.0,6.0,9.5,3.1,14.6,0.2,9.3,4.3,26.0,1012.3,4,5,0.8660254037844387,-0.4999999999999998,1,48.0,27.0,54.0,47.0,41.285714285714285,11.884363476355578,0.4383711467890774,0.898794046299167,0,8.5,0,62.779999999999994,230.06818181818184
2024-04-14,54.0,47.0,1.0,7.0,14.5,10.6,18.5,0.0,7.1,4.5,98.0,1014.0,4,6,0.8660254037844387,-0.4999999999999998,1,86.0,56.0,29.0,34.0,45.857142857142854,20.570436484014998,0.9902680687415704,-0.13917310096006535,0,3.5,0,83.25,220.43478260869568
2024-04-15,74.0,24.0,1.0,3.0,14.2,8.6,18.0,0.0,10.9,4.2,181.0,1012.2,4,0,0.8660254037844387,-0.4999999999999998,1,54.0,48.0,42.0,47.0,49.42857142857143,19.286067016175647,-0.017452406437283192,-0.9998476951563913,1,3.8000000000000007,0,75.60000000000001,235.3953488372093
2024-04-16,43.0,9.0,1.0,4.0,11.3,9.4,13.8,34.1,10.0,6.1,229.0,1020.6,4,1,0.8660254037844387,-0.4999999999999998,1,74.0,86.0,33.0,24.0,54.0,20.952326839757827,-0.7547095802227717,-0.6560590289905077,0,6.699999999999999,0,84.17999999999999,164.6129032258065
2024-04-17,29.0,12.0,1.0,4.0,12.0,9.1,16.1,2.3,6.1,4.1,207.0,1024.7,4,2,0.8660254037844387,-0.4999999999999998,1,43.0,54.0,27.0,9.0,55.42857142857143,19.577684088925075,-0.45399049973954625,-0.8910065241883681,1,6.0,0,66.01,243.97619047619054
2024-04-18,37.0,32.0,1.0,4.0,12.5,6.0,18.5,0.1,9.2,5.2,113.0,1020.2,4,3,0.8660254037844387,-0.4999999999999998,1,29.0,74.0,56.0,12.0,55.714285714285715,19.102480517063682,0.9205048534524404,-0.3907311284892736,0,5.5,0,96.2,192.49056603773587
2024-04-19,51.0,24.0,1.0,4.0,15.0,11.2,19.4,0.0,6.7,4.0,256.0,1013.8,4,4,0.8660254037844387,-0.4999999999999998,1,37.0,43.0,48.0,32.0,53.0,20.363365799069243,-0.9702957262759965,-0.24192189559966779,0,3.0,0,77.6,247.26829268292684
2024-04-20,50.0,27.0,1.0,4.0,16.5,11.0,21.8,0.0,9.4,5.6,245.0,1011.4,4,5,0.8660254037844387,-0.4999999999999998,1,51.0,29.0,86.0,24.0,53.42857142857143,20.271960461495013,-0.9063077870366497,-0.42261826174069994,0,1.5,0,122.08,177.43859649122808
2024-04-21,58.0,34.0,1.0,5.0,13.4,9.1,17.6,0.0,8.7,5.9,251.0,1015.1,4,6,0.8660254037844387,-0.4999999999999998,1,50.0,37.0,54.0,27.0,48.285714285714285,14.326133296815737,-0.9455185755993168,-0.32556815445715664,0,4.6,0,103.84000000000002,169.18333333333334
2024-04-22,66.0,26.0,1.0,4.0,16.4,10.1,21.7,0.0,9.2,5.1,233.0,1014.0,4,0,0.8660254037844387,-0.4999999999999998,1,58.0,51.0,74.0,34.0,48.857142857142854,14.667748877823561,-0.7986355100472928,-0.6018150231520483,0,1.6000000000000014,0,110.66999999999999,195.00000000000003
2024-04-23,49.0,16.0,1.0,2.0,16.6,11.4,22.1,0.0,9.8,6.7,232.0,1014.2,4,1,0.8660254037844387,-0.4999999999999998,1,66.0,50.0,43.0,26.0,47.714285714285715,12.539461521059534,-0.7880107536067221,-0.6156614753256581,0,1.3999999999999986,0,148.07000000000002,149.14705882352942
2024-04-24,35.0,12.0,1.0,2.0,15.7,12.2,20.4,3.3,13.7,6.5,229.0,1013.2,4,2,0.8660254037844387,-0.4999999999999998,1,49.0,58.0,29.0,16.0,48.57142857142857,12.367391841144931,-0.7547095802227717,-0.6560590289905077,0,2.3000000000000007,0,132.6,153.51515151515153
2024-04-25,27.0,18.0,1.0,4.0,15.1,10.8,19.9,12.6,14.2,6.9,234.0,1012.6,4,3,0.8660254037844387,-0.4999999999999998,1,35.0,66.0,37.0,12.0,49.42857142857143,10.906529280775715,-0.8090169943749473,-0.5877852522924732,0,2.9000000000000004,0,137.31,144.65714285714284
2024-04-26,44.0,26.0,1.0,3.0,9.8,7.6,12.7,5.5,9.5,6.3,281.0,1017.2,4,4,0.8660254037844387,-0.4999999999999998,1,27.0,49.0,51.0,18.0,48.0,13.216151734400757,-0.9816271834476641,0.19080899537654425,0,8.2,0,80.00999999999999,158.9375
2024-04-27,49.0,34.0,1.0,3.0,7.7,3.3,12.2,0.4,9.2,4.8,297.0,1017.7,4,5,0.8660254037844387,-0.4999999999999998,1,44.0,35.0,50.0,26.0,47.0,13.216151734400764,-0.891006524188368,0.45399049973954664,0,10.3,0,58.559999999999995,207.69387755102045
2024-04-28,59.0,28.0,1.0,7.0,7.1,4.0,10.4,0.3,6.9,4.2,160.0,1021.6,4,6,0.8660254037844387,-0.4999999999999998,1,49.0,27.0,58.0,34.0,46.857142857142854,13.18368399991298,0.3420201433256689,-0.9396926207859083,1,10.9,0,43.68000000000001,237.58139534883722
2024-04-29,43.0,25.0,1.0,5.0,11.7,6.6,17.2,0.0,6.2,3.2,212.0,1020.8,4,0,0.8660254037844387,-0.4999999999999998,1,59.0,44.0,66.0,28.0,47.0,13.329166015422883,-0.5299192642332048,-0.8480480961564261,1,6.300000000000001,0,55.04,309.33333333333326
2024-04-30,47.0,15.0,1.0,4.0,14.1,8.5,19.1,0.0,8.3,4.5,192.0,1017.9,4,1,0.8660254037844387,-0.4999999999999998,1,43.0,49.0,49.0,25.0,43.714285714285715,10.37166469625137,-0.20791169081775907,-0.9781476007338057,1,3.9000000000000004,0,85.95,221.2826086956522
2024-05-01,30.0,15.0,1.0,3.0,14.6,10.0,20.4,9.3,19.6,8.9,219.0,1014.9,5,2,0.49999999999999994,-0.8660254037844387,0,47.0,59.0,35.0,15.0,43.42857142857143,10.228345302104644,-0.6293203910498376,-0.7771459614569708,1,3.4000000000000004,0,181.56,112.76666666666665
2024-05-02,32.0,19.0,1.0,4.0,13.7,6.0,19.6,0.0,15.8,8.4,34.0,1014.8,5,3,0.49999999999999994,-0.8660254037844387,0,30.0,43.0,27.0,15.0,42.714285714285715,11.056133828700425,0.5591929034707469,0.8290375725550417,0,4.300000000000001,0,164.64000000000001,119.38823529411764
2024-05-03,41.0,47.0,1.0,7.0,17.0,10.5,20.3,0.0,8.2,4.0,15.0,1006.7,5,4,0.49999999999999994,-0.8660254037844387,0,32.0,47.0,44.0,19.0,43.42857142857143,9.980934205728747,0.25881904510252074,0.9659258262890683,0,1.0,0,81.2,245.53658536585368
2024-05-04,51.0,44.73,1.0,4.0,19.6,14.8,24.0,0.0,6.6,4.2,238.0,1003.8,5,5,0.49999999999999994,-0.8660254037844387,0,41.0,30.0,49.0,47.0,43.0,10.01665280087974,-0.848048096156426,-0.529919264233205,0,0.0,0,100.80000000000001,233.44186046511626
2024-05-05,47.0,42.47,1.0,3.0,18.7,14.7,23.3,17.5,16.3,6.7,260.0,1005.4,5,6,0.49999999999999994,-0.8660254037844387,0,51.0,32.0,59.0,44.73,43.285714285714285,10.242302568504819,-0.984807753012208,-0.17364817766693033,0,0.0,0,156.11,147.85294117647058
2024-05-06,45.0,40.2,1.0,4.0,15.8,12.5,18.1,2.3,8.2,5.0,84.0,1018.7,5,0,0.49999999999999994,-0.8660254037844387,0,47.0,41.0,43.0,42.47,41.57142857142857,7.913219801009355,0.9945218953682733,0.10452846326765346,0,2.1999999999999993,0,90.5,199.74509803921572
2024-05-07,16.88,28.3,34.03,297.54,18.5,11.0,24.0,0.0,8.7,6.09,188.0,1017.88,5,1,0.49999999999999994,-0.8660254037844387,0,45.0,51.0,47.0,40.2,41.857142857142854,8.008923594522301,-0.13917310096006552,-0.9902680687415703,1,0.0,0,146.16,164.4394184168013
2024-05-08,14.07,25.58,22.74,256.38,20.2,12.1,26.3,0.0,6.1,4.27,68.0,1017.07,5,2,0.49999999999999994,-0.8660254037844387,0,16.88,47.0,30.0,28.3,37.55428571428571,11.921016255817642,0.9271838545667874,0.37460659341591196,0,0.0,0,112.30099999999999,232.73913043478265
2024-05-09,13.76,28.75,22.28,278.25,21.6,16.4,27.0,0.0,9.9,6.93,152.0,1016.25,5,3,0.49999999999999994,-0.8660254037844387,0,14.07,45.0,32.0,25.58,35.278571428571425,14.78093414794054,0.4694715627858911,-0.8829475928589268,1,0.0,0,187.10999999999999,144.55903271692748
2024-05-10,14.42,30.83,28.6,266.88,19.3,16.1,23.5,0.0,14.0,9.8,142.0,1015.43,5,4,0.49999999999999994,-0.8660254037844387,0,13.76,16.88,41.0,28.75,32.67285714285715,16.90970009027062,0.6156614753256584,-0.7880107536067219,1,0.0,0,230.3,102.56868686868687
2024-05-11,18.55,37.54,32.63,271.12,15.5,13.5,17.9,3.3,10.7,7.49,154.0,1014.62,5,5,0.49999999999999994,-0.8660254037844387,0,14.42,14.07,51.0,30.83,28.875714285714285,17.69427954372459,0.4383711467890773,-0.898794046299167,1,2.5,0,134.071,133.67852437417656
2024-05-12,12.61,25.98,29.21,274.58,15.5,12.6,18.0,2.8,6.4,4.48,164.0,1013.8,5,6,0.49999999999999994,-0.8660254037844387,0,18.55,13.76,47.0,37.54,24.240000000000002,14.973491020245625,0.27563735581699966,-0.9612616959383187,1,2.5,0,80.64000000000001,221.35371179039302
2024-05-13,18.14,42.76,43.49,314.75,17.6,12.4,21.1,0.4,6.4,4.48,131.0,1012.98,5,0,0.49999999999999994,-0.8660254037844387,0,12.61,14.42,45.0,25.98,19.327142857142857,11.50013581700529,0.7547095802227718,-0.6560590289905075,0,0.3999999999999986,0,94.52800000000002,221.17467248908298
2024-05-14,10.28,27.18,21.4,256.12,20.2,12.1,26.5,0.0,9.1,6.37,41.0,1012.17,5,1,0.49999999999999994,-0.8660254037844387,0,18.14,18.55,16.88,42.76,15.49,2.3369067874817633,0.6560590289905072,0.754709580222772,0,0.0,0,168.805,156.4404945904173
2024-05-15,10.98,21.14,29.05,284.04,22.6,14.6,30.1,0.0,8.7,6.09,155.0,1011.35,5,2,0.49999999999999994,-0.8660254037844387,0,10.28,12.61,14.07,27.18,14.547142857142857,2.937003656149528,0.4226182617406995,-0.9063077870366499,1,0.0,0,183.309,163.38449111470115
2024-05-16,18.25,38.27,22.93,217.88,21.6,16.8,25.4,8.6,15.9,11.13,237.0,1010.53,5,3,0.49999999999999994,-0.8660254037844387,0,10.98,18.14,13.76,21.14,14.105714285714285,3.237508595325613,-0.8386705679454242,-0.544639035015027,0,0.0,0,282.702,89.98486197684772
2024-05-17,19.1,35.42,35.41,252.58,18.2,14.4,21.6,0.1,6.3,4.41,47.0,1009.72,5,4,0.49999999999999994,-0.8660254037844387,0,18.25,10.28,14.42,38.27,14.747142857142858,3.5838606478073776,0.7313537016191705,0.6819983600624985,0,0.0,0,95.25600000000001,223.8847006651885
2024-05-18,52.0,13.0,1.0,2.0,18.7,14.6,24.9,17.0,20.4,7.4,218.0,1008.9,5,5,0.49999999999999994,-0.8660254037844387,0,19.1,10.98,18.55,35.42,15.415714285714285,3.932254896554087,-0.6156614753256578,-0.7880107536067222,1,0.0,0,184.26,134.51999999999998
2024-05-19,33.0,19.0,1.0,4.0,19.1,14.8,24.4,0.2,13.7,6.8,312.0,1012.0,5,6,0.49999999999999994,-0.8660254037844387,0,52.0,18.25,12.61,13.0,20.194285714285712,14.50010788137359,-0.7431448254773946,0.6691306063588578,0,0.0,0,165.92,146.66666666666669
2024-05-20,40.0,45.0,1.0,3.0,13.1,11.6,16.5,3.5,9.2,5.1,155.0,1019.9,5,0,0.49999999999999994,-0.8660254037844387,0,33.0,19.1,18.14,19.0,23.107142857142858,14.768155734876549,0.4226182617406995,-0.9063077870366499,1,4.9,0,84.14999999999999,196.13461538461542
2024-05-21,70.0,32.0,1.0,4.0,14.5,8.5,18.8,0.0,9.9,4.3,128.0,1020.1,5,1,0.49999999999999994,-0.8660254037844387,0,40.0,52.0,10.28,45.0,26.229999999999997,15.816768527948724,0.788010753606722,-0.6156614753256583,0,3.5,0,80.84,231.84090909090912
2024-05-22,48.0,24.0,1.0,4.0,15.7,11.8,19.4,0.0,6.0,3.5,132.0,1019.6,5,2,0.49999999999999994,-0.8660254037844387,0,70.0,33.0,10.98,32.0,34.76142857142857,21.027499794770854,0.7431448254773942,-0.6691306063588582,0,2.3000000000000007,0,67.89999999999999,283.22222222222223
2024-05-23,41.0,35.0,1.0,3.0,15.4,11.4,18.6,0.0,7.4,4.1,75.0,1017.6,5,3,0.49999999999999994,-0.8660254037844387,0,48.0,40.0,18.25,24.0,40.050000000000004,18.560060165133432,0.9659258262890683,0.25881904510252074,0,2.5999999999999996,0,76.26,242.28571428571433
2024-05-24,51.0,11.0,1.0,1.0,17.8,12.7,23.5,7.0,17.7,6.6,280.0,1010.3,5,4,0.49999999999999994,-0.8660254037844387,0,41.0,70.0,19.1,35.0,43.300000000000004,15.909012121018245,-0.9848077530122081,0.17364817766692997,0,0.1999999999999993,0,155.1,150.7910447761194
2024-05-25,19.0,10.0,1.0,1.0,19.6,15.7,23.4,4.0,12.3,6.0,89.0,1012.6,5,5,0.49999999999999994,-0.8660254037844387,0,51.0,48.0,52.0,11.0,47.857142857142854,11.880355935025474,0.9998476951563913,0.017452406437283376,0,0.0,0,140.39999999999998,166.00000000000003
2024-05-26,26.0,13.0,1.0,5.0,9.8,6.2,16.0,10.1,19.2,6.5,129.0,1023.8,5,6,0.49999999999999994,-0.8660254037844387,0,19.0,41.0,33.0,10.0,43.142857142857146,15.847487407879395,0.777145961456971,-0.6293203910498373,0,8.2,0,104.0,155.12121212121212
2024-05-27,20.0,12.0,1.0,4.0,13.4,8.4,18.7,0.0,10.4,5.8,25.0,1020.5,5,0,0.49999999999999994,-0.8660254037844387,0,26.0,51.0,40.0,13.0,42.142857142857146,16.787183319710394,0.42261826174069944,0.9063077870366499,0,4.6,0,108.46,172.96610169491527
2024-05-28,24.0,19.0,1.0,5.0,17.0,9.6,22.7,0.0,12.1,7.5,244.0,1015.4,5,1,0.49999999999999994,-0.8660254037844387,0,20.0,19.0,70.0,12.0,39.285714285714285,18.79462942540062,-0.8987940462991668,-0.43837114678907774,0,1.0,0,170.25,133.60526315789474
2024-05-29,48.0,19.0,1.0,4.0,15.6,11.1,19.5,0.0,5.5,4.0,249.0,1017.6,5,2,0.49999999999999994,-0.8660254037844387,0,24.0,26.0,48.0,19.0,32.714285714285715,13.585706774822922,-0.9335804264972016,-0.3583679495453007,0,2.4000000000000004,0,78.0,248.19512195121953
2024-05-30,41.0,14.0,1.0,4.0,17.3,11.4,21.9,0.0,7.4,4.0,214.0,1017.8,5,3,0.49999999999999994,-0.8660254037844387,0,48.0,20.0,41.0,19.0,32.714285714285715,13.585706774822922,-0.5591929034707467,-0.8290375725550417,1,0.6999999999999993,0,87.6,248.2439024390244
2024-05-31,33.0,17.0,1.0,4.0,18.8,12.1,25.0,0.0,7.6,4.3,185.0,1019.5,5,4,0.49999999999999994,-0.8660254037844387,0,41.0,24.0,51.0,14.0,32.714285714285715,13.585706774822922,-0.08715574274765794,-0.9961946980917455,1,0.0,0,107.5,231.70454545454547
2024-06-01,34.0,12.0,1.0,3.0,19.3,12.9,25.6,0.0,6.9,4.6,189.0,1015.8,6,5,1.2246467991473532e-16,-1.0,0,33.0,48.0,19.0,17.0,30.142857142857142,11.00649159100658,-0.15643446504023073,-0.9876883405951378,1,0.0,0,117.75999999999999,216.1276595744681
2024-06-02,28.0,14.0,1.0,3.0,20.9,14.4,26.7,0.0,18.5,8.3,205.0,1012.3,6,6,1.2246467991473532e-16,-1.0,0,34.0,41.0,26.0,12.0,32.285714285714285,9.877825093180661,-0.4226182617406993,-0.90630778703665,1,0.0,0,221.61,120.51190476190474
2024-06-03,34.0,16.0,1.0,2.0,18.6,15.1,23.6,2.5,17.5,5.6,210.0,1014.4,6,0,1.2246467991473532e-16,-1.0,0,28.0,33.0,20.0,14.0,32.57142857142857,9.692903638870131,-0.5000000000000001,-0.8660254037844386,1,0.0,0,132.16,177.96491228070178
2024-06-04,34.0,20.0,1.0,3.0,18.0,12.6,22.6,0.0,7.2,4.5,263.0,1017.5,6,1,1.2246467991473532e-16,-1.0,0,34.0,34.0,24.0,16.0,34.57142857142857,7.955231881331605,-0.9925461516413221,-0.12186934340514717,0,0.0,0,101.7,221.19565217391306
2024-06-05,41.0,21.0,1.0,4.0,19.3,11.6,24.8,0.0,6.8,3.9,279.0,1015.2,6,2,1.2246467991473532e-16,-1.0,0,34.0,28.0,48.0,20.0,36.0,6.506407098650803,-0.9876883405951378,0.15643446504023067,0,0.0,0,96.72,253.8
2024-06-06,40.0,12.0,1.0,4.0,20.2,13.9,26.8,0.0,12.4,5.6,185.0,1012.1,6,3,1.2246467991473532e-16,-1.0,0,41.0,34.0,41.0,21.0,35.0,4.618802153521381,-0.08715574274765794,-0.9961946980917455,1,0.0,0,150.07999999999998,177.56140350877195
2024-06-07,23.0,21.0,1.0,4.0,22.1,16.4,28.5,0.0,11.4,7.5,187.0,1010.6,6,4,1.2246467991473532e-16,-1.0,0,40.0,34.0,33.0,12.0,34.857142857142854,4.413183712041786,-0.12186934340514774,-0.992546151641322,1,0.0,0,213.75,132.9736842105263
2024-06-08,43.0,34.0,1.0,5.0,23.3,15.9,30.3,0.0,9.2,5.5,131.0,1010.0,6,5,1.2246467991473532e-16,-1.0,0,23.0,41.0,34.0,21.0,33.42857142857143,6.320789582988953,0.7547095802227718,-0.6560590289905075,0,0.0,0,166.65,180.35714285714286
2024-06-09,52.0,20.0,1.0,4.0,23.4,16.2,29.8,0.0,8.7,5.2,137.0,1008.9,6,6,1.2246467991473532e-16,-1.0,0,43.0,40.0,28.0,34.0,34.714285714285715,7.296444013225601,0.6819983600624985,-0.7313537016191705,1,0.0,0,154.96,190.35849056603774
2024-06-10,42.0,17.0,1.0,3.0,24.3,18.7,30.3,0.0,16.1,7.2,209.0,1009.4,6,0,1.2246467991473532e-16,-1.0,0,52.0,23.0,34.0,20.0,38.142857142857146,9.044861735237507,-0.48480962024633695,-0.8746197071393959,1,0.0,0,218.16,138.27397260273972
2024-06-11,33.0,10.0,1.0,3.0,23.9,17.4,30.7,0.0,12.5,6.7,185.0,1010.4,6,1,1.2246467991473532e-16,-1.0,0,42.0,43.0,34.0,17.0,39.285714285714285,8.93894635316722,-0.08715574274765794,-0.9961946980917455,1,0.0,0,205.69,148.58823529411765
2024-06-12,23.0,11.0,1.0,5.0,22.0,18.6,27.1,2.2,16.1,6.6,203.0,1011.0,6,2,1.2246467991473532e-16,-1.0,0,33.0,52.0,41.0,10.0,39.142857142857146,9.044861735237497,-0.39073112848927355,-0.9205048534524404,1,0.0,0,178.86,150.8955223880597
2024-06-13,31.0,16.0,1.0,4.0,19.3,16.0,22.9,2.4,12.6,6.2,256.0,1010.4,6,3,1.2246467991473532e-16,-1.0,0,23.0,42.0,40.0,11.0,36.57142857142857,10.814452411121938,-0.9702957262759965,-0.24192189559966779,0,0.0,0,141.98,160.38095238095238
2024-06-14,32.0,20.0,1.0,4.0,19.6,13.6,23.9,4.0,12.8,6.5,222.0,1009.8,6,4,1.2246467991473532e-16,-1.0,0,31.0,33.0,23.0,16.0,35.285714285714285,10.873734190154531,-0.6691306063588582,-0.7431448254773942,1,0.0,0,155.35,153.0
2024-06-15,40.0,25.0,1.0,3.0,21.7,14.7,25.5,0.0,8.9,3.9,264.0,1008.9,6,5,1.2246467991473532e-16,-1.0,0,32.0,23.0,43.0,20.0,36.57142857142857,9.641181512263996,-0.9945218953682734,-0.10452846326765336,0,0.0,0,99.45,252.225
2024-06-16,48.0,24.0,1.0,3.0,23.6,19.3,28.3,0.0,6.6,3.9,206.0,1009.3,6,6,1.2246467991473532e-16,-1.0,0,40.0,31.0,52.0,25.0,36.142857142857146,9.370673604899704,-0.43837114678907707,-0.8987940462991671,1,0.0,0,110.37,252.325
2024-06-17,49.0,20.0,1.0,3.0,23.4,17.0,28.0,0.0,9.4,4.9,209.0,1009.5,6,0,1.2246467991473532e-16,-1.0,0,48.0,32.0,42.0,24.0,35.57142857142857,8.303757038378548,-0.48480962024633695,-0.8746197071393959,1,0.0,0,137.20000000000002,201.9
2024-06-18,40.0,18.0,1.0,1.0,23.3,18.3,28.2,3.7,18.8,8.4,211.0,1010.3,6,1,1.2246467991473532e-16,-1.0,0,49.0,40.0,33.0,20.0,36.57142857142857,9.536895771288531,-0.5150380749100542,-0.8571673007021123,1,0.0,0,236.88,118.85882352941175
2024-06-19,41.0,27.0,1.0,3.0,22.4,17.9,26.5,1.6,7.7,4.8,223.0,1010.8,6,2,1.2246467991473532e-16,-1.0,0,40.0,48.0,23.0,18.0,37.57142857142857,9.466733735512348,-0.6819983600624984,-0.7313537016191706,1,0.0,0,127.19999999999999,206.2857142857143
2024-06-20,52.0,28.0,1.0,5.0,23.6,18.0,28.4,0.0,8.6,4.4,359.0,1007.3,6,3,1.2246467991473532e-16,-1.0,0,41.0,49.0,31.0,27.0,40.142857142857146,6.96248450455941,-0.01745240643728445,0.9998476951563913,0,0.0,0,124.96000000000001,223.84444444444443
2024-06-21,52.0,17.0,1.0,4.0,26.1,21.1,31.6,0.4,15.1,5.0,221.0,1002.4,6,4,1.2246467991473532e-16,-1.0,0,52.0,40.0,32.0,28.0,43.142857142857146,6.890296835131943,-0.6560590289905074,-0.7547095802227719,1,0.0,0,158.0,196.54901960784315
2024-06-22,34.0,13.0,1.0,4.0,24.5,20.5,27.6,0.0,13.8,6.7,192.0,1005.2,6,5,1.2246467991473532e-16,-1.0,0,52.0,41.0,40.0,17.0,46.0,5.507570547289571,-0.20791169081775907,-0.9781476007338057,1,0.0,0,184.92000000000002,147.82352941176472
2024-06-23,27.0,12.0,1.0,2.0,25.3,19.8,30.9,0.0,16.3,6.2,169.0,1005.3,6,6,1.2246467991473532e-16,-1.0,0,34.0,52.0,48.0,13.0,45.142857142857146,6.890296835131914,0.19080899537654497,-0.981627183447664,1,0.0,0,191.57999999999998,159.57142857142856
2024-06-24,32.0,14.0,1.0,3.0,24.9,21.5,29.2,0.2,13.0,6.2,176.0,1008.2,6,0,1.2246467991473532e-16,-1.0,0,27.0,52.0,49.0,12.0,42.142857142857146,9.511897312115469,0.06975647374412552,-0.9975640502598242,1,0.0,0,181.04,160.03174603174602
2024-06-25,30.0,24.0,1.0,5.0,25.0,20.0,30.1,0.3,7.9,3.9,158.0,1009.0,6,1,1.2246467991473532e-16,-1.0,0,32.0,34.0,40.0,14.0,39.714285714285715,9.638711630959886,0.37460659341591224,-0.9271838545667873,1,0.0,0,117.39,252.25
2024-06-26,47.0,21.0,1.0,2.0,26.1,19.8,32.0,0.0,11.9,4.8,176.0,1004.6,6,2,1.2246467991473532e-16,-1.0,0,30.0,27.0,41.0,24.0,38.285714285714285,10.307186582095767,0.06975647374412552,-0.9975640502598242,1,0.0,0,153.6,205.02040816326533
2024-06-27,51.0,25.0,1.0,3.0,28.0,22.5,34.2,0.4,9.5,5.3,156.0,1002.8,6,3,1.2246467991473532e-16,-1.0,0,47.0,32.0,52.0,21.0,39.142857142857146,10.807845474911426,0.40673664307580043,-0.9135454576426008,1,0.0,0,181.26000000000002,185.70370370370372
2024-06-28,50.0,25.0,1.0,2.0,28.9,21.9,35.8,0.0,16.9,6.9,216.0,1003.2,6,4,1.2246467991473532e-16,-1.0,0,51.0,30.0,52.0,25.0,39.0,10.614455552062305,-0.587785252292473,-0.8090169943749475,1,0.0,0,247.01999999999998,143.31428571428572
2024-06-29,49.0,27.0,1.0,5.0,25.8,21.9,29.1,0.0,23.6,6.4,196.0,1006.2,6,5,1.2246467991473532e-16,-1.0,0,50.0,47.0,34.0,25.0,38.714285714285715,10.2260172389581,-0.275637355816999,-0.9612616959383189,1,0.0,0,186.24,154.8
2024-06-30,51.0,25.0,1.0,3.0,23.9,19.5,28.9,0.5,14.3,5.5,246.0,1004.5,6,6,1.2246467991473532e-16,-1.0,0,49.0,51.0,27.0,27.0,40.857142857142854,10.636863125136863,-0.913545457642601,-0.4067366430758001,0,0.0,0,158.95,179.375
2024-07-01,44.0,16.0,1.0,3.0,22.4,17.1,26.7,16.6,12.0,3.9,280.0,1005.0,7,0,-0.4999999999999997,-0.8660254037844388,0,51.0,50.0,32.0,25.0,44.285714285714285,9.19627253681985,-0.9848077530122081,0.17364817766692997,0,0.0,0,104.13,251.25
2024-07-02,40.0,17.0,1.0,3.0,19.4,16.0,22.2,5.9,22.2,6.8,175.0,1007.3,7,1,-0.4999999999999997,-0.8660254037844388,0,44.0,49.0,30.0,16.0,46.0,7.483314773550424,0.08715574274765864,-0.9961946980917455,1,0.0,0,150.95999999999998,145.9855072463768
2024-07-03,40.0,14.0,1.0,3.0,21.3,14.7,25.6,0.0,6.9,3.4,211.0,1008.2,7,2,-0.4999999999999997,-0.8660254037844388,0,40.0,51.0,47.0,17.0,47.42857142857143,4.11732691833168,-0.5150380749100542,-0.8571673007021123,1,0.0,0,87.04,288.0571428571429
2024-07-04,36.0,52.0,1.0,4.0,23.3,17.2,28.4,0.0,9.9,5.9,231.0,1005.8,7,3,-0.4999999999999997,-0.8660254037844388,0,40.0,44.0,51.0,14.0,46.42857142857143,4.995235825506028,-0.7771459614569711,-0.6293203910498371,0,0.0,0,167.56,167.63333333333333
2024-07-05,74.0,10.0,1.0,4.0,21.5,16.6,24.7,0.0,15.0,7.1,301.0,1004.4,7,4,-0.4999999999999997,-0.8660254037844388,0,36.0,40.0,50.0,52.0,44.285714285714285,5.851332774516733,-0.8571673007021123,0.5150380749100542,0,0.0,0,175.36999999999998,139.5
2024-07-06,22.0,18.0,1.0,3.0,21.8,16.0,26.5,0.0,13.3,7.0,211.0,1003.0,7,5,-0.4999999999999997,-0.8660254037844388,0,74.0,40.0,49.0,10.0,47.714285714285715,12.737271891505374,-0.5150380749100542,-0.8571673007021123,1,0.0,0,185.5,141.26760563380282
2024-07-07,36.0,13.0,1.0,4.0,23.7,18.6,28.7,0.0,11.6,5.3,191.0,1001.8,7,6,-0.4999999999999997,-0.8660254037844388,0,22.0,36.0,51.0,18.0,43.857142857142854,15.962754267655765,-0.19080899537654472,-0.981627183447664,1,0.0,0,152.10999999999999,185.51851851851853
2024-07-08,32.0,9.0,1.0,2.0,22.1,18.7,25.9,2.7,12.9,5.4,180.0,1006.7,7,0,-0.4999999999999997,-0.8660254037844388,0,36.0,74.0,44.0,13.0,41.714285714285715,15.850491955713368,1.2246467991473532e-16,-1.0,1,0.0,0,139.86,183.03636363636366
2024-07-09,25.0,13.0,1.0,3.0,23.1,17.2,27.9,0.6,19.7,6.0,233.0,1010.2,7,1,-0.4999999999999997,-0.8660254037844388,0,32.0,22.0,40.0,9.0,40.0,16.206994374858837,-0.7986355100472928,-0.6018150231520483,0,0.0,0,167.39999999999998,165.6065573770492
2024-07-10,32.0,13.0,1.0,4.0,23.9,19.2,28.3,0.5,11.0,4.5,236.0,1010.9,7,2,-0.4999999999999997,-0.8660254037844388,0,25.0,36.0,40.0,13.0,37.857142857142854,17.170018165673664,-0.8290375725550414,-0.5591929034707472,0,0.0,0,127.35000000000001,219.7608695652174
2024-07-11,23.0,16.0,1.0,3.0,22.9,17.7,27.1,0.0,9.5,4.2,252.0,1009.5,7,3,-0.4999999999999997,-0.8660254037844388,0,32.0,32.0,36.0,13.0,36.714285714285715,17.26957136810683,-0.9510565162951535,-0.30901699437494756,0,0.0,0,113.82000000000001,234.7674418604651
2024-07-12,27.0,18.0,1.0,3.0,24.3,17.7,29.8,0.0,10.4,4.7,201.0,1003.1,7,4,-0.4999999999999997,-0.8660254037844388,0,23.0,25.0,74.0,16.0,34.857142857142854,18.040958690608182,-0.35836794954530043,-0.9335804264972017,1,0.0,0,140.06,208.97916666666669
2024-07-13,34.0,18.0,1.0,5.0,24.2,19.5,28.0,0.0,13.2,4.9,188.0,1001.7,7,5,-0.4999999999999997,-0.8660254037844388,0,27.0,32.0,22.0,18.0,28.142857142857142,5.273473599968597,-0.13917310096006552,-0.9902680687415703,1,0.0,0,137.20000000000002,200.34000000000003
2024-07-14,25.0,21.0,1.0,2.0,25.3,20.4,29.9,0.0,16.5,5.0,173.0,1001.2,7,6,-0.4999999999999997,-0.8660254037844388,0,34.0,23.0,36.0,18.0,29.857142857142858,4.879500364746925,0.12186934340514755,-0.992546151641322,1,0.0,0,149.5,196.3137254901961
2024-07-15,44.0,20.0,1.0,3.0,24.2,20.1,28.5,0.0,11.9,4.4,177.0,1004.7,7,0,-0.4999999999999997,-0.8660254037844388,0,25.0,27.0,32.0,21.0,28.285714285714285,4.309458036861536,0.05233595624294381,-0.9986295347545738,1,0.0,0,125.4,223.26666666666665
2024-07-16,34.0,17.0,1.0,4.0,22.3,18.9,26.1,4.3,7.0,3.8,166.0,1008.1,7,1,-0.4999999999999997,-0.8660254037844388,0,44.0,34.0,25.0,20.0,30.0,7.34846922835236,0.24192189559966773,-0.9702957262759965,1,0.0,0,99.18,258.4871794871795
2024-07-17,33.0,12.0,1.0,2.0,24.0,17.4,28.9,0.0,9.4,4.2,208.0,1007.0,7,2,-0.4999999999999997,-0.8660254037844388,0,34.0,25.0,32.0,17.0,31.285714285714285,7.111359122662125,-0.46947156278589086,-0.8829475928589269,1,0.0,0,121.38,234.1860465116279
2024-07-18,29.0,10.0,1.0,3.0,22.7,17.3,27.8,3.6,16.6,6.7,195.0,1006.3,7,3,-0.4999999999999997,-0.8660254037844388,0,33.0,44.0,23.0,12.0,31.428571428571427,7.138093649737454,-0.25881904510252035,-0.9659258262890684,1,0.0,0,186.26000000000002,147.98529411764704
2024-07-19,21.0,14.0,1.0,3.0,24.2,18.8,28.8,0.1,16.3,6.4,236.0,1004.0,7,4,-0.4999999999999997,-0.8660254037844388,0,29.0,34.0,27.0,10.0,32.285714285714285,6.264031867586264,-0.8290375725550414,-0.5591929034707472,0,0.0,0,184.32000000000002,154.46153846153848
2024-07-20,31.0,18.0,1.0,3.0,24.7,19.2,29.9,0.2,19.8,4.7,117.0,1004.7,7,5,-0.4999999999999997,-0.8660254037844388,0,21.0,33.0,34.0,14.0,31.428571428571427,7.41298731635379,0.8910065241883679,-0.45399049973954675,0,0.0,0,140.53,209.31250000000003
2024-07-21,36.0,24.0,1.0,3.0,25.8,20.7,30.0,0.0,5.7,3.1,203.0,1005.9,7,6,-0.4999999999999997,-0.8660254037844388,0,31.0,29.0,25.0,18.0,31.0,7.325753658614788,-0.39073112848927355,-0.9205048534524404,1,0.0,0,93.0,314.34375
2024-07-22,44.0,20.0,1.0,4.0,25.9,18.7,31.4,0.0,7.4,4.3,106.0,1005.5,7,0,-0.4999999999999997,-0.8660254037844388,0,36.0,21.0,44.0,24.0,32.57142857142857,6.996597812681669,0.9612616959383189,-0.27563735581699905,0,0.0,0,135.01999999999998,228.52272727272728
2024-07-23,34.0,19.0,1.0,5.0,27.3,19.7,33.7,0.0,16.9,5.0,217.0,1002.5,7,1,-0.4999999999999997,-0.8660254037844388,0,44.0,31.0,34.0,20.0,32.57142857142857,6.996597812681669,-0.601815023152048,-0.798635510047293,1,0.0,0,168.5,196.56862745098042
2024-07-24,44.0,23.0,1.0,5.0,27.0,21.8,31.8,0.2,11.0,5.8,217.0,1001.4,7,2,-0.4999999999999997,-0.8660254037844388,0,34.0,36.0,33.0,19.0,32.57142857142857,6.996597812681669,-0.601815023152048,-0.798635510047293,1,0.0,0,184.44,169.72881355932205
2024-07-25,39.0,17.0,1.0,5.0,27.3,19.9,33.7,0.0,11.5,5.3,130.0,999.5,7,3,-0.4999999999999997,-0.8660254037844388,0,44.0,44.0,29.0,23.0,34.142857142857146,8.23465383665667,0.766044443118978,-0.6427876096865394,0,0.0,0,178.61,185.0925925925926
2024-07-26,36.0,21.0,1.0,5.0,28.4,21.4,34.9,0.0,9.6,6.0,207.0,1001.2,7,4,-0.4999999999999997,-0.8660254037844388,0,39.0,34.0,21.0,17.0,35.57142857142857,8.059303999255848,-0.45399049973954625,-0.8910065241883681,1,0.0,0,209.39999999999998,164.13114754098362
2024-07-27,42.0,19.0,1.0,4.0,29.2,22.4,35.2,0.0,9.1,4.9,193.0,1003.1,7,5,-0.4999999999999997,-0.8660254037844388,0,36.0,44.0,31.0,21.0,37.714285714285715,4.9232200070822705,-0.22495105434386498,-0.9743700647852352,1,0.0,0,172.48000000000002,200.62
2024-07-28,36.0,22.0,1.0,3.0,29.6,24.5,34.4,0.0,10.0,5.8,217.0,1004.3,7,6,-0.4999999999999997,-0.8660254037844388,0,42.0,39.0,36.0,19.0,39.285714285714285,4.111540089163853,-0.601815023152048,-0.798635510047293,1,0.0,0,199.51999999999998,170.22033898305085
2024-07-29,45.0,18.0,1.0,5.0,28.7,23.2,34.6,0.0,11.1,6.8,213.0,1003.8,7,0,-0.4999999999999997,-0.8660254037844388,0,36.0,36.0,44.0,22.0,39.285714285714285,4.111540089163853,-0.5446390350150271,-0.838670567945424,1,0.0,0,235.28,145.47826086956522
2024-07-30,36.0,21.0,1.0,4.0,29.1,24.0,34.0,0.0,17.4,7.3,220.0,1004.6,7,1,-0.4999999999999997,-0.8660254037844388,0,45.0,42.0,34.0,18.0,39.42857142857143,4.314979445963467,-0.6427876096865393,-0.766044443118978,1,0.0,0,248.2,135.75675675675677
2024-07-31,38.0,24.0,1.0,4.0,26.6,20.6,31.9,0.0,6.8,4.1,287.0,1007.6,7,2,-0.4999999999999997,-0.8660254037844388,0,36.0,36.0,44.0,21.0,39.714285714285715,3.946064947700187,-0.9563047559630354,0.2923717047227367,0,0.0,0,130.79,239.90476190476195
2024-08-01,43.0,26.0,1.0,6.0,27.7,20.5,35.0,0.0,6.8,3.8,130.0,1002.4,8,3,-0.8660254037844385,-0.5000000000000004,0,38.0,45.0,39.0,24.0,38.857142857142854,3.4846602621915417,0.766044443118978,-0.6427876096865394,0,0.0,0,133.0,257.02564102564105
2024-08-02,45.0,21.0,1.0,5.0,28.9,24.4,33.4,0.0,13.9,6.8,210.0,1001.3,8,4,-0.8660254037844385,-0.5000000000000004,0,43.0,36.0,36.0,26.0,39.42857142857143,3.823486317366285,-0.5000000000000001,-0.8660254037844386,1,0.0,0,227.11999999999998,145.1159420289855
2024-08-03,42.0,22.0,1.0,4.0,28.3,23.2,33.2,0.0,17.4,7.5,185.0,1003.2,8,5,-0.8660254037844385,-0.5000000000000004,0,45.0,38.0,42.0,21.0,40.714285714285715,3.9880774697592374,-0.08715574274765794,-0.9961946980917455,1,0.0,0,249.00000000000003,132.0
2024-08-04,40.0,18.0,2.0,5.0,27.8,21.5,33.9,0.0,13.5,6.6,208.0,1003.8,8,6,-0.8660254037844385,-0.5000000000000004,0,42.0,43.0,36.0,22.0,40.714285714285715,3.9880774697592374,-0.46947156278589086,-0.8829475928589269,1,0.0,0,223.73999999999998,149.82089552238807
2024-08-05,37.0,21.0,1.0,5.0,28.7,24.0,33.4,0.0,8.6,5.7,244.0,1005.5,8,0,-0.8660254037844385,-0.5000000000000004,0,40.0,45.0,45.0,18.0,41.285714285714285,3.450327796717456,-0.8987940462991668,-0.43837114678907774,0,0.0,0,190.38,173.36206896551727
2024-08-06,33.0,18.0,1.0,3.0,25.6,21.4,28.3,0.4,11.2,6.4,224.0,1006.6,8,1,-0.8660254037844385,-0.5000000000000004,0,37.0,42.0,36.0,21.0,40.142857142857146,3.338091841591028,-0.6946583704589973,-0.7193398003386511,1,0.0,0,181.12,154.8615384615385
2024-08-07,25.0,25.33,1.33,3.33,26.0,19.4,32.7,0.0,8.2,5.3,120.0,1006.6,8,2,-0.8660254037844385,-0.5000000000000004,0,33.0,40.0,38.0,18.0,39.714285714285715,4.070801956797712,0.8660254037844387,-0.4999999999999998,0,0.0,0,173.31,186.40740740740742
2024-08-08,44.0,32.67,1.67,3.67,27.1,19.2,34.2,0.0,7.8,4.9,164.0,1006.5,8,3,-0.8660254037844385,-0.5000000000000004,0,25.0,37.0,43.0,25.33,37.857142857142854,6.938505396906237,0.27563735581699966,-0.9612616959383187,1,0.0,0,167.58,201.3
2024-08-09,43.0,40.0,2.0,4.0,29.0,20.7,37.1,1.1,28.9,8.0,203.0,1002.8,8,4,-0.8660254037844385,-0.5000000000000004,0,44.0,33.0,45.0,32.67,38.0,7.07106781186829,-0.39073112848927355,-0.9205048534524404,1,0.0,0,296.8,123.80246913580247
2024-08-10,50.0,18.0,1.0,3.0,27.2,21.6,30.7,0.2,21.6,9.5,214.0,1006.7,8,5,-0.8660254037844385,-0.5000000000000004,0,43.0,25.0,42.0,40.0,37.714285714285715,6.775305299748622,-0.5591929034707467,-0.8290375725550417,1,0.0,0,291.65,104.86458333333334
2024-08-11,41.0,21.0,1.0,5.0,24.2,18.9,27.7,2.2,9.4,4.7,191.0,1009.3,8,6,-0.8660254037844385,-0.5000000000000004,0,50.0,44.0,40.0,18.0,38.857142857142854,8.153293228887954,-0.19080899537654472,-0.981627183447664,1,0.0,0,130.19,210.27083333333334
2024-08-12,40.0,12.0,2.0,3.0,25.3,19.1,30.7,0.0,9.8,5.2,181.0,1008.3,8,0,-0.8660254037844385,-0.5000000000000004,0,41.0,43.0,37.0,21.0,39.0,8.185352771874872,-0.017452406437283192,-0.9998476951563913,1,0.0,0,159.64000000000001,190.24528301886792
2024-08-13,28.0,24.0,1.0,5.0,26.9,19.5,33.2,0.0,10.0,5.6,91.0,1009.1,8,1,-0.8660254037844385,-0.5000000000000004,0,40.0,50.0,33.0,12.0,39.42857142857143,8.141603913588147,0.9998476951563913,-0.017452406437283477,0,0.0,0,185.92000000000002,177.03508771929828
2024-08-14,41.0,26.0,2.0,4.0,27.0,22.4,31.9,0.0,11.9,5.5,11.0,1009.6,8,2,-0.8660254037844385,-0.5000000000000004,0,28.0,41.0,25.0,24.0,38.714285714285715,8.976158898519358,0.1908089953765448,0.981627183447664,0,0.0,0,175.45,180.2857142857143
2024-08-15,41.0,23.0,1.0,7.0,28.5,21.7,35.0,0.0,9.7,5.1,203.0,1005.9,8,3,-0.8660254037844385,-0.5000000000000004,0,41.0,40.0,44.0,26.0,41.0,6.633249580713759,-0.39073112848927355,-0.9205048534524404,1,0.0,0,178.5,193.44230769230774
2024-08-16,51.0,26.0,1.0,6.0,27.0,23.5,30.3,0.0,14.3,6.8,356.0,1006.6,8,4,-0.8660254037844385,-0.5000000000000004,0,41.0,28.0,43.0,23.0,40.57142857142857,6.502746672426477,-0.06975647374412476,0.9975640502598243,0,0.0,0,206.04,145.8840579710145
2024-08-17,51.0,14.0,1.0,2.0,25.2,21.1,30.8,6.6,15.8,6.2,154.0,1005.9,8,5,-0.8660254037844385,-0.5000000000000004,0,51.0,41.0,50.0,26.0,41.714285714285715,7.609517849693306,0.4383711467890773,-0.898794046299167,1,0.0,0,190.96,159.66666666666666
2024-08-18,45.0,19.0,2.0,5.0,19.4,17.6,22.9,7.3,11.0,5.9,210.0,1013.6,8,6,-0.8660254037844385,-0.5000000000000004,0,51.0,41.0,41.0,14.0,41.857142857142854,7.79804615333629,-0.5000000000000001,-0.8660254037844386,1,0.0,0,135.11,168.93333333333334
2024-08-19,24.0,13.0,1.0,3.0,21.4,15.2,26.5,0.0,8.7,5.8,61.0,1015.1,8,0,-0.8660254037844385,-0.5000000000000004,0,45.0,51.0,40.0,19.0,42.42857142857143,7.87098348063442,0.8746197071393957,0.4848096202463371,0,0.0,0,153.7,172.05084745762716
2024-08-20,33.0,18.0,1.0,2.0,22.3,16.1,27.9,0.0,6.1,3.5,85.0,1010.4,8,1,-0.8660254037844385,-0.5000000000000004,0,24.0,51.0,28.0,13.0,40.142857142857146,10.558228567152254,0.9961946980917455,0.08715574274765814,0,0.0,0,97.64999999999999,280.6666666666667
2024-08-21,43.0,23.0,1.0,1.0,23.7,17.5,29.1,0.0,10.2,5.5,213.0,1008.4,8,2,-0.8660254037844385,-0.5000000000000004,0,33.0,45.0,41.0,18.0,40.857142857142854,9.737018219638038,-0.5446390350150271,-0.838670567945424,1,0.0,0,160.05,180.07142857142858
2024-08-22,39.0,21.0,2.0,5.0,24.2,18.3,30.8,0.0,7.8,5.4,208.0,1008.4,8,3,-0.8660254037844385,-0.5000000000000004,0,43.0,24.0,41.0,23.0,41.142857142857146,9.771191865695286,-0.46947156278589086,-0.8829475928589269,1,0.0,0,166.32000000000002,183.34545454545454
2024-08-23,49.0,16.0,1.0,3.0,24.7,18.6,30.6,0.0,14.7,5.9,221.0,1007.3,8,4,-0.8660254037844385,-0.5000000000000004,0,39.0,33.0,51.0,21.0,40.857142857142854,9.80524640908613,-0.6560590289905074,-0.7547095802227719,1,0.0,0,180.54000000000002,167.88333333333333
2024-08-24,38.0,21.0,1.0,3.0,23.4,18.9,28.3,0.0,10.5,4.8,203.0,1009.2,8,5,-0.8660254037844385,-0.5000000000000004,0,49.0,43.0,51.0,16.0,40.57142857142857,9.48432290426788,-0.39073112848927355,-0.9205048534524404,1,0.0,0,135.84,205.95918367346943
2024-08-25,43.0,27.0,1.0,2.0,21.7,17.7,25.9,0.0,7.8,5.0,266.0,1013.3,8,6,-0.8660254037844385,-0.5000000000000004,0,38.0,39.0,45.0,21.0,38.714285714285715,8.30088922373993,-0.9975640502598242,-0.06975647374412558,0,0.0,0,129.5,198.68627450980395
2024-08-26,49.0,22.0,1.0,3.0,21.0,15.3,25.8,0.0,8.4,5.8,265.0,1013.1,8,0,-0.8660254037844385,-0.5000000000000004,0,43.0,49.0,24.0,27.0,38.42857142857143,8.079957567076335,-0.9961946980917455,-0.08715574274765825,0,0.0,0,149.64,171.71186440677968
2024-08-27,44.0,26.0,1.0,4.0,21.7,15.4,26.4,0.0,10.1,5.7,260.0,1010.4,8,1,-0.8660254037844385,-0.5000000000000004,0,49.0,38.0,33.0,22.0,42.0,5.859465277085648,-0.984807753012208,-0.17364817766693033,0,0.0,0,150.48,174.20689655172416
2024-08-28,50.0,18.0,1.0,4.0,21.6,16.3,27.9,3.8,19.5,7.3,239.0,1010.1,8,2,-0.8660254037844385,-0.5000000000000004,0,44.0,43.0,43.0,26.0,43.57142857142857,4.314979445963368,-0.8571673007021121,-0.5150380749100544,0,0.0,0,203.67,136.5
2024-08-29,31.0,18.0,1.0,2.0,19.5,14.7,24.3,0.6,8.4,4.3,283.0,1015.2,8,3,-0.8660254037844385,-0.5000000000000004,0,50.0,49.0,39.0,18.0,44.57142857142857,4.928053803049718,-0.9743700647852352,0.22495105434386492,0,0.0,0,104.49,230.72727272727275
2024-08-30,37.0,27.0,1.0,4.0,20.3,14.7,25.9,0.0,9.3,4.8,48.0,1017.8,8,4,-0.8660254037844385,-0.5000000000000004,0,31.0,44.0,49.0,18.0,43.42857142857143,6.948792289725823,0.7431448254773941,0.6691306063588582,0,0.0,0,124.32,207.71428571428575
2024-08-31,49.0,19.0,2.0,3.0,22.2,17.1,27.7,0.0,6.2,3.4,258.0,1012.4,8,5,-0.8660254037844385,-0.5000000000000004,0,37.0,50.0,38.0,27.0,41.714285714285715,6.824326235714975,-0.9781476007338056,-0.2079116908177598,0,0.0,0,94.17999999999999,289.2571428571428
2024-09-01,38.0,18.0,1.0,3.0,21.8,17.6,27.5,0.0,20.2,8.3,256.0,1013.9,9,6,-1.0,-1.8369701987210297e-16,0,49.0,31.0,43.0,19.0,43.285714285714285,7.0878836924807125,-0.9702957262759965,-0.24192189559966779,0,0.0,0,228.25000000000003,120.70238095238095
2024-09-02,34.0,13.0,1.0,1.0,13.1,10.6,16.6,12.2,9.1,5.1,238.0,1023.6,9,0,-1.0,-1.8369701987210297e-16,0,38.0,37.0,49.0,18.0,42.57142857142857,7.367883976132715,-0.848048096156426,-0.529919264233205,0,4.9,0,84.66,196.8461538461539
2024-09-03,21.0,22.0,1.0,5.0,15.6,10.9,21.0,0.0,12.3,6.7,29.0,1022.6,9,1,-1.0,-1.8369701987210297e-16,0,34.0,49.0,44.0,13.0,40.42857142857143,7.367883976132748,0.48480962024633706,0.8746197071393957,0,2.4000000000000004,0,140.70000000000002,150.3823529411765
2024-09-04,41.0,19.0,2.0,5.0,18.3,11.4,23.8,0.0,7.8,4.2,319.0,1012.9,9,2,-1.0,-1.8369701987210297e-16,0,21.0,38.0,50.0,22.0,37.142857142857146,10.123052428799854,-0.6560590289905074,0.7547095802227719,0,0.0,0,99.96000000000001,235.5581395348837
2024-09-05,32.0,18.88,1.88,4.62,21.5,14.7,26.5,0.2,8.7,4.4,111.0,1008.7,9,3,-1.0,-1.8369701987210297e-16,0,41.0,34.0,31.0,19.0,35.857142857142854,8.687703406322692,0.9335804264972017,-0.35836794954530027,0,0.0,0,116.60000000000001,224.15555555555557
2024-09-06,33.0,18.75,1.75,4.25,17.4,14.1,21.8,0.4,12.0,6.5,75.0,1010.1,9,4,-1.0,-1.8369701987210297e-16,0,32.0,21.0,37.0,18.88,36.0,8.602325267044975,0.9659258262890683,0.25881904510252074,0,0.6000000000000014,0,141.70000000000002,153.04545454545456
2024-09-07,28.0,18.62,1.62,3.88,14.2,10.1,18.1,2.6,10.8,6.0,8.0,1021.4,9,5,-1.0,-1.8369701987210297e-16,0,33.0,41.0,49.0,18.75,35.42857142857143,8.657504314317231,0.13917310096006544,0.9902680687415704,0,3.8000000000000007,0,108.60000000000001,167.4426229508197
2024-09-08,10.45,22.11,24.56,273.5,16.6,11.1,22.6,0.0,8.1,5.67,343.0,1020.56,9,6,-1.0,-1.8369701987210297e-16,0,28.0,32.0,38.0,18.62,32.42857142857143,6.553806600169259,-0.29237170472273627,0.9563047559630357,0,1.3999999999999986,0,128.142,176.8734835355286
2024-09-09,16.18,32.89,42.37,338.12,16.1,10.4,21.0,2.4,11.0,7.7,237.0,1019.72,9,0,-1.0,-1.8369701987210297e-16,0,10.45,33.0,34.0,22.11,28.49285714285714,10.01084530944145,-0.8386705679454242,-0.544639035015027,0,1.8999999999999986,0,161.70000000000002,130.73333333333335
2024-09-10,13.68,24.01,40.57,330.25,15.4,11.1,19.4,6.0,9.1,6.37,257.0,1018.88,9,1,-1.0,-1.8369701987210297e-16,0,16.18,28.0,21.0,32.89,25.947142857142858,10.623992837420705,-0.9743700647852351,-0.22495105434386525,0,2.5999999999999996,0,123.57799999999999,157.4775888717156
2024-09-11,16.82,27.97,39.37,308.0,15.5,11.1,20.4,0.2,8.7,6.09,315.0,1018.04,9,2,-1.0,-1.8369701987210297e-16,0,13.68,10.45,41.0,24.01,24.90142857142857,11.514985060885829,-0.7071067811865477,0.7071067811865474,0,2.5,0,124.23599999999999,164.46526655896608
2024-09-12,37.0,18.0,1.0,2.0,15.6,11.5,20.1,0.0,6.4,3.3,282.0,1017.2,9,3,-1.0,-1.8369701987210297e-16,0,16.82,16.18,32.0,27.97,21.447142857142858,9.29327842096466,-0.9781476007338058,0.20791169081775857,0,2.4000000000000004,0,66.33,299.1764705882353
2024-09-13,35.0,23.0,1.0,3.0,11.3,8.3,14.6,0.0,12.1,7.4,268.0,1016.8,9,4,-1.0,-1.8369701987210297e-16,0,37.0,13.68,33.0,18.0,22.16142857142857,10.369404400402708,-0.9993908270190957,-0.03489949670250165,0,6.699999999999999,0,108.04,135.57333333333332
2024-09-14,39.0,34.0,2.0,5.0,11.9,6.6,16.8,0.0,8.0,5.3,261.0,1017.3,9,5,-1.0,-1.8369701987210297e-16,0,35.0,16.82,28.0,23.0,22.447142857142858,10.73879371606671,-0.9876883405951377,-0.15643446504023104,0,6.1,0,89.04,188.38888888888889
2024-09-15,60.0,36.0,1.0,5.0,14.0,8.3,19.4,0.0,5.7,3.6,290.0,1013.9,9,6,-1.0,-1.8369701987210297e-16,0,39.0,37.0,10.45,34.0,24.018571428571427,12.368018473159877,-0.9396926207859085,0.34202014332566816,0,4.0,0,69.84,274.027027027027
2024-09-16,58.0,26.0,1.0,4.0,17.8,13.7,22.8,0.0,6.9,3.5,354.0,1012.7,9,0,-1.0,-1.8369701987210297e-16,0,60.0,35.0,16.18,36.0,31.09714285714286,16.721349341771592,-0.10452846326765342,0.9945218953682733,0,0.1999999999999993,0,79.8,281.3055555555556
2024-09-17,51.0,34.0,1.0,3.0,12.7,9.0,16.3,6.3,12.8,7.4,278.0,1018.1,9,1,-1.0,-1.8369701987210297e-16,0,58.0,39.0,13.68,26.0,37.07142857142857,17.930509779490965,-0.9902680687415704,0.13917310096006547,0,5.300000000000001,0,120.62,135.74666666666667
2024-09-18,53.0,35.0,1.0,6.0,12.0,6.3,16.9,0.0,9.5,5.0,323.0,1022.1,9,2,-1.0,-1.8369701987210297e-16,0,51.0,60.0,16.82,34.0,42.402857142857144,15.148687197561472,-0.6018150231520483,0.7986355100472928,0,6.0,0,84.5,200.41176470588238
2024-09-19,52.0,27.0,1.0,5.0,16.9,9.7,22.1,0.0,9.7,5.1,358.0,1017.3,9,3,-1.0,-1.8369701987210297e-16,0,53.0,58.0,37.0,35.0,47.57142857142857,10.390013520319346,-0.034899496702500823,0.9993908270190958,0,1.1000000000000014,0,112.71,195.63461538461542
2024-09-20,54.0,27.0,1.0,4.0,19.4,15.4,23.2,0.0,9.4,5.3,232.0,1017.1,9,4,-1.0,-1.8369701987210297e-16,0,52.0,51.0,35.0,27.0,49.714285714285715,9.340133577103307,-0.7880107536067221,-0.6156614753256581,0,0.0,0,122.96,188.35185185185188
2024-09-21,48.0,41.0,1.0,4.0,19.0,13.6,23.2,0.0,8.6,4.7,329.0,1017.5,9,5,-1.0,-1.8369701987210297e-16,0,54.0,53.0,39.0,27.0,52.42857142857143,6.7541874136778555,-0.5150380749100545,0.8571673007021121,0,0.0,0,109.04,211.97916666666669
2024-09-22,75.0,37.0,1.0,5.0,20.6,15.1,25.4,0.7,13.4,6.2,0.0,1015.3,9,6,-1.0,-1.8369701987210297e-16,0,48.0,52.0,60.0,41.0,53.714285714285715,4.111540089163468,0.0,1.0,0,0.0,0,157.48,161.15873015873015
2024-09-23,62.0,33.0,2.0,3.0,21.1,14.9,26.7,0.0,9.8,5.5,28.0,1017.2,9,0,-1.0,-1.8369701987210297e-16,0,75.0,54.0,58.0,37.0,55.857142857142854,8.970852271452607,0.4694715627858908,0.882947592858927,0,0.0,0,146.85,181.64285714285717
2024-09-24,57.0,32.0,2.0,5.0,20.6,16.3,25.5,0.0,7.4,4.0,321.0,1017.3,9,1,-1.0,-1.8369701987210297e-16,0,62.0,48.0,51.0,33.0,56.42857142857143,9.253056123199697,-0.6293203910498378,0.7771459614569706,0,0.0,0,102.0,248.1219512195122
2024-09-25,57.0,21.0,1.0,3.0,18.6,12.4,23.5,1.6,9.7,4.2,303.0,1013.4,9,2,-1.0,-1.8369701987210297e-16,0,57.0,75.0,53.0,32.0,57.285714285714285,8.938946353166994,-0.8386705679454243,0.5446390350150266,0,0.0,0,98.7,235.67441860465115
2024-09-26,51.0,14.0,1.0,3.0,12.3,6.4,17.0,3.7,12.0,6.3,320.0,1014.9,9,3,-1.0,-1.8369701987210297e-16,0,57.0,62.0,52.0,21.0,57.857142857142854,8.745066636465724,-0.6427876096865396,0.7660444431189778,0,5.699999999999999,0,107.1,158.578125
2024-09-27,42.0,14.0,1.0,3.5,6.9,3.0,11.0,7.9,6.5,3.4,171.0,1026.6,9,4,-1.0,-1.8369701987210297e-16,0,51.0,57.0,54.0,14.0,57.714285714285715,8.864052604281184,0.15643446504023098,-0.9876883405951377,1,11.1,0,37.4,293.3142857142857
2024-09-28,41.0,54.0,2.0,4.0,8.8,2.8,13.6,0.0,9.6,5.4,65.0,1031.0,9,5,-1.0,-1.8369701987210297e-16,0,42.0,57.0,48.0,14.0,56.0,10.67707825203299,0.9063077870366499,0.42261826174069944,0,9.2,0,73.44,187.45454545454547
2024-09-29,46.0,46.0,2.0,4.0,10.0,4.8,13.5,0.0,4.7,2.9,312.0,1028.8,9,6,-1.0,-1.8369701987210297e-16,0,41.0,51.0,75.0,54.0,55.0,11.818065267492083,-0.7431448254773946,0.6691306063588578,0,8.0,0,39.15,342.9333333333333
2024-09-30,40.0,47.0,1.0,11.0,12.5,8.3,16.5,0.0,12.9,4.6,319.0,1022.2,9,0,-1.0,-1.8369701987210297e-16,0,46.0,42.0,62.0,46.0,50.857142857142854,8.153293228887787,-0.6560590289905074,0.7547095802227719,0,5.5,0,75.89999999999999,217.4893617021277
2024-10-01,22.79,55.29,59.21,487.71,16.1,10.8,20.4,0.0,6.8,4.76,282.0,1021.67,10,1,-0.8660254037844386,0.5000000000000001,1,40.0,41.0,57.0,47.0,47.714285714285715,7.341986237034193,-0.9781476007338058,0.20791169081775857,0,1.8999999999999986,0,97.10399999999998,210.2201646090535
2024-10-02,16.53,32.62,48.82,464.54,16.9,10.8,23.4,0.0,11.8,8.26,103.0,1021.13,10,2,-0.8660254037844386,0.5000000000000001,1,22.79,46.0,57.0,55.29,42.82714285714286,10.733397589280036,0.9743700647852352,-0.2249510543438648,0,1.1000000000000014,0,193.284,122.14473684210527
2024-10-03,20.7,37.89,60.0,462.54,15.8,11.1,21.5,0.3,9.8,6.86,200.0,1020.6,10,3,-0.8660254037844386,0.5000000000000001,1,16.53,40.0,51.0,32.62,37.04571428571428,12.569343468858476,-0.34202014332566866,-0.9396926207859084,1,2.1999999999999993,0,147.49,146.63793103448276
2024-10-04,14.35,24.83,35.08,346.38,14.9,8.7,20.2,0.0,7.7,5.39,17.0,1020.07,10,4,-0.8660254037844386,0.5000000000000001,1,20.7,22.79,42.0,37.89,32.71714285714286,12.173981428011329,0.29237170472273677,0.9563047559630354,0,3.0999999999999996,0,108.87799999999999,185.8051001821494
2024-10-05,13.26,23.34,36.88,399.88,17.1,9.9,22.5,0.0,7.7,5.39,295.0,1019.53,10,5,-0.8660254037844386,0.5000000000000001,1,14.35,16.53,41.0,24.83,28.767142857142858,13.109779701031044,-0.9063077870366498,0.4226182617406996,0,0.8999999999999986,0,121.27499999999999,185.70673952641167
2024-10-06,13.81,28.06,43.03,363.21,16.8,10.7,22.5,0.9,10.3,7.21,248.0,1019.0,10,6,-0.8660254037844386,0.5000000000000001,1,13.26,20.7,46.0,23.34,24.804285714285715,12.987795369941402,-0.9271838545667873,-0.3746065934159123,0,1.1999999999999993,0,162.225,139.39808481532148
2024-10-07,19.57,35.02,52.73,413.12,17.0,12.6,21.0,1.4,9.2,6.44,199.0,1018.47,10,0,-0.8660254037844386,0.5000000000000001,1,13.81,14.35,40.0,28.06,20.205714285714286,9.448853293996702,-0.32556815445715676,-0.9455185755993167,1,1.0,0,135.24,155.72935779816513
2024-10-08,15.77,27.08,38.84,375.38,15.6,9.7,20.6,0.0,6.8,4.76,91.0,1017.93,10,1,-0.8660254037844386,0.5000000000000001,1,19.57,13.26,22.79,35.02,17.287142857142857,3.7560826858445977,0.9998476951563913,-0.017452406437283477,0,2.4000000000000004,0,98.056,209.45061728395063
2024-10-09,78.0,39.0,1.0,8.0,16.0,11.2,20.9,0.0,6.6,3.7,297.0,1017.4,10,2,-0.8660254037844386,0.5000000000000001,1,15.77,13.81,16.53,27.08,16.284285714285716,2.8760265248208716,-0.891006524188368,0.45399049973954664,0,2.0,0,77.33,267.7368421052631
2024-10-10,61.0,31.0,1.0,5.0,18.0,13.7,23.7,0.0,6.7,3.8,272.0,1011.2,10,3,-0.8660254037844386,0.5000000000000001,1,78.0,19.57,20.7,39.0,25.065714285714286,23.51809151635122,-0.9993908270190958,0.03489949670250128,0,0.0,0,90.05999999999999,259.2820512820513
2024-10-11,45.0,23.0,1.0,2.0,15.2,11.5,20.9,0.0,12.3,6.6,11.0,1009.3,10,4,-0.8660254037844386,0.5000000000000001,1,61.0,15.77,14.35,31.0,30.822857142857142,26.95305901889861,0.1908089953765448,0.981627183447664,0,2.8000000000000007,0,137.93999999999997,150.6417910447761
2024-10-12,28.0,11.0,1.0,4.0,12.5,10.1,15.6,8.4,13.4,6.3,65.0,1017.9,10,5,-0.8660254037844386,0.5000000000000001,1,45.0,78.0,13.26,23.0,35.20142857142857,26.312979958297287,0.9063077870366499,0.42261826174069944,0,5.5,0,98.28,159.046875
2024-10-13,88.0,42.0,1.0,6.0,11.1,7.7,15.3,0.0,13.1,5.8,10.0,1016.1,10,6,-0.8660254037844386,0.5000000000000001,1,28.0,61.0,13.81,11.0,37.30714285714286,24.81140041344362,0.17364817766693033,0.984807753012208,0,6.9,0,88.74,172.22033898305088
2024-10-14,62.0,42.0,1.0,5.0,10.6,6.8,14.6,2.8,13.0,4.2,292.0,1016.4,10,0,-0.8660254037844386,0.5000000000000001,1,88.0,45.0,19.57,42.0,47.90571428571429,28.650118008566725,-0.9271838545667874,0.37460659341591196,0,7.4,0,61.32,236.37209302325581
2024-10-15,52.0,20.0,1.0,2.0,9.0,7.5,10.2,19.9,11.3,4.7,123.0,1019.7,10,1,-0.8660254037844386,0.5000000000000001,1,62.0,28.0,15.77,42.0,53.96714285714285,26.024108511331566,0.838670567945424,-0.5446390350150271,0,9.0,0,47.94,212.43750000000003
2024-10-16,41.0,29.0,1.0,4.0,6.3,3.1,9.1,18.6,17.0,5.9,304.0,1023.6,10,2,-0.8660254037844386,0.5000000000000001,1,52.0,88.0,78.0,20.0,59.142857142857146,20.08671676696382,-0.8290375725550421,0.5591929034707462,0,11.7,0,53.69,170.6
2024-10-17,40.0,18.0,1.0,3.0,4.0,1.2,8.2,7.5,9.7,4.8,16.0,1031.3,10,3,-0.8660254037844386,0.5000000000000001,1,41.0,62.0,61.0,29.0,53.857142857142854,19.14356786171864,0.27563735581699916,0.9612616959383189,0,14.0,0,39.35999999999999,210.46938775510208
2024-10-18,40.0,20.0,1.0,4.0,4.8,1.3,9.0,0.0,10.3,5.5,10.0,1029.7,10,4,-0.8660254037844386,0.5000000000000001,1,40.0,52.0,45.0,18.0,50.857142857142854,19.480148625619556,0.17364817766693033,0.984807753012208,0,13.2,0,49.5,183.875
2024-10-19,75.0,38.0,1.0,5.0,6.9,4.0,11.3,0.0,9.6,4.6,325.0,1025.2,10,5,-0.8660254037844386,0.5000000000000001,1,40.0,41.0,28.0,20.0,50.142857142857146,19.81942289294925,-0.5735764363510465,0.8191520442889916,0,11.1,0,51.98,218.1276595744681
2024-10-20,86.0,52.0,1.0,5.0,9.0,5.1,14.1,0.2,8.4,4.7,356.0,1022.0,10,6,-0.8660254037844386,0.5000000000000001,1,75.0,40.0,88.0,38.0,56.857142857142854,19.01252719856637,-0.06975647374412476,0.9975640502598243,0,9.0,0,66.27,212.91666666666669
2024-10-21,81.0,52.18,1.09,5.45,11.9,6.4,19.7,0.0,9.3,5.4,33.0,1016.7,10,0,-0.8660254037844386,0.5000000000000001,1,86.0,40.0,62.0,52.0,56.57142857142857,18.473919840839137,0.5446390350150271,0.838670567945424,0,6.1,0,106.38000000000001,184.85454545454547
2024-10-22,79.0,52.36,1.18,5.91,12.5,7.6,17.6,0.0,8.0,4.2,338.0,1013.4,10,1,-0.8660254037844386,0.5000000000000001,1,81.0,75.0,52.0,52.18,59.285714285714285,20.66973863497384,-0.37460659341591235,0.9271838545667873,0,5.5,0,73.92000000000002,235.67441860465115
2024-10-23,66.0,52.55,1.27,6.36,8.9,7.8,10.6,3.5,10.7,4.3,316.0,1022.9,10,2,-0.8660254037844386,0.5000000000000001,1,79.0,86.0,41.0,52.36,63.142857142857146,21.582620874434088,-0.6946583704589976,0.7193398003386509,0,9.1,0,45.58,232.47727272727275
2024-10-24,14.8,22.75,56.68,500.17,9.2,6.5,11.6,0.1,8.1,5.67,15.0,1023.35,10,3,-0.8660254037844386,0.5000000000000001,1,66.0,81.0,40.0,52.55,66.71428571428571,19.25023190955013,0.25881904510252074,0.9659258262890683,0,8.8,0,65.77199999999999,177.35701906412478
2024-10-25,15.61,24.91,41.59,501.08,10.1,4.2,14.9,0.0,9.6,6.72,25.0,1023.8,10,4,-0.8660254037844386,0.5000000000000001,1,14.8,79.0,40.0,22.75,63.114285714285714,26.18571038890224,0.42261826174069944,0.9063077870366499,0,7.9,0,100.128,150.11730205278593
2024-10-26,15.4,27.01,51.1,1016.83,11.0,7.4,14.6,0.5,17.0,11.9,217.0,1024.25,10,5,-0.8660254037844386,0.5000000000000001,1,15.61,66.0,75.0,24.91,59.629999999999995,30.961141774812422,-0.601815023152048,-0.798635510047293,1,7.0,0,173.74,85.35416666666666
2024-10-27,17.13,31.43,51.61,1776.62,9.1,5.8,12.2,0.5,9.3,6.51,12.0,1024.7,10,6,-0.8660254037844386,0.5000000000000001,1,15.4,14.8,86.0,27.01,51.115714285714276,34.06894571167119,0.20791169081775931,0.9781476007338057,0,8.9,0,79.422,155.02269288956128
2024-10-28,9.68,14.67,42.87,1206.71,6.7,2.0,9.0,25.1,15.2,10.64,215.0,1025.15,10,0,-0.8660254037844386,0.5000000000000001,1,17.13,15.61,81.0,31.43,41.27714285714285,32.20944825890217,-0.5735764363510458,-0.819152044288992,1,11.3,0,95.76,95.451582867784
2024-10-29,11.32,17.58,40.92,1292.08,3.3,0.3,5.8,0.0,7.3,5.11,108.0,1025.6,10,1,-0.8660254037844386,0.5000000000000001,1,9.68,15.4,79.0,14.67,31.08857142857143,28.631324587225937,0.9510565162951536,-0.30901699437494734,0,14.7,0,29.638,196.852207293666
2024-10-30,17.09,26.11,66.76,2017.88,5.4,0.2,10.6,0.0,6.5,4.55,64.0,1026.05,10,2,-0.8660254037844386,0.5000000000000001,1,11.32,17.13,66.0,17.58,21.419999999999998,19.830275674669174,0.898794046299167,0.43837114678907746,0,12.6,0,48.23,220.65591397849465
2024-10-31,76.0,54.0,2.0,10.0,7.8,2.7,12.4,0.0,8.1,4.4,0.0,1026.5,10,3,-0.8660254037844386,0.5000000000000001,1,17.09,9.68,14.8,26.11,14.432857142857143,2.859788536978653,0.0,1.0,0,10.2,0,54.56000000000001,228.1111111111111
2024-11-01,59.0,38.0,1.0,7.0,9.1,6.8,12.2,0.0,9.5,5.2,25.0,1025.8,11,4,-0.5000000000000004,0.8660254037844384,1,76.0,11.32,15.61,54.0,23.17571428571429,23.467657784806825,0.42261826174069944,0.9063077870366499,0,8.9,0,63.44,193.54716981132077
2024-11-02,53.0,34.0,1.0,7.0,11.1,5.7,15.5,0.2,11.1,4.8,14.0,1024.3,11,5,-0.5000000000000004,0.8660254037844384,1,59.0,17.09,15.4,38.0,29.374285714285715,26.65073223330777,0.24192189559966773,0.9702957262759965,0,6.9,0,74.39999999999999,209.04081632653063
2024-11-03,86.0,49.0,1.0,7.0,10.8,3.7,14.6,0.0,6.6,3.8,50.0,1021.7,11,6,-0.5000000000000004,0.8660254037844384,1,53.0,76.0,17.13,34.0,34.74571428571429,27.149270006849207,0.766044443118978,0.6427876096865394,0,7.199999999999999,0,55.48,261.974358974359
2024-11-04,79.0,51.0,2.0,10.0,13.0,7.2,17.0,0.0,10.2,3.7,66.0,1014.3,11,0,-0.5000000000000004,0.8660254037844384,1,86.0,59.0,9.68,49.0,44.58428571428572,31.784700647294656,0.9135454576426009,0.4067366430758002,0,5.0,0,62.900000000000006,266.9210526315789
2024-11-05,83.0,44.0,1.0,6.0,10.9,7.5,13.9,2.4,11.5,5.3,146.0,1016.8,11,1,-0.5000000000000004,0.8660254037844384,1,79.0,53.0,11.32,51.0,54.487142857142864,29.83641327544069,0.5591929034707469,-0.8290375725550416,1,7.1,0,73.67,188.2962962962963
2024-11-06,45.0,20.0,1.0,8.0,10.6,6.4,13.1,8.4,17.3,5.9,275.0,1018.4,11,2,-0.5000000000000004,0.8660254037844384,1,83.0,86.0,17.09,44.0,64.72714285714287,24.347645138895015,-0.9961946980917455,0.08715574274765789,0,7.4,0,77.29,169.73333333333332
2024-11-07,50.0,16.0,1.0,1.0,1.0,-1.7,5.8,2.4,20.2,7.0,347.0,1033.4,11,3,-0.5000000000000004,0.8660254037844384,1,45.0,79.0,76.0,20.0,68.71428571428571,16.152546607417527,-0.22495105434386534,0.9743700647852351,0,17.0,0,40.6,145.5492957746479
2024-11-08,52.0,38.0,1.0,2.0,3.3,-0.5,7.0,2.4,15.4,5.4,224.0,1032.3,11,4,-0.5000000000000004,0.8660254037844384,1,50.0,83.0,59.0,16.0,65.0,17.156145643278023,-0.6946583704589973,-0.7193398003386511,1,14.7,0,37.800000000000004,187.6909090909091
2024-11-09,56.0,135.0,1.0,6.0,2.2,-2.1,6.6,0.0,8.3,4.6,118.0,1032.1,11,5,-0.5000000000000004,0.8660254037844384,1,52.0,45.0,53.0,38.0,64.0,17.75762746915724,0.8829475928589271,-0.46947156278589053,0,15.8,0,30.359999999999996,219.59574468085108
2024-11-10,43.0,79.0,1.0,4.0,6.1,2.4,8.6,0.0,11.8,6.3,48.0,1028.8,11,6,-0.5000000000000004,0.8660254037844384,1,56.0,50.0,86.0,135.0,64.42857142857143,17.48196349438706,0.7431448254773941,0.6691306063588582,0,11.9,0,54.18,160.75
2024-11-11,55.0,77.0,1.0,4.0,6.0,1.5,11.1,0.0,8.7,5.8,92.0,1025.6,11,0,-0.5000000000000004,0.8660254037844384,1,43.0,52.0,79.0,79.0,58.285714285714285,16.142225019230278,0.9993908270190958,-0.03489949670250073,0,12.0,0,64.38,173.83050847457628
2024-11-12,97.0,141.0,1.0,4.0,5.9,3.0,8.3,0.0,7.1,4.7,109.0,1023.7,11,1,-0.5000000000000004,0.8660254037844384,1,55.0,56.0,83.0,77.0,54.857142857142854,13.309502512975197,0.9455185755993168,-0.3255681544571564,0,12.1,0,39.010000000000005,213.27083333333334
2024-11-13,107.0,48.0,1.0,4.0,3.9,0.3,6.3,12.4,10.4,4.7,16.0,1021.1,11,2,-0.5000000000000004,0.8660254037844384,1,97.0,43.0,45.0,141.0,56.857142857142854,18.343287341047297,0.27563735581699916,0.9612616959383189,0,14.1,0,29.61,212.72916666666669
2024-11-14,58.0,19.0,1.0,1.0,-2.7,-4.9,-0.2,5.3,10.5,5.4,21.0,1036.1,11,3,-0.5000000000000004,0.8660254037844384,1,107.0,55.0,50.0,48.0,65.71428571428571,25.309512610310428,0.35836794954530027,0.9335804264972017,0,20.7,0,-1.08,188.38181818181818
2024-11-15,123.0,1.0,1.0,10.0,-3.6,-5.8,0.3,0.0,4.7,1.9,318.0,1033.3,11,4,-0.5000000000000004,0.8660254037844384,1,58.0,97.0,52.0,19.0,66.85714285714286,24.653793294532942,-0.6691306063588581,0.7431448254773942,0,21.6,1,0.57,516.65
2024-11-16,101.0,1.0,1.0,6.0,-2.8,-6.9,1.6,0.0,3.4,1.5,149.0,1025.6,11,5,-0.5000000000000004,0.8660254037844384,1,123.0,107.0,56.0,1.0,77.0,31.246333118197487,0.5150380749100544,-0.8571673007021122,1,20.8,1,2.4000000000000004,641.0
2024-11-17,48.0,13.0,1.0,7.0,0.0,-3.2,5.0,0.0,4.0,2.3,125.0,1022.0,11,6,-0.5000000000000004,0.8660254037844384,1,101.0,58.0,43.0,1.0,83.42857142857143,30.832110657868984,0.819152044288992,-0.5735764363510458,0,18.0,0,11.5,425.83333333333337
2024-11-18,81.0,57.0,1.0,10.0,0.8,-3.5,5.7,0.0,4.8,2.3,136.0,1023.4,11,0,-0.5000000000000004,0.8660254037844384,1,48.0,123.0,55.0,13.0,84.14285714285714,29.77934726970278,0.6946583704589971,-0.7193398003386513,1,17.2,0,13.11,426.4166666666667
2024-11-19,92.0,59.0,1.0,7.0,0.9,-2.1,4.5,0.2,3.3,1.7,126.0,1022.0,11,1,-0.5000000000000004,0.8660254037844384,1,81.0,101.0,97.0,57.0,87.85714285714286,27.033488931500376,0.8090169943749475,-0.587785252292473,0,17.1,0,7.6499999999999995,567.7777777777778
2024-11-20,81.0,64.67,1.11,8.33,5.1,-0.1,9.9,0.4,9.7,4.4,157.0,1020.0,11,2,-0.5000000000000004,0.8660254037844384,1,92.0,48.0,107.0,59.0,87.14285714285714,26.816839059495564,0.39073112848927416,-0.9205048534524402,1,12.9,0,43.56,226.66666666666666
2024-11-21,75.0,70.33,1.22,9.67,4.3,1.1,7.4,2.8,4.7,2.6,36.0,1027.5,11,3,-0.5000000000000004,0.8660254037844384,1,81.0,81.0,58.0,64.67,83.42857142857143,25.369648157179444,0.5877852522924731,0.8090169943749475,0,13.7,0,19.240000000000002,380.55555555555554
2024-11-22,69.0,76.0,1.33,11.0,0.8,-2.1,3.2,2.4,11.3,5.3,12.0,1036.5,11,4,-0.5000000000000004,0.8660254037844384,1,75.0,92.0,123.0,70.33,85.85714285714286,23.25531173322675,0.20791169081775931,0.9781476007338057,0,17.2,0,16.96,191.94444444444446
2024-11-23,23.35,23.93,84.95,1308.08,-1.2,-3.3,2.2,0.0,7.5,5.25,324.0,1033.53,11,5,-0.5000000000000004,0.8660254037844384,1,69.0,81.0,101.0,76.0,78.14285714285714,16.99439683570899,-0.5877852522924734,0.8090169943749473,0,19.2,0,11.55,193.18317757009348
2024-11-24,25.74,27.19,57.12,894.33,-0.7,-3.8,4.5,0.0,20.0,14.0,353.0,1030.57,11,6,-0.5000000000000004,0.8660254037844384,1,23.35,75.0,48.0,23.93,67.05,23.633680063277655,-0.12186934340514811,0.992546151641322,0,18.7,0,63.0,73.09007092198581
2024-11-25,31.42,34.24,59.6,1597.79,0.1,-4.4,5.3,0.0,12.6,8.82,4.0,1027.6,11,0,-0.5000000000000004,0.8660254037844384,1,25.74,69.0,81.0,27.19,63.87,27.761279389346743,0.0697564737441253,0.9975640502598242,0,17.9,0,46.746,115.20179372197309
2024-11-26,34.83,37.45,63.4,2155.71,1.8,-3.1,7.6,0.0,6.3,4.41,36.0,1024.63,11,1,-0.5000000000000004,0.8660254037844384,1,31.42,23.35,92.0,34.24,56.787142857142854,28.961265346600914,0.5877852522924731,0.8090169943749475,0,16.2,0,33.516,227.1906873614191
2024-11-27,33.42,35.96,63.81,2246.96,1.9,-2.2,7.8,0.0,5.6,3.92,97.0,1021.67,11,2,-0.5000000000000004,0.8660254037844384,1,34.83,25.74,81.0,37.45,48.62,25.191878982455936,0.9925461516413221,-0.12186934340514737,0,16.1,0,30.576,254.14676616915426
2024-11-28,92.0,110.0,2.0,19.0,1.8,-1.7,7.6,0.0,6.8,2.4,58.0,1018.7,11,3,-0.5000000000000004,0.8660254037844384,1,33.42,31.42,75.0,35.96,41.82285714285714,21.08297948131534,0.8480480961564261,0.5299192642332049,0,16.2,0,18.24,407.48
2024-11-29,78.0,55.0,2.0,14.0,4.5,0.1,9.2,0.0,7.0,2.8,161.0,1016.3,11,4,-0.5000000000000004,0.8660254037844384,1,92.0,34.83,69.0,110.0,44.25142857142857,25.957302394876997,0.32556815445715703,-0.9455185755993167,1,13.5,0,25.759999999999998,350.44827586206895
2024-11-30,70.0,38.0,1.0,6.0,4.5,2.8,7.0,6.1,5.8,2.4,89.0,1022.0,11,5,-0.5000000000000004,0.8660254037844384,1,78.0,33.42,23.35,55.0,45.537142857142854,27.56081802988129,0.9998476951563913,0.017452406437283376,0,13.5,0,16.8,408.8
2024-12-01,58.0,31.0,1.0,5.0,1.7,0.6,2.7,7.9,8.1,3.7,37.0,1028.2,12,6,-2.4492935982947064e-16,1.0,1,70.0,92.0,25.74,38.0,52.20142857142857,26.934690412534636,0.6018150231520483,0.7986355100472928,0,16.3,0,9.990000000000002,270.57894736842104
2024-12-02,53.0,23.0,2.0,5.0,1.0,-0.9,2.9,0.5,5.5,2.3,94.0,1031.2,12,0,-2.4492935982947064e-16,1.0,1,58.0,78.0,31.42,31.0,56.81,24.281711224706477,0.9975640502598242,-0.06975647374412533,0,17.0,0,6.669999999999999,429.6666666666667
2024-12-03,74.0,35.0,1.0,5.0,0.1,-0.8,1.8,0.0,3.6,1.9,165.0,1033.8,12,1,-2.4492935982947064e-16,1.0,1,53.0,70.0,34.83,23.0,59.892857142857146,21.75984429653759,0.258819045102521,-0.9659258262890682,1,17.9,1,3.42,516.9
2024-12-04,89.0,54.0,1.0,5.0,-1.6,-2.7,0.2,0.0,5.8,2.3,310.0,1033.8,12,2,-2.4492935982947064e-16,1.0,1,74.0,58.0,33.42,35.0,65.48857142857143,19.11642176120875,-0.7660444431189781,0.6427876096865393,0,19.6,0,0.45999999999999996,430.75
2024-12-05,130.0,74.0,1.0,10.0,-1.3,-3.6,0.9,0.0,9.2,3.4,306.0,1028.8,12,3,-2.4492935982947064e-16,1.0,1,89.0,53.0,92.0,54.0,73.42857142857143,14.581462465030047,-0.8090169943749476,0.5877852522924729,0,19.3,0,3.06,293.9428571428571
2024-12-06,116.0,67.0,1.0,11.0,-2.0,-3.9,0.3,0.0,5.6,2.2,61.0,1032.2,12,4,-2.4492935982947064e-16,1.0,1,130.0,74.0,78.0,74.0,78.85714285714286,25.57621663074678,0.8746197071393957,0.4848096202463371,0,20.0,0,0.66,448.78260869565213
2024-12-07,155.0,95.0,1.0,8.0,-2.3,-4.4,0.2,0.5,6.6,3.9,150.0,1032.0,12,5,-2.4492935982947064e-16,1.0,1,116.0,89.0,70.0,67.0,84.28571428571429,29.147408608167183,0.49999999999999994,-0.8660254037844387,1,20.3,0,0.78,258.0
2024-12-08,64.0,27.0,1.0,3.0,-4.7,-7.8,-2.6,6.3,9.0,4.0,49.0,1038.4,12,6,-2.4492935982947064e-16,1.0,1,155.0,130.0,58.0,95.0,96.42857142857143,38.43113816883919,0.754709580222772,0.6560590289905073,0,22.7,0,-10.4,253.26829268292687
2024-12-09,84.0,50.0,1.0,3.0,-10.4,-12.4,-7.7,0.4,9.1,4.0,26.0,1043.4,12,0,-2.4492935982947064e-16,1.0,1,64.0,116.0,53.0,27.0,97.28571428571429,37.48650550849095,0.4383711467890774,0.898794046299167,0,28.4,0,-30.8,254.48780487804882
2024-12-10,129.0,153.0,1.0,3.0,-11.1,-12.3,-9.6,2.6,2.7,1.4,296.0,1041.0,12,1,-2.4492935982947064e-16,1.0,1,84.0,155.0,74.0,50.0,101.71428571428571,32.93789249336982,-0.898794046299167,0.4383711467890774,0,29.1,0,-13.44,694.0
2024-12-11,135.0,161.0,1.0,8.0,-12.8,-15.9,-10.8,0.0,7.7,2.9,333.0,1042.1,12,2,-2.4492935982947064e-16,1.0,1,129.0,64.0,89.0,153.0,109.57142857142857,31.76401078189601,-0.45399049973954697,0.8910065241883678,0,30.8,0,-31.32,347.3666666666666
2024-12-12,132.0,181.0,1.0,9.0,-11.1,-14.5,-8.2,0.0,3.3,1.3,116.0,1033.6,12,3,-2.4492935982947064e-16,1.0,1,135.0,84.0,130.0,161.0,116.14285714285714,31.556449797300512,0.8987940462991669,-0.4383711467890775,0,29.1,1,-10.66,738.2857142857141
2024-12-13,125.0,181.0,1.0,12.0,-8.9,-13.5,-4.2,0.0,8.3,2.1,68.0,1023.4,12,4,-2.4492935982947064e-16,1.0,1,132.0,129.0,116.0,181.0,116.42857142857143,31.711497088896184,0.9271838545667874,0.37460659341591196,0,26.9,0,-8.82,465.18181818181813
2024-12-14,106.0,111.0,1.0,9.0,-3.4,-8.4,0.5,0.0,8.6,2.9,90.0,1017.6,12,5,-2.4492935982947064e-16,1.0,1,125.0,135.0,155.0,181.0,117.71428571428571,31.873260923614094,1.0,6.123233995736766e-17,0,21.4,0,1.45,339.2
2024-12-15,58.0,21.0,1.0,7.0,-0.9,-5.1,4.0,5.9,21.7,5.7,251.0,1021.9,12,6,-2.4492935982947064e-16,1.0,1,106.0,132.0,64.0,111.0,110.71428571428571,27.384389018285333,-0.9455185755993168,-0.32556815445715664,0,18.9,0,22.8,176.1896551724138
2024-12-16,57.0,126.0,1.0,2.0,-8.5,-13.4,-5.7,4.4,11.6,5.1,19.0,1047.9,12,0,-2.4492935982947064e-16,1.0,1,58.0,125.0,84.0,21.0,109.85714285714286,29.12861463365903,0.32556815445715664,0.9455185755993168,0,26.5,0,-29.07,201.51923076923083
2024-12-17,121.0,147.0,1.0,7.0,-11.1,-14.9,-6.1,0.0,18.6,6.1,356.0,1029.4,12,1,-2.4492935982947064e-16,1.0,1,57.0,106.0,129.0,126.0,106.0,34.42867022313465,-0.06975647374412476,0.9975640502598243,0,29.1,0,-37.209999999999994,166.03225806451616
2024-12-18,76.0,35.0,1.0,11.0,-7.1,-12.2,-2.3,0.0,7.6,1.9,153.0,1022.8,12,2,-2.4492935982947064e-16,1.0,1,121.0,58.0,135.0,147.0,104.85714285714286,33.66218734935213,0.45399049973954686,-0.8910065241883678,1,25.1,1,-4.369999999999999,511.4
2024-12-19,97.0,117.0,1.0,9.0,-4.5,-9.0,-0.3,0.0,8.9,3.5,114.0,1017.4,12,3,-2.4492935982947064e-16,1.0,1,76.0,57.0,132.0,35.0,96.42857142857143,32.21209474124703,0.913545457642601,-0.4067366430758001,0,22.5,0,-1.05,282.61111111111114
2024-12-20,44.0,10.0,1.0,3.0,-1.8,-4.2,0.6,7.1,13.6,6.0,169.0,1025.6,12,4,-2.4492935982947064e-16,1.0,1,97.0,121.0,125.0,117.0,91.42857142857143,28.24215019468374,0.19080899537654497,-0.981627183447664,1,19.8,0,3.5999999999999996,168.13114754098362
2024-12-21,58.0,131.0,1.0,4.0,-8.4,-10.8,-5.0,0.0,7.3,2.7,129.0,1033.4,12,5,-2.4492935982947064e-16,1.0,1,44.0,76.0,106.0,10.0,79.85714285714286,28.783262332060616,0.777145961456971,-0.6293203910498373,0,26.4,0,-13.5,369.07142857142856
2024-12-22,119.0,151.0,1.0,7.0,-9.7,-11.1,-8.6,0.3,6.5,2.7,356.0,1037.0,12,6,-2.4492935982947064e-16,1.0,1,58.0,97.0,58.0,131.0,73.0,27.19068467937803,-0.06975647374412476,0.9975640502598243,0,27.7,0,-23.22,370.35714285714283
2024-12-23,172.0,83.0,1.0,11.0,-9.9,-11.8,-6.8,0.0,11.2,4.6,348.0,1034.5,12,0,-2.4492935982947064e-16,1.0,1,119.0,44.0,57.0,151.0,81.71428571428571,31.079008380332706,-0.20791169081775987,0.9781476007338056,0,27.9,0,-31.279999999999998,220.10638297872345
2024-12-24,167.0,102.0,1.0,12.0,-9.0,-11.5,-4.4,0.0,3.4,1.7,18.0,1034.5,12,1,-2.4492935982947064e-16,1.0,1,172.0,58.0,121.0,83.0,98.14285714285714,43.67847895485315,0.3090169943749474,0.9510565162951535,0,27.0,1,-7.48,574.7222222222223
2024-12-25,188.0,126.0,1.0,11.0,-9.3,-12.0,-6.1,0.0,7.9,2.8,341.0,1034.3,12,2,-2.4492935982947064e-16,1.0,1,167.0,119.0,76.0,102.0,104.71428571428571,50.60208917200409,-0.32556815445715753,0.9455185755993165,0,27.3,0,-17.08,356.65517241379314
2024-12-26,174.0,110.0,1.0,15.0,-6.7,-10.8,-3.2,0.0,9.5,3.2,32.0,1031.6,12,3,-2.4492935982947064e-16,1.0,1,188.0,172.0,97.0,126.0,120.71428571428571,57.276272823669764,0.5299192642332049,0.848048096156426,0,24.7,0,-10.240000000000002,312.6060606060605
2024-12-27,84.0,107.0,1.0,14.0,-3.4,-6.6,1.6,0.0,4.4,2.4,126.0,1029.9,12,4,-2.4492935982947064e-16,1.0,1,174.0,167.0,44.0,110.0,131.71428571428572,59.32035706150784,0.8090169943749475,-0.587785252292473,0,21.4,0,3.84,411.96000000000004
2024-12-28,114.0,145.0,1.0,9.0,-5.2,-8.4,-0.7,0.0,5.8,2.2,104.0,1031.6,12,5,-2.4492935982947064e-16,1.0,1,84.0,188.0,58.0,107.0,137.42857142857142,50.77354016564534,0.9702957262759965,-0.24192189559966779,0,23.2,0,-1.54,448.5217391304347
2024-12-29,142.0,144.06,1.0,11.0,-5.9,-10.1,-2.0,0.0,8.3,2.2,20.0,1022.5,12,6,-2.4492935982947064e-16,1.0,1,114.0,174.0,119.0,145.0,145.42857142857142,39.284675310936876,0.3420201433256687,0.9396926207859084,0,23.9,0,-4.4,444.56521739130426
2024-12-30,33.68,36.3,63.8,2896.92,0.3,-4.7,5.7,0.0,5.8,4.06,133.0,1024.33,12,0,-2.4492935982947064e-16,1.0,1,142.0,84.0,172.0,144.06,148.71428571428572,37.632938966258195,0.7313537016191706,-0.6819983600624984,0,17.7,0,23.142,246.2331730769231
2024-12-31,36.54,43.74,72.39,3907.04,0.4,-2.3,2.2,0.6,3.6,2.52,124.0,1026.17,12,1,-2.4492935982947064e-16,1.0,1,33.68,114.0,167.0,36.3,128.9542857142857,55.46002730409938,0.8290375725550417,-0.5591929034707467,0,17.6,0,5.5440000000000005,391.6679389312977
2025-01-01,161.0,143.12,1.0,3.0,-2.9,-5.1,-1.3,0.0,5.9,2.2,346.0,1028.0,1,2,0.49999999999999994,0.8660254037844387,1,36.54,142.0,188.0,43.74,110.31714285714285,62.07040349857742,-0.24192189559966787,0.9702957262759965,0,20.9,0,-2.8600000000000003,446.9565217391304
2025-01-02,73.0,142.18,1.0,4.0,-2.6,-5.5,-0.8,0.0,6.1,2.8,190.0,1030.7,1,3,0.49999999999999994,0.8660254037844387,1,161.0,33.68,174.0,143.12,106.46000000000001,57.07654626318375,-0.17364817766693047,-0.984807753012208,1,20.6,0,-2.2399999999999998,355.4137931034483
2025-01-03,31.48,36.82,61.65,1777.08,-3.8,-6.6,-2.5,0.0,10.0,7.0,358.0,1030.61,1,4,0.49999999999999994,0.8660254037844387,1,73.0,36.54,84.0,142.18,92.03142857142858,49.40820965135657,-0.034899496702500823,0.9993908270190958,0,21.8,0,-17.5,145.15633802816902
2025-01-04,43.35,48.94,92.16,1152.96,-3.5,-6.6,1.0,0.0,24.7,17.29,327.0,1030.52,1,5,0.49999999999999994,0.8660254037844387,1,31.48,161.0,114.0,36.82,84.52857142857144,54.55112080381488,-0.544639035015027,0.838670567945424,0,21.5,0,17.29,59.25934445083381
2025-01-05,37.48,40.58,85.14,1537.71,-3.9,-6.2,-1.9,0.2,21.0,14.7,345.0,1030.43,1,6,0.49999999999999994,0.8660254037844387,1,43.35,73.0,142.0,48.94,74.43571428571428,54.72506733881759,-0.2588190451025207,0.9659258262890683,0,21.9,0,-27.929999999999996,69.62364864864865
2025-01-06,39.38,42.6,88.09,2495.83,-1.7,-4.6,1.1,0.0,4.5,3.15,30.0,1030.34,1,0,0.49999999999999994,0.8660254037844387,1,37.48,31.48,33.68,40.58,59.50428571428571,46.92042407351111,0.49999999999999994,0.8660254037844387,0,19.7,0,3.4650000000000003,317.0276923076923
2025-01-07,33.8,36.6,56.72,1480.54,-1.6,-3.8,0.7,0.5,15.5,10.85,17.0,1030.24,1,1,0.49999999999999994,0.8660254037844387,1,39.38,43.35,36.54,42.6,60.31857142857143,46.44460658625936,0.29237170472273677,0.9563047559630354,0,19.6,0,7.594999999999999,94.08584474885846
2025-01-08,24.48,26.4,69.54,1655.33,-2.8,-6.2,-0.8,5.6,10.4,7.28,97.0,1030.15,1,2,0.49999999999999994,0.8660254037844387,1,33.8,37.48,161.0,36.6,59.92714285714286,46.689310951682316,0.9925461516413221,-0.12186934340514737,0,20.8,0,-5.824000000000001,139.5867208672087
2025-01-09,28.45,30.08,59.3,994.54,-8.1,-12.4,-6.3,0.0,9.0,6.3,23.0,1030.06,1,3,0.49999999999999994,0.8660254037844387,1,24.48,39.38,73.0,26.4,40.424285714285716,15.586307941206659,0.3907311284892737,0.9205048534524404,0,26.1,0,-39.69,160.94687499999998
2025-01-10,30.92,32.65,54.58,1143.96,-7.4,-10.4,-3.8,0.0,15.6,10.92,348.0,1029.97,1,4,0.49999999999999994,0.8660254037844387,1,28.45,33.8,31.48,30.08,34.059999999999995,6.535485189845789,-0.20791169081775987,0.9781476007338056,0,25.4,0,-41.495999999999995,93.46370235934664
2025-01-11,39.05,41.89,63.35,1837.96,-8.2,-12.1,-3.0,0.0,12.6,8.82,26.0,1029.88,1,5,0.49999999999999994,0.8660254037844387,1,30.92,24.48,43.35,32.65,33.980000000000004,6.575634316679545,0.4383711467890774,0.898794046299167,0,26.2,0,-26.46,115.45739910313902
2025-01-12,45.69,49.96,65.84,1601.79,-7.7,-11.1,-1.9,0.0,12.8,8.96,30.0,1029.79,1,6,0.49999999999999994,0.8660254037844387,1,39.05,28.45,37.48,41.89,33.36571428571428,5.696495581038304,0.49999999999999994,0.8660254037844387,0,25.7,0,-17.024,113.66335540838851
2025-01-13,49.77,56.0,66.53,1802.17,-7.3,-10.2,-2.3,0.0,13.4,9.38,18.0,1029.7,1,0,0.49999999999999994,0.8660254037844387,1,45.69,30.92,39.38,49.96,34.53857142857142,7.303331268611234,0.3090169943749474,0.9510565162951535,0,25.3,0,-21.574,108.6181434599156
2025-01-14,48.99,55.06,56.06,2260.71,-6.0,-10.0,-1.5,0.0,8.7,6.09,63.0,1029.61,1,1,0.49999999999999994,0.8660254037844387,1,49.77,39.05,33.8,56.0,36.02285714285714,9.248127223545533,0.8910065241883678,0.4539904997395468,0,24.0,0,-9.135,166.33441033925686
2025-01-15,40.88,44.02,55.74,2538.75,-2.3,-6.7,3.3,0.0,6.0,4.2,103.0,1029.51,1,2,0.49999999999999994,0.8660254037844387,1,48.99,45.69,24.48,55.06,38.19285714285714,10.355437724993434,0.9743700647852352,-0.2249510543438648,0,20.3,0,13.86,239.42093023255813
2025-01-16,40.03,42.56,76.53,3059.71,-3.1,-7.6,1.9,0.0,3.4,2.38,123.0,1029.42,1,3,0.49999999999999994,0.8660254037844387,1,40.88,49.77,28.45,44.02,40.535714285714285,8.407991946443284,0.838670567945424,-0.5446390350150271,0,21.1,0,4.521999999999999,415.0887096774194
2025-01-17,31.68,33.58,89.49,2142.71,-3.2,-6.9,-0.2,0.0,5.6,3.92,98.0,1029.33,1,4,0.49999999999999994,0.8660254037844387,1,40.03,48.99,30.92,42.56,42.190000000000005,6.5726782973173465,0.9902680687415704,-0.13917310096006535,0,21.2,0,-0.784,256.05223880597015
2025-01-18,44.19,47.4,94.96,2407.25,-3.3,-6.0,-0.6,0.0,5.6,3.92,98.0,1029.24,1,5,0.49999999999999994,0.8660254037844387,1,31.68,40.88,39.05,33.58,42.29857142857143,6.3582660858974815,0.9902680687415704,-0.13917310096006535,0,21.3,0,-2.352,256.0298507462687
2025-01-19,48.62,52.19,120.7,1792.67,-3.4,-7.7,-0.6,0.0,7.5,5.25,255.0,1029.15,1,6,0.49999999999999994,0.8660254037844387,1,44.19,40.03,45.69,47.4,43.03285714285714,6.215777543977654,-0.9659258262890683,-0.25881904510252063,0,21.4,0,-3.15,192.36448598130846
2025-01-20,39.43,42.06,85.55,1800.21,-2.5,-4.2,-0.6,0.0,8.2,5.74,35.0,1029.06,1,0,0.49999999999999994,0.8660254037844387,1,48.62,31.68,49.77,52.19,43.45142857142857,6.515937969246944,0.573576436351046,0.8191520442889918,0,20.5,0,-3.444,176.208904109589
2025-01-21,31.28,33.68,66.54,2037.25,-1.3,-5.6,1.4,0.0,6.8,4.76,34.0,1028.97,1,1,0.49999999999999994,0.8660254037844387,1,39.43,44.19,48.99,42.06,41.97428571428571,5.996089995832427,0.5591929034707469,0.8290375725550417,0,19.3,0,6.664,211.72222222222226
2025-01-22,22.09,23.95,43.78,901.92,-2.8,-8.2,0.6,5.7,15.2,10.64,140.0,1028.88,1,2,0.49999999999999994,0.8660254037844387,1,31.28,48.62,40.88,33.68,39.44428571428572,6.272423394360579,0.6427876096865395,-0.7660444431189779,1,20.8,0,6.384,95.79888268156425
2025-01-23,31.18,33.54,85.66,910.5,-8.7,-13.3,-6.9,0.7,9.7,6.79,52.0,1028.79,1,3,0.49999999999999994,0.8660254037844387,1,22.09,39.43,40.03,23.95,36.76,8.988251591199122,0.788010753606722,0.6156614753256583,0,26.7,0,-46.851000000000006,149.31640058055152
2025-01-24,33.38,35.43,68.33,806.29,-16.3,-19.9,-13.4,0.0,14.1,9.87,11.0,1028.69,1,4,0.49999999999999994,0.8660254037844387,1,31.18,31.28,31.68,33.54,35.495714285714286,9.073648397316385,0.1908089953765448,0.981627183447664,0,34.3,0,-132.25799999999998,103.17853560682049
2025-01-25,32.32,34.29,51.63,972.21,-11.2,-16.2,-5.8,0.0,17.5,12.25,340.0,1028.6,1,5,0.49999999999999994,0.8660254037844387,1,33.38,22.09,44.19,35.43,35.738571428571426,8.976731826546965,-0.3420201433256686,0.9396926207859084,0,29.2,0,-71.05,83.28744939271255
2025-01-26,31.95,34.9,52.25,1757.0,-8.6,-13.4,-1.8,0.0,13.3,9.31,12.0,1028.51,1,6,0.49999999999999994,0.8660254037844387,1,32.32,31.18,48.62,34.29,34.04285714285714,8.20185083642005,0.20791169081775931,0.9781476007338057,0,26.6,0,-16.758000000000003,109.29968119022317
2025-01-27,34.19,39.01,60.78,2606.0,-2.5,-7.4,2.7,0.0,5.8,4.06,89.0,1028.42,1,0,0.49999999999999994,0.8660254037844387,1,31.95,33.38,39.43,34.9,31.661428571428576,5.095924608849212,0.9998476951563913,0.017452406437283376,0,20.5,0,10.962,247.21634615384622
2025-01-28,41.76,48.36,86.14,2868.62,-4.4,-6.8,-1.0,0.0,4.8,3.36,114.0,1028.33,1,1,0.49999999999999994,0.8660254037844387,1,34.19,32.32,31.28,39.01,30.912857142857142,4.040031824489084,0.913545457642601,-0.4067366430758001,0,22.4,0,-3.36,297.20520231213874
2025-01-29,44.53,51.92,117.24,2665.5,-3.7,-8.4,0.0,0.0,3.4,2.38,295.0,1028.24,1,2,0.49999999999999994,0.8660254037844387,1,41.76,31.95,22.09,48.36,32.410000000000004,5.770135758081778,-0.9063077870366498,0.4226182617406996,0,21.7,0,0.0,414.61290322580646
2025-01-30,54.8,60.4,148.31,1534.62,-0.8,-2.5,1.4,5.1,8.3,5.81,51.0,1028.15,1,3,0.49999999999999994,0.8660254037844387,1,44.53,34.19,31.18,51.92,35.61571428571428,5.295006632490866,0.7771459614569708,0.6293203910498375,0,18.8,0,8.133999999999999,173.96785109983082
2025-01-31,45.6,46.78,148.28,1327.33,-3.3,-4.4,-1.5,4.9,7.7,5.39,72.0,1028.06,1,4,0.49999999999999994,0.8660254037844387,1,54.8,41.76,33.38,60.4,38.99,8.53310416359096,0.9510565162951535,0.30901699437494745,0,21.3,0,-8.084999999999999,187.26047358834245
2025-02-01,32.43,33.43,88.65,1061.96,-6.9,-8.5,-4.6,0.0,9.0,6.3,9.0,1027.96,2,5,0.8660254037844386,0.5000000000000001,1,45.6,44.53,32.32,46.78,40.73571428571428,8.443642296907289,0.15643446504023087,0.9876883405951378,0,24.9,0,-28.979999999999997,160.61875
2025-02-02,38.27,40.6,59.41,1118.5,-9.1,-10.3,-7.8,0.0,7.1,4.97,329.0,1027.87,2,6,0.8660254037844386,0.5000000000000001,1,32.43,54.8,31.95,33.43,40.75142857142857,8.425452368809296,-0.5150380749100545,0.8571673007021121,0,27.1,0,-38.766,202.73570019723869
2025-02-03,38.46,40.98,56.21,1009.42,-9.2,-11.4,-5.2,0.0,15.6,10.92,341.0,1027.78,2,0,0.8660254037844386,0.5000000000000001,1,38.27,45.6,34.19,40.6,41.65428571428571,7.625787078817178,-0.32556815445715753,0.9455185755993165,0,27.2,0,-56.784,93.26497277676951
2025-02-04,40.52,44.44,67.3,1584.96,-9.3,-11.9,-4.4,0.0,19.3,13.51,350.0,1027.69,2,1,0.8660254037844386,0.5000000000000001,1,38.46,32.43,41.76,40.98,42.26428571428571,7.080477519545437,-0.17364817766693127,0.9848077530122079,0,27.3,0,-59.444,75.50991917707569
2025-02-05,38.94,41.7,64.13,1700.12,-8.6,-11.7,-4.4,0.0,7.3,5.11,25.0,1027.6,2,2,0.8660254037844386,0.5000000000000001,1,40.52,38.27,44.53,44.44,42.08714285714286,7.110643933068478,0.42261826174069944,0.9063077870366499,0,26.6,0,-22.484,197.23608445297504
2025-02-06,37.6,43.77,57.93,1784.5,-7.2,-13.1,-0.7,0.0,5.1,3.57,49.0,1027.51,2,3,0.8660254037844386,0.5000000000000001,1,38.94,38.46,54.8,41.7,41.28857142857142,7.1044643911938055,0.754709580222772,0.6560590289905073,0,25.2,0,-2.4989999999999997,279.9754768392371
2025-02-07,37.61,46.68,56.43,2093.08,-5.5,-8.9,-0.4,0.0,8.1,5.67,29.0,1027.42,2,4,0.8660254037844386,0.5000000000000001,1,37.6,40.52,45.6,43.77,38.83142857142857,3.9077803954514034,0.48480962024633706,0.8746197071393957,0,23.5,0,-2.2680000000000002,178.0623916811092
2025-02-08,39.85,48.72,60.4,1932.38,-5.9,-8.9,-1.5,0.0,7.8,5.46,5.0,1027.33,2,5,0.8660254037844386,0.5000000000000001,1,37.61,38.94,32.43,46.68,37.69,2.5226573290930348,0.08715574274765817,0.9961946980917455,0,23.9,0,-8.19,184.77158273381295
2025-02-09,37.06,54.51,57.75,1744.58,-5.0,-8.7,-0.2,0.0,7.8,5.46,14.0,1027.23,2,6,0.8660254037844386,0.5000000000000001,1,39.85,37.6,38.27,48.72,38.75,1.10420408742831,0.24192189559966773,0.9702957262759965,0,23.0,0,-1.092,184.75359712230218
2025-02-10,39.18,54.55,60.32,1355.83,-8.2,-12.1,-4.1,0.0,6.6,4.62,312.0,1027.14,2,0,0.8660254037844386,0.5000000000000001,1,37.06,37.61,38.46,54.51,38.57714285714286,1.2735869854668522,-0.7431448254773946,0.6691306063588578,0,26.2,0,-18.942,217.61440677966107
2025-02-11,39.93,46.18,52.88,1343.5,-8.9,-13.8,-3.3,0.0,11.5,8.05,328.0,1027.05,2,1,0.8660254037844386,0.5000000000000001,1,39.18,39.85,40.52,54.55,38.68,1.2914978384393028,-0.5299192642332058,0.8480480961564254,0,26.9,0,-26.565,126.01840490797545
2025-02-12,39.02,47.14,64.36,1776.08,-4.3,-10.6,0.8,1.6,9.2,6.44,200.0,1026.96,2,2,0.8660254037844386,0.5000000000000001,1,39.93,37.06,38.94,46.18,38.59571428571429,1.1644005202056986,-0.34202014332566866,-0.9396926207859084,1,22.3,0,5.152000000000001,157.0275229357798
2025-02-13,30.62,35.6,69.62,915.08,-2.8,-3.5,-2.0,0.5,8.1,5.67,29.0,1026.87,2,3,0.8660254037844386,0.5000000000000001,1,39.02,39.18,37.6,47.14,38.607142857142854,1.168727431675384,0.48480962024633706,0.8746197071393957,0,20.8,0,-11.34,177.96707105719236
2025-02-14,36.15,47.17,51.09,1214.58,-4.4,-6.7,-1.5,0.0,7.6,5.32,355.0,1026.78,2,4,0.8660254037844386,0.5000000000000001,1,30.62,39.93,37.61,35.6,37.61,3.266384341545481,-0.08715574274765832,0.9961946980917455,0,22.4,0,-7.98,189.44280442804427
2025-02-15,35.12,45.26,40.75,1229.42,-3.0,-5.7,2.3,0.0,14.8,10.36,249.0,1026.69,2,5,0.8660254037844386,0.5000000000000001,1,36.15,39.02,39.85,47.17,37.401428571428575,3.3126697620511187,-0.9335804264972016,-0.3583679495453007,0,21.0,0,23.827999999999996,98.15391969407267
2025-02-16,38.36,50.42,74.51,2025.71,-3.1,-6.4,0.2,0.3,4.4,3.08,40.0,1026.6,2,6,0.8660254037844386,0.5000000000000001,1,35.12,30.62,37.06,45.26,36.72571428571428,3.210814315941598,0.6427876096865393,0.766044443118978,0,21.1,0,0.6160000000000001,322.8301886792452
2025-02-17,46.98,59.75,106.14,2506.75,-3.2,-5.9,-0.1,0.0,4.7,3.29,1.0,1026.51,2,0,0.8660254037844386,0.5000000000000001,1,38.36,36.15,39.18,50.42,36.91142857142857,3.2704150020664358,0.01745240643728351,0.9998476951563913,0,21.2,0,-0.329,302.8053097345133
2025-02-18,29.35,38.57,39.08,1604.92,-4.2,-7.6,-1.2,0.0,8.4,5.88,325.0,1026.41,2,1,0.8660254037844386,0.5000000000000001,1,46.98,35.12,39.93,59.75,38.02571428571429,5.02845190604975,-0.5735764363510465,0.8191520442889916,0,22.2,0,-7.056,171.64046822742478
2025-02-19,36.67,42.87,52.54,1602.29,-3.1,-6.8,0.6,0.0,6.7,4.69,283.0,1026.32,2,2,0.8660254037844386,0.5000000000000001,1,29.35,38.36,39.02,38.57,36.51428571428571,5.878814668348446,-0.9743700647852352,0.22495105434386492,0,21.1,0,2.814,214.26304801670145
2025-02-20,41.0,51.14,50.48,2714.21,-1.6,-5.6,2.6,0.0,4.6,3.22,122.0,1026.23,2,3,0.8660254037844386,0.5000000000000001,1,36.67,46.98,30.62,42.87,36.17857142857143,5.778112230859481,0.8480480961564261,-0.5299192642332048,0,19.6,0,8.372000000000002,309.105421686747
2025-02-21,35.6,42.56,46.49,2340.96,-2.7,-5.8,1.0,0.0,5.3,3.71,314.0,1026.14,2,4,0.8660254037844386,0.5000000000000001,1,41.0,29.35,36.15,51.14,37.66142857142857,5.435621487227361,-0.7193398003386517,0.6946583704589966,0,20.7,0,3.71,269.32808398950135
2025-02-22,31.7,36.54,47.3,2095.88,-2.7,-7.8,2.0,0.0,4.6,3.22,262.0,1026.05,2,5,0.8660254037844386,0.5000000000000001,1,35.6,36.67,35.12,42.56,37.58285714285715,5.465005990501503,-0.9902680687415704,-0.13917310096006494,0,20.7,0,6.44,309.0512048192771
2025-02-23,29.46,35.14,38.09,1972.5,-0.8,-6.4,4.7,0.0,4.3,3.01,93.0,1025.96,2,6,0.8660254037844386,0.5000000000000001,1,31.7,41.0,38.36,36.54,37.09428571428572,5.860448950787711,0.9986295347545738,-0.05233595624294362,0,18.8,0,14.147,329.89067524115757
2025-02-24,29.73,36.93,42.9,1643.67,-0.1,-5.6,4.8,0.0,6.7,4.69,53.0,1025.87,2,0,0.8660254037844386,0.5000000000000001,1,29.46,35.6,46.98,35.14,35.82285714285714,6.473455322279657,0.7986355100472928,0.6018150231520484,0,18.1,0,22.512,214.16910229645092
2025-02-25,28.58,43.48,43.56,1627.21,2.7,-1.0,5.2,0.0,11.6,8.12,165.0,1025.78,2,1,0.8660254037844386,0.5000000000000001,1,29.73,31.7,29.35,36.93,33.35857142857143,4.5012199404615005,0.258819045102521,-0.9659258262890682,1,15.3,0,42.224,124.79075425790755
2025-02-26,18.79,30.46,34.93,1460.12,0.8,-3.8,3.8,8.3,10.8,7.56,170.0,1025.68,2,2,0.8660254037844386,0.5000000000000001,1,28.58,29.46,36.67,43.48,33.24857142857143,4.623261578050166,0.17364817766693028,-0.984807753012208,1,17.2,0,28.727999999999998,133.90078328981724
2025-02-27,24.25,28.1,64.04,902.96,-4.5,-6.9,-0.7,0.0,13.7,9.59,4.0,1025.59,2,3,0.8660254037844386,0.5000000000000001,1,18.79,29.73,41.0,30.46,30.694285714285712,6.830333952654838,0.0697564737441253,0.9975640502598242,0,22.5,0,-6.712999999999999,105.84004127966976
2025-02-28,36.98,42.76,97.75,1047.04,-3.3,-7.6,0.2,0.3,6.6,4.62,319.0,1025.5,2,4,0.8660254037844386,0.5000000000000001,1,24.25,28.58,35.6,28.1,28.30142857142857,5.403108452771307,-0.6560590289905074,0.7547095802227719,0,21.3,0,0.924,217.2669491525424
2025-03-01,41.92,47.43,98.62,1640.25,-2.1,-4.7,0.8,1.2,4.8,3.36,52.0,1025.41,3,5,1.0,6.123233995736766e-17,1,36.98,18.79,31.7,42.76,28.49857142857143,5.729134398179948,0.788010753606722,0.6156614753256583,0,20.1,0,2.688,296.36127167630065
2025-03-02,25.15,34.02,35.38,1466.29,-3.1,-6.8,0.9,0.0,6.1,4.27,355.0,1025.32,3,6,1.0,6.123233995736766e-17,1,41.92,24.25,29.46,47.43,29.958571428571428,7.658353671149471,-0.08715574274765832,0.9961946980917455,0,21.1,0,3.8429999999999995,234.62700228832955
2025-03-03,20.25,25.2,34.01,922.92,-2.2,-6.2,2.5,1.4,9.3,6.51,240.0,1025.23,3,0,1.0,6.123233995736766e-17,1,25.15,36.98,29.73,34.02,29.342857142857145,7.87530256410623,-0.8660254037844385,-0.5000000000000004,0,20.2,0,16.275,155.10287443267777
2025-03-04,21.21,24.72,37.93,1123.29,-4.5,-8.8,0.1,0.0,5.7,3.99,91.0,1025.14,3,1,1.0,6.123233995736766e-17,1,20.25,41.92,28.58,25.2,27.98857142857143,8.581121582816284,0.9998476951563913,-0.017452406437283477,0,22.5,0,0.399,250.64547677261618
2025-03-05,36.11,40.46,53.35,1451.67,-5.0,-11.7,-0.1,0.0,6.9,4.83,325.0,1025.05,3,2,1.0,6.123233995736766e-17,1,21.21,25.15,18.79,24.72,26.935714285714287,8.941043669773112,-0.5735764363510465,0.8191520442889916,0,23.0,0,-0.48300000000000004,207.92089249492903
2025-03-06,30.51,37.52,34.36,1224.25,0.8,-5.9,6.7,0.0,6.9,4.83,74.0,1024.96,3,3,1.0,6.123233995736766e-17,1,36.11,20.25,24.25,40.46,29.41,8.704537131099753,0.9612616959383189,0.27563735581699916,0,17.2,0,32.361000000000004,207.90263691683575
2025-03-07,18.4,25.0,35.81,825.29,1.9,-0.9,4.1,10.4,15.5,10.85,166.0,1024.86,3,4,1.0,6.123233995736766e-17,1,30.51,21.21,36.98,37.52,30.304285714285715,8.402380331675234,0.24192189559966773,-0.9702957262759965,1,16.1,0,44.48499999999999,93.59452054794521
2025-03-08,17.38,18.84,38.65,1107.83,1.5,0.3,4.2,2.5,9.8,6.86,95.0,1024.77,3,5,1.0,6.123233995736766e-17,1,18.4,36.11,41.92,25.0,27.65,8.864067914903849,0.9961946980917455,-0.08715574274765824,0,16.5,0,28.812,147.23706896551724
2025-03-09,25.34,27.5,50.07,1179.92,2.3,-2.4,6.3,13.6,8.4,5.88,117.0,1024.68,3,6,1.0,6.123233995736766e-17,1,17.38,30.51,25.15,18.84,24.14428571428571,6.919055468158701,0.8910065241883679,-0.45399049973954675,0,15.7,0,37.044,171.35117056856188
2025-03-10,23.55,24.7,64.15,1358.08,0.2,-3.6,2.7,0.9,9.0,6.3,39.0,1024.59,3,0,1.0,6.123233995736766e-17,1,25.34,18.4,20.25,27.5,24.17142857142857,6.9240292426021135,0.6293203910498374,0.7771459614569709,0,17.8,0,17.01,160.0921875
2025-03-11,33.89,40.03,52.58,1499.5,1.5,-4.3,7.4,0.7,4.7,3.29,134.0,1024.5,3,1,1.0,6.123233995736766e-17,1,23.55,17.38,21.21,24.7,24.642857142857142,6.721928578135296,0.7193398003386514,-0.694658370458997,0,16.5,0,24.346,302.21238938053096
2025-03-12,29.19,33.85,48.98,815.79,0.7,-2.0,4.2,0.0,6.0,4.2,347.0,1024.41,3,2,1.0,6.123233995736766e-17,1,33.89,25.34,36.11,40.03,26.454285714285714,7.324185636514358,-0.22495105434386534,0.9743700647852351,0,17.3,0,17.64,238.23488372093024
2025-03-13,28.64,34.74,51.73,1082.12,0.8,-4.6,7.2,0.0,6.7,4.69,14.0,1024.32,3,3,1.0,6.123233995736766e-17,1,29.19,23.55,30.51,33.85,25.465714285714284,6.181593260489026,0.24192189559966773,0.9702957262759965,0,17.2,0,33.768,213.8455114822547
2025-03-14,23.6,28.57,46.79,1187.42,3.5,-3.0,11.2,0.0,7.1,4.97,29.0,1024.23,3,4,1.0,6.123233995736766e-17,1,28.64,33.89,18.4,34.74,25.19857142857143,5.963839447236075,0.48480962024633706,0.8746197071393957,0,14.5,0,55.663999999999994,202.01775147928998
2025-03-15,35.0,89.05,53.78,1429.96,6.0,1.4,11.8,0.0,6.7,4.69,204.0,1024.13,3,5,1.0,6.123233995736766e-17,1,23.6,29.19,17.38,28.57,25.94142857142857,5.257950895460671,-0.4067366430757998,-0.9135454576426011,1,12.0,0,55.342000000000006,213.80584551148226
2025-03-16,27.7,45.75,51.48,1268.5,5.7,-1.8,12.6,0.1,10.6,7.42,144.0,1024.04,3,6,1.0,6.123233995736766e-17,1,35.0,28.64,25.34,89.05,28.458571428571428,4.659826279209206,0.5877852522924732,-0.8090169943749473,1,12.3,0,93.49199999999999,136.1755319148936
2025-03-17,32.12,81.48,40.79,1145.0,5.1,-3.2,15.1,0.0,6.8,4.76,109.0,1023.95,3,0,1.0,6.123233995736766e-17,1,27.7,23.6,23.55,45.75,28.795714285714286,4.478432974243293,0.9455185755993168,-0.3255681544571564,0,12.9,0,71.87599999999999,210.68930041152268
2025-03-18,30.42,48.5,40.59,1090.42,6.9,-0.3,16.3,0.0,7.0,4.9,75.0,1023.86,3,1,1.0,6.123233995736766e-17,1,32.12,35.0,33.89,81.48,30.02,3.9450264046468573,0.9659258262890683,0.25881904510252074,0,11.1,0,79.87,204.77200000000002
2025-03-19,26.56,33.24,40.02,1327.12,7.4,-0.5,17.0,0.0,5.9,4.13,138.0,1023.77,3,2,1.0,6.123233995736766e-17,1,30.42,27.7,29.19,48.5,29.524285714285718,3.5786955591094274,0.6691306063588583,-0.7431448254773941,1,10.6,0,70.21,242.02600472813242
2025-03-20,24.97,31.6,43.15,1308.25,9.0,-0.1,20.6,0.0,8.4,5.88,133.0,1023.68,3,3,1.0,6.123233995736766e-17,1,26.56,32.12,28.64,33.24,29.148571428571426,3.7534314459005773,0.7313537016191706,-0.6819983600624984,0,9.0,0,121.128,171.1839464882943
2025-03-21,29.51,59.1,44.62,1257.92,10.4,0.8,22.4,0.0,9.7,6.79,131.0,1023.59,3,4,1.0,6.123233995736766e-17,1,24.97,30.42,23.6,31.6,28.624285714285712,4.078544908598691,0.7547095802227718,-0.6560590289905075,0,7.6,0,152.096,148.56168359941944
2025-03-22,31.09,68.24,46.22,1447.62,10.3,3.2,16.5,0.0,10.6,7.42,114.0,1023.5,3,5,1.0,6.123233995736766e-17,1,29.51,26.56,35.0,59.1,29.46857142857143,3.4243852420167227,0.913545457642601,-0.4067366430758001,0,7.699999999999999,0,122.42999999999999,136.1037234042553
2025-03-23,27.57,55.75,42.2,969.12,13.8,8.0,22.4,0.8,17.6,12.32,20.0,1023.4,3,6,1.0,6.123233995736766e-17,1,31.09,24.97,27.7,68.24,28.91,2.588654734289809,0.3420201433256687,0.9396926207859084,0,4.199999999999999,0,275.96799999999996,82.39935587761674
2025-03-24,25.8,49.18,43.12,618.17,10.2,5.3,17.4,19.4,14.2,9.94,308.0,1023.31,3,0,1.0,6.123233995736766e-17,1,27.57,29.51,32.12,55.75,28.891428571428573,2.599226991320432,-0.7880107536067218,0.6156614753256585,0,7.800000000000001,0,172.956,101.92330677290838
2025-03-25,8.04,8.99,38.64,523.62,1.4,-1.8,4.5,3.6,7.1,4.97,338.0,1023.22,3,1,1.0,6.123233995736766e-17,1,25.8,31.09,30.42,49.18,27.98857142857143,2.379183533429506,-0.37460659341591235,0.9271838545667873,0,16.6,0,22.365,201.81854043392508
2025-03-26,20.35,22.74,47.62,668.17,-0.2,-4.2,5.0,0.0,11.4,7.98,328.0,1023.13,3,2,1.0,6.123233995736766e-17,1,8.04,27.57,26.56,8.99,24.791428571428572,7.685968662812939,-0.5299192642332058,0.8480480961564254,0,18.2,0,39.900000000000006,126.625
2025-03-27,35.26,90.32,56.73,754.42,1.9,-2.6,7.2,0.0,23.3,16.31,320.0,1023.04,3,3,1.0,6.123233995736766e-17,1,20.35,25.8,24.97,22.74,23.904285714285717,7.805275688369817,-0.6427876096865396,0.7660444431189778,0,16.1,0,117.43199999999999,62.342474101157826
2025-03-28,32.13,74.35,70.72,1171.79,3.1,1.0,6.1,3.0,5.0,3.5,53.0,1022.95,3,4,1.0,6.123233995736766e-17,1,35.26,8.04,29.51,90.32,25.374285714285715,8.92771127285469,0.7986355100472928,0.6018150231520484,0,14.9,0,21.349999999999998,284.1527777777778
2025-03-29,16.73,20.99,59.21,858.5,5.2,1.5,9.5,1.0,5.6,3.92,37.0,1022.86,3,5,1.0,6.123233995736766e-17,1,32.13,20.35,31.09,74.35,25.74857142857143,9.181313320312208,0.6018150231520483,0.7986355100472928,0,12.8,0,37.24,254.4427860696518
2025-03-30,20.42,27.31,40.17,1189.71,6.0,-0.2,12.0,0.0,6.1,4.27,159.0,1022.77,3,6,1.0,6.123233995736766e-17,1,16.73,35.26,27.57,20.99,23.697142857142858,9.390814154066668,0.3583679495453002,-0.9335804264972017,1,12.0,0,51.239999999999995,234.0434782608696
2025-03-31,24.83,33.68,37.72,988.75,7.3,-0.3,15.6,0.0,5.4,3.78,96.0,1022.68,3,0,1.0,6.123233995736766e-17,1,20.42,32.13,25.8,27.31,22.675714285714285,9.287642070952332,0.9945218953682734,-0.10452846326765333,0,10.7,0,58.967999999999996,263.5773195876289
2025-04-01,22.26,29.54,35.88,997.88,8.5,0.6,16.4,0.6,7.7,5.39,201.0,1022.58,4,1,0.8660254037844387,-0.4999999999999998,1,24.83,16.73,8.04,33.68,22.53714285714286,9.240374657423384,-0.35836794954530043,-0.9335804264972017,1,9.5,0,88.39599999999999,186.26229508196724
2025-04-02,25.6,31.03,53.95,962.17,9.4,5.3,14.0,1.9,8.1,5.67,28.0,1022.49,4,2,0.8660254037844387,-0.4999999999999998,1,22.26,20.42,20.35,29.54,24.568571428571428,6.7494430105312535,0.4694715627858908,0.882947592858927,0,8.6,0,79.38,177.20797227036397
2025-04-03,25.42,33.28,38.05,859.92,10.1,3.8,18.6,0.0,10.6,7.42,38.0,1022.4,4,3,0.8660254037844387,-0.4999999999999998,1,25.6,24.83,35.26,31.03,25.31857142857143,6.489220365529984,0.6156614753256582,0.788010753606722,0,7.9,0,138.012,135.95744680851064
2025-04-04,20.09,30.85,34.55,956.79,12.1,1.5,22.2,0.0,9.9,6.93,71.0,1022.31,4,4,0.8660254037844387,-0.4999999999999998,1,25.42,22.26,32.13,33.28,23.912857142857145,4.830561438337385,0.9455185755993167,0.32556815445715676,0,5.9,0,153.84599999999998,145.42105263157896
2025-04-05,22.14,40.9,44.31,695.71,12.7,8.4,18.0,11.0,15.4,10.78,155.0,1022.22,4,5,0.8660254037844387,-0.4999999999999998,1,20.09,25.6,16.73,30.85,22.192857142857143,3.3264080441549924,0.4226182617406995,-0.9063077870366499,1,5.300000000000001,0,194.04,93.95404411764707
2025-04-06,16.92,21.28,36.52,729.12,12.8,6.1,19.2,0.0,11.4,7.98,47.0,1022.13,4,6,0.8660254037844387,-0.4999999999999998,1,22.14,25.42,20.42,40.9,22.965714285714284,2.3226698512969297,0.7313537016191705,0.6819983600624985,0,5.199999999999999,0,153.216,126.50123762376238
2025-04-07,16.08,27.18,29.4,709.0,15.0,8.7,22.9,9.1,15.3,10.71,220.0,1022.04,4,0,0.8660254037844387,-0.4999999999999998,1,16.92,20.09,24.83,21.28,22.465714285714288,3.1803765874694405,-0.6427876096865393,-0.766044443118978,1,3.0,0,245.25900000000001,94.54579093432007
2025-04-08,17.04,24.88,36.14,774.25,15.6,9.9,21.9,0.6,18.8,13.16,133.0,1021.95,4,1,0.8660254037844387,-0.4999999999999998,1,16.08,22.14,22.26,27.18,21.215714285714284,3.7625073959781923,0.7313537016191706,-0.6819983600624984,0,2.4000000000000004,0,288.204,77.07013574660634
2025-04-09,19.42,28.99,49.36,882.12,13.8,8.6,20.1,0.0,11.6,8.12,155.0,1021.85,4,2,0.8660254037844387,-0.4999999999999998,1,17.04,16.92,25.6,24.88,20.470000000000002,4.02889976710294,0.4226182617406995,-0.9063077870366499,1,4.199999999999999,0,163.212,124.31265206812654
2025-04-10,17.86,24.33,50.9,896.08,13.8,8.1,19.3,0.7,7.6,5.32,117.0,1021.76,4,3,0.8660254037844387,-0.4999999999999998,1,19.42,16.08,25.42,28.99,19.587142857142858,3.334709953836972,0.8910065241883679,-0.45399049973954675,0,4.199999999999999,0,102.67600000000002,188.51660516605165
2025-04-11,17.22,32.97,27.02,886.67,13.4,5.8,21.0,0.0,8.2,5.74,60.0,1021.67,4,4,0.8660254037844387,-0.4999999999999998,1,17.86,17.04,20.09,24.33,18.50714285714286,2.141562624865199,0.8660254037844386,0.5000000000000001,0,4.6,0,120.54,174.9434931506849
2025-04-12,22.8,90.2,29.1,843.33,15.5,7.6,23.6,0.0,8.7,6.09,26.0,1021.58,4,5,0.8660254037844387,-0.4999999999999998,1,17.22,19.42,22.14,32.97,18.097142857142856,2.061243267921792,0.4383711467890774,0.898794046299167,0,2.5,0,143.72400000000002,165.03715670436188
2025-04-13,21.1,55.76,33.65,885.08,17.2,7.5,25.5,0.0,8.1,5.67,63.0,1021.49,4,6,0.8660254037844387,-0.4999999999999998,1,22.8,17.86,16.92,90.2,18.19142857142857,2.2804343780100402,0.8910065241883678,0.4539904997395468,0,0.8000000000000007,0,144.585,177.03466204506066
2025-04-14,17.85,35.78,32.13,610.33,17.0,10.3,21.0,3.6,11.5,8.05,205.0,1021.4,4,0,0.8660254037844387,-0.4999999999999998,1,21.1,17.22,16.08,55.76,18.788571428571426,2.4341146821263977,-0.4226182617406993,-0.90630778703665,1,1.0,0,169.05,125.32515337423312
2025-04-15,15.85,22.74,30.24,746.08,14.3,7.8,20.4,0.0,13.2,9.24,176.0,1021.31,4,1,0.8660254037844387,-0.4999999999999998,1,17.85,22.8,17.04,35.78,19.041428571428572,2.185043314386069,0.06975647374412552,-0.9975640502598242,1,3.6999999999999993,0,188.49599999999998,109.34796573875803
2025-04-16,13.85,17.02,22.28,503.75,9.7,3.9,14.1,9.2,15.5,10.85,203.0,1021.22,4,2,0.8660254037844387,-0.4999999999999998,1,15.85,21.1,19.42,22.74,18.87142857142857,2.402210291740355,-0.39073112848927355,-0.9205048534524404,1,8.3,0,152.98499999999999,93.26210045662101
2025-04-17,22.48,25.02,39.88,770.62,10.2,2.2,17.1,0.0,7.4,5.18,342.0,1021.13,4,3,0.8660254037844387,-0.4999999999999998,1,13.85,17.85,17.86,17.02,18.075714285714287,3.0305492194415318,-0.3090169943749477,0.9510565162951535,0,7.800000000000001,0,88.578,193.39583333333337
2025-04-18,21.49,25.58,34.47,510.29,12.0,8.8,14.9,0.4,9.9,6.93,239.0,1021.03,4,4,0.8660254037844387,-0.4999999999999998,1,22.48,15.85,17.22,25.02,18.735714285714288,3.4498157300727796,-0.8571673007021121,-0.5150380749100544,0,6.0,0,103.257,145.2389758179232
2025-04-19,13.15,14.02,39.72,584.83,7.6,4.6,10.2,0.0,9.7,6.79,223.0,1020.94,4,5,0.8660254037844387,-0.4999999999999998,1,21.49,13.85,22.8,25.58,19.345714285714287,3.5140520634718597,-0.6819983600624984,-0.7313537016191706,1,10.4,0,69.258,148.17706821480405
2025-04-20,12.36,13.4,22.93,685.0,10.0,3.7,15.1,0.0,9.0,6.3,107.0,1020.85,4,6,0.8660254037844387,-0.4999999999999998,1,13.15,22.48,21.1,14.02,17.967142857142857,3.8131995064800357,0.9563047559630355,-0.29237170472273666,0,8.0,0,95.13,159.5078125
2025-04-21,35.6,118.46,38.1,953.46,10.2,5.4,14.3,0.0,5.0,3.5,217.0,1020.76,4,0,0.8660254037844387,-0.4999999999999998,1,12.36,21.49,17.85,13.4,16.71857142857143,4.040538035840882,-0.601815023152048,-0.798635510047293,1,7.800000000000001,0,50.050000000000004,283.5444444444445
2025-04-22,37.2,174.73,38.93,667.38,13.0,6.8,18.8,0.1,13.8,9.66,201.0,1020.67,4,1,0.8660254037844387,-0.4999999999999998,1,35.6,13.15,15.85,118.46,19.254285714285714,8.24797926190354,-0.35836794954530043,-0.9335804264972017,1,5.0,0,181.608,104.57684426229508
2025-04-23,21.08,59.31,34.86,737.67,13.2,9.3,19.3,1.1,8.3,5.81,211.0,1020.58,4,2,0.8660254037844387,-0.4999999999999998,1,37.2,12.36,13.85,174.73,22.304285714285715,10.436450317906171,-0.5150380749100542,-0.8571673007021123,1,4.800000000000001,0,112.133,172.68697123519462
2025-04-24,20.09,34.53,35.17,797.5,12.4,5.4,18.2,0.2,7.8,5.46,159.0,1020.49,4,3,0.8660254037844387,-0.4999999999999998,1,21.08,35.6,22.48,59.31,23.337142857142858,9.798582744945936,0.3583679495453002,-0.9335804264972017,1,5.6,0,99.372,183.54136690647485
2025-04-25,17.36,22.51,26.43,637.38,13.7,5.2,20.8,0.0,8.9,6.23,51.0,1020.4,4,4,0.8660254037844387,-0.4999999999999998,1,20.09,37.2,21.49,34.53,22.995714285714286,9.874770642304746,0.7771459614569708,0.6293203910498375,0,4.300000000000001,0,129.584,161.20063191153238
2025-04-26,19.27,26.21,30.05,637.67,15.7,7.8,23.6,0.0,7.8,5.46,128.0,1020.3,4,5,0.8660254037844387,-0.4999999999999998,1,17.36,21.08,13.15,22.51,22.405714285714286,10.100527803277929,0.788010753606722,-0.6156614753256583,0,2.3000000000000007,0,128.856,183.50719424460434
2025-04-27,18.21,27.89,28.48,611.71,18.2,8.8,26.6,0.0,9.9,6.93,109.0,1020.21,4,6,0.8660254037844387,-0.4999999999999998,1,19.27,20.09,12.36,26.21,23.28,9.406892862861879,0.9455185755993168,-0.3255681544571564,0,0.0,0,184.338,145.12233285917497
2025-04-28,14.53,22.02,27.02,601.79,21.1,12.2,30.4,0.0,7.9,5.53,110.0,1020.12,4,0,0.8660254037844387,-0.4999999999999998,1,18.21,17.36,35.6,27.89,24.115714285714287,8.490262770067263,0.9396926207859084,-0.3420201433256687,0,0.0,0,168.112,181.19360568383658
2025-04-29,13.13,22.2,26.63,449.04,23.1,13.4,31.8,0.1,8.3,5.81,273.0,1020.03,4,1,0.8660254037844387,-0.4999999999999998,1,14.53,19.27,37.2,22.02,21.10571428571428,7.4058959780788145,-0.9986295347545738,0.052335956242943946,0,0.0,0,184.75799999999998,172.59390862944164
2025-04-30,16.43,28.88,33.04,468.21,17.1,14.4,19.6,0.0,10.3,7.21,270.0,1019.94,4,2,0.8660254037844387,-0.4999999999999998,1,13.13,18.21,21.08,22.2,17.667142857142856,2.91271187662282,-1.0,-1.8369701987210297e-16,0,0.8999999999999986,0,141.316,139.5266757865937
2025-05-01,18.37,35.3,39.42,316.17,16.5,11.2,22.0,3.7,7.3,5.11,293.0,1019.85,5,3,0.49999999999999994,-0.8660254037844387,0,16.43,14.53,20.09,28.88,17.002857142857145,2.506569463673353,-0.9205048534524405,0.3907311284892735,0,1.5,0,112.42,195.74856046065258
2025-05-02,16.11,31.75,22.83,467.88,16.7,12.8,22.2,18.6,16.5,11.55,189.0,1019.76,5,4,0.49999999999999994,-0.8660254037844387,0,18.37,13.13,17.36,35.3,16.75714285714286,2.22161138430789,-0.15643446504023073,-0.9876883405951378,1,1.3000000000000007,0,256.41,87.53304721030042
2025-05-03,10.95,13.97,24.3,647.08,15.9,8.6,21.6,0.0,9.0,6.3,77.0,1019.67,5,5,0.49999999999999994,-0.8660254037844387,0,16.11,16.43,19.27,31.75,16.57857142857143,2.215306062920032,0.9743700647852352,0.22495105434386492,0,2.0999999999999996,0,136.08,159.32343749999998
2025-05-04,19.99,32.18,42.45,792.08,17.5,9.9,24.2,0.0,6.3,4.41,327.0,1019.57,5,6,0.49999999999999994,-0.8660254037844387,0,10.95,18.37,18.21,13.97,15.389999999999999,2.7078158480029835,-0.544639035015027,0.838670567945424,0,0.5,0,106.722,226.0687361419069
2025-05-05,8.31,10.75,24.1,603.29,20.8,11.6,29.2,0.0,11.0,7.7,191.0,1019.48,5,0,0.49999999999999994,-0.8660254037844387,0,19.99,16.11,14.53,32.18,15.644285714285713,3.0754016385058804,-0.19080899537654472,-0.981627183447664,1,0.0,0,224.84,130.7025641025641
2025-05-06,13.13,19.15,34.87,570.71,19.1,11.5,24.8,0.0,5.8,4.06,122.0,1019.39,5,1,0.49999999999999994,-0.8660254037844387,0,8.31,10.95,13.13,10.75,14.755714285714285,4.1587612624584205,0.8480480961564261,-0.5299192642332048,0,0.0,0,100.68799999999999,245.0456730769231
2025-05-07,16.84,32.86,29.7,648.12,19.4,11.9,26.0,0.0,6.2,4.34,310.0,1019.3,5,2,0.49999999999999994,-0.8660254037844387,0,13.13,19.99,16.43,19.15,14.755714285714287,4.1587612624584205,-0.7660444431189781,0.6427876096865393,0,0.0,0,112.84,229.5720720720721
2025-05-08,11.48,18.05,26.52,618.12,23.7,15.3,32.8,0.0,8.2,5.74,76.0,1019.21,5,3,0.49999999999999994,-0.8660254037844387,0,16.84,8.31,18.37,32.86,14.814285714285713,4.189048647540164,0.9702957262759965,0.2419218955996679,0,0.0,0,188.272,174.5222602739726
2025-05-09,19.01,57.23,23.62,354.79,23.5,18.1,29.1,0.0,14.9,10.43,203.0,1019.12,5,4,0.49999999999999994,-0.8660254037844387,0,11.48,13.13,16.11,18.05,13.829999999999998,4.020393844724208,-0.39073112848927355,-0.9205048534524404,1,0.0,0,303.51300000000003,96.78252611585945
2025-05-10,22.07,55.52,28.74,436.96,21.3,16.8,25.2,0.2,16.7,11.69,217.0,1019.03,5,5,0.49999999999999994,-0.8660254037844387,0,19.01,16.84,10.95,57.23,14.244285714285713,4.423685707430493,-0.601815023152048,-0.798635510047293,1,0.0,0,294.58799999999997,86.43172179813402
2025-05-11,13.59,27.68,22.77,416.46,18.1,13.2,23.0,7.5,12.9,9.03,199.0,1018.94,5,6,0.49999999999999994,-0.8660254037844387,0,22.07,11.48,19.99,55.52,15.832857142857145,5.002308514697975,-0.32556815445715676,-0.9455185755993167,1,0.0,0,207.69,111.60350492880615
2025-05-12,14.65,17.53,25.18,435.38,18.3,11.8,23.6,5.3,15.5,10.85,113.0,1018.85,5,0,0.49999999999999994,-0.8660254037844387,0,13.59,19.01,8.31,27.68,14.918571428571427,4.691049735302016,0.9205048534524404,-0.3907311284892736,0,0.0,0,256.06,93.04566210045664
2025-05-13,16.38,24.6,23.14,563.17,19.6,12.1,26.4,0.0,6.1,4.27,150.0,1018.75,5,1,0.49999999999999994,-0.8660254037844387,0,14.65,22.07,13.13,17.53,15.824285714285717,3.712419952644271,0.49999999999999994,-0.8660254037844387,1,0.0,0,112.72799999999998,233.12356979405038
2025-05-14,20.3,61.51,25.03,548.38,23.0,15.6,30.4,0.0,10.1,7.07,251.0,1018.66,5,2,0.49999999999999994,-0.8660254037844387,0,16.38,13.59,16.84,24.6,16.288571428571426,3.5174111150689056,-0.9455185755993168,-0.32556815445715664,0,0.0,0,214.928,142.07252440725244
2025-05-15,23.94,71.82,27.28,522.79,24.5,16.0,32.1,0.0,9.1,6.37,183.0,1018.57,5,3,0.49999999999999994,-0.8660254037844387,0,20.3,14.65,11.48,61.51,16.782857142857143,3.8364554573485856,-0.052335956242943564,-0.9986295347545738,1,0.0,0,204.477,157.42967542503865
2025-05-16,17.82,48.02,22.35,520.25,25.0,17.1,32.5,0.0,9.4,6.58,81.0,1018.48,5,4,0.49999999999999994,-0.8660254037844387,0,23.94,16.38,19.01,71.82,18.562857142857144,3.8565084134338656,0.9876883405951378,0.15643446504023092,0,0.0,0,213.85,152.4670658682635
2025-05-17,14.17,34.98,24.97,496.71,26.5,16.9,35.2,0.0,13.4,9.38,168.0,1018.39,5,5,0.49999999999999994,-0.8660254037844387,0,17.82,20.3,22.07,48.02,18.392857142857142,3.859739690214814,0.20791169081775931,-0.9781476007338057,1,0.0,0,330.17600000000004,107.42510548523205
2025-05-18,12.04,24.63,19.75,298.25,21.2,15.9,25.2,6.7,12.1,8.47,178.0,1018.3,5,6,0.49999999999999994,-0.8660254037844387,0,14.17,23.94,13.59,34.98,17.264285714285716,3.7590107614625317,0.0348994967025007,-0.9993908270190958,1,0.0,0,213.44400000000002,118.82147024504084
2025-05-19,16.07,25.67,21.2,448.88,15.6,12.2,19.5,10.0,10.9,7.63,201.0,1018.21,5,0,0.49999999999999994,-0.8660254037844387,0,12.04,17.82,14.65,24.63,17.04285714285714,4.046202805456789,-0.35836794954530043,-0.9335804264972017,1,2.4000000000000004,0,148.785,131.72186287192756
2025-05-20,16.13,18.57,33.2,551.75,15.2,8.0,21.0,0.0,7.5,5.25,32.0,1018.12,5,1,0.49999999999999994,-0.8660254037844387,0,16.07,14.17,16.38,25.67,17.245714285714286,3.9404562220794253,0.5299192642332049,0.848048096156426,0,2.8000000000000007,0,110.25,190.30280373831778
2025-05-21,13.59,17.35,23.51,603.71,18.2,9.2,27.0,0.0,6.9,4.83,110.0,1018.02,5,2,0.49999999999999994,-0.8660254037844387,0,16.13,12.04,20.3,18.57,17.21,3.9507298903741686,0.9396926207859084,-0.3420201433256687,0,0.0,0,130.41,206.49492900608521
2025-05-22,14.28,24.21,21.18,526.08,21.6,11.9,30.1,0.0,11.2,7.84,155.0,1017.93,5,3,0.49999999999999994,-0.8660254037844387,0,13.59,16.07,23.94,17.35,16.251428571428573,3.8895990734792045,0.4226182617406995,-0.9063077870366499,1,0.0,0,235.984,128.2027707808564
2025-05-23,13.36,27.24,17.38,345.83,22.9,16.9,28.9,2.9,15.7,10.99,162.0,1017.84,5,4,0.49999999999999994,-0.8660254037844387,0,14.28,16.13,17.82,24.21,14.87142857142857,1.924209175846128,0.3090169943749475,-0.9510565162951535,1,0.0,0,317.611,91.7799819657349
2025-05-24,11.34,19.38,26.52,430.67,18.5,14.5,22.8,2.3,10.3,7.21,109.0,1017.75,5,5,0.49999999999999994,-0.8660254037844387,0,13.36,13.59,14.17,27.24,14.234285714285715,1.4699303514536979,0.9455185755993168,-0.3255681544571564,0,0.0,0,164.388,139.22708618331052
2025-05-25,16.03,30.61,27.05,688.54,20.1,12.8,26.6,0.0,7.2,5.04,171.0,1017.66,5,6,0.49999999999999994,-0.8660254037844387,0,11.34,14.28,12.04,19.38,13.83,1.8345208275449658,0.15643446504023098,-0.9876883405951377,1,0.0,0,134.06400000000002,197.98832684824902
2025-05-26,11.1,20.46,20.79,326.5,19.3,16.2,22.9,2.2,18.6,13.02,211.0,1017.57,5,0,0.49999999999999994,-0.8660254037844387,0,16.03,13.36,16.07,30.61,14.400000000000002,1.8052885272709742,-0.5150380749100542,-0.8571673007021123,1,0.0,0,298.15799999999996,77.55868902439025
2025-05-27,13.79,17.74,30.59,371.21,16.0,12.2,20.1,0.0,8.0,5.6,358.0,1017.48,5,1,0.49999999999999994,-0.8660254037844387,0,11.1,11.34,16.13,20.46,13.69,2.0052763733119057,-0.034899496702500823,0.9993908270190958,0,2.0,0,112.56,178.50526315789475
2025-05-28,15.84,19.95,37.57,444.5,15.7,10.7,20.4,0.0,7.6,5.32,268.0,1017.39,5,2,0.49999999999999994,-0.8660254037844387,0,13.79,16.03,13.59,17.74,13.355714285714285,1.7029861728127913,-0.9993908270190957,-0.03489949670250165,0,2.3000000000000007,0,108.52799999999999,187.71033210332104
2025-05-29,12.75,16.14,31.97,481.83,18.6,12.1,24.7,0.0,6.9,4.83,244.0,1017.3,5,3,0.49999999999999994,-0.8660254037844387,0,15.84,11.1,14.28,19.95,13.677142857142856,1.9491255670736287,-0.8987940462991668,-0.43837114678907774,0,0.0,0,119.301,206.34888438133876
2025-05-30,11.5,13.65,30.22,366.21,18.4,12.8,23.0,0.0,11.6,8.12,232.0,1017.2,5,4,0.49999999999999994,-0.8660254037844387,0,12.75,13.79,13.36,16.14,13.458571428571428,1.9560285322758617,-0.7880107536067221,-0.6156614753256581,0,0.0,0,186.76,123.7469586374696
2025-05-31,12.25,15.06,39.04,365.92,19.4,15.2,24.0,0.0,8.6,6.02,249.0,1017.11,5,5,0.49999999999999994,-0.8660254037844387,0,11.5,15.84,11.34,13.65,13.192857142857141,2.0931771249037068,-0.9335804264972016,-0.3583679495453007,0,0.0,0,144.48,166.19444444444449
2025-06-01,18.11,41.52,32.72,400.96,18.3,14.5,21.2,0.9,9.9,6.93,191.0,1017.02,6,6,1.2246467991473532e-16,-1.0,0,12.25,12.75,16.03,15.06,13.322857142857142,1.9843530791889836,-0.19080899537654472,-0.981627183447664,1,0.0,0,146.916,144.66856330014227
2025-06-02,19.58,39.14,31.82,461.38,20.8,14.8,26.1,0.0,6.2,4.34,101.0,1016.93,6,0,1.2246467991473532e-16,-1.0,0,18.11,11.5,11.1,41.52,13.62,2.5362702274592688,0.981627183447664,-0.1908089953765448,0,0.0,0,113.274,229.0382882882883
2025-06-03,13.43,24.7,19.73,503.75,21.7,13.4,28.1,0.0,8.2,5.74,128.0,1016.84,6,1,1.2246467991473532e-16,-1.0,0,19.58,12.25,13.79,39.14,14.831428571428571,3.0955421096167384,0.788010753606722,-0.6156614753256583,0,0.0,0,161.294,174.11643835616437
2025-06-04,17.7,53.79,17.89,459.04,23.5,15.1,30.0,0.0,8.9,6.23,128.0,1016.75,6,2,1.2246467991473532e-16,-1.0,0,13.43,18.11,15.84,24.7,14.780000000000001,3.1186321788079088,0.788010753606722,-0.6156614753256583,0,0.0,0,186.9,160.62401263823065
2025-06-05,18.99,60.39,20.4,448.67,24.8,15.2,32.5,0.0,10.5,7.35,300.0,1016.66,6,3,1.2246467991473532e-16,-1.0,0,17.7,19.58,12.75,53.79,15.045714285714284,3.298074474314476,-0.8660254037844386,0.5000000000000001,0,0.0,0,238.875,136.46442953020133
2025-06-06,15.95,34.92,20.24,450.83,27.0,17.5,35.0,0.0,11.8,8.26,17.0,1016.57,6,4,1.2246467991473532e-16,-1.0,0,18.99,13.43,11.5,60.39,15.937142857142858,3.415365838318522,0.29237170472273677,0.9563047559630354,0,0.0,0,289.09999999999997,121.59928229665074
2025-06-07,24.29,49.55,18.94,287.25,26.2,20.6,30.9,0.2,13.9,9.73,194.0,1016.47,6,5,1.2246467991473532e-16,-1.0,0,15.95,17.7,12.25,34.92,16.572857142857142,2.812808289987034,-0.2419218955996675,-0.9702957262759965,1,0.0,0,300.657,103.40488301119024
2025-06-08,39.29,96.67,29.99,481.29,22.9,19.0,27.8,0.6,11.7,8.19,136.0,1016.38,6,6,1.2246467991473532e-16,-1.0,0,24.29,18.99,18.11,49.55,18.29285714285714,3.357323905963339,0.6946583704589971,-0.7193398003386513,1,0.0,0,227.682,122.6031363088058
2025-06-09,18.77,40.35,17.0,429.54,24.6,16.1,31.5,0.0,11.1,7.77,156.0,1016.29,6,0,1.2246467991473532e-16,-1.0,0,39.29,15.95,19.58,96.67,21.318571428571428,8.606118808871381,0.40673664307580043,-0.9135454576426008,1,0.0,0,244.755,129.13468869123253
2025-06-10,20.22,47.13,26.04,473.79,24.8,19.1,30.5,0.5,16.9,11.83,209.0,1016.2,6,1,1.2246467991473532e-16,-1.0,0,18.77,24.29,13.43,40.35,21.20285714285714,8.638774439094508,-0.48480962024633695,-0.8746197071393959,1,0.0,0,360.815,85.1802179379715
2025-06-11,20.76,38.6,27.2,426.17,23.3,16.0,30.0,0.0,11.8,8.26,249.0,1016.11,6,2,1.2246467991473532e-16,-1.0,0,20.22,39.29,17.7,47.13,22.172857142857143,7.976349863370204,-0.9335804264972016,-0.3583679495453007,0,0.0,0,247.79999999999998,121.54425837320575
2025-06-12,18.9,27.33,20.57,475.83,24.6,17.1,31.0,0.0,7.3,5.11,178.0,1016.02,6,3,1.2246467991473532e-16,-1.0,0,20.76,18.77,18.99,38.6,22.609999999999996,7.771582850361224,0.0348994967025007,-0.9993908270190958,1,0.0,0,158.41,195.0134357005758
2025-06-13,24.55,39.23,23.47,421.62,23.7,20.5,27.6,0.0,10.1,7.07,207.0,1015.93,6,4,1.2246467991473532e-16,-1.0,0,18.9,20.22,15.95,27.33,22.59714285714286,7.778641085876492,-0.45399049973954625,-0.8910065241883681,1,0.0,0,195.132,141.6917712691771
2025-06-14,24.35,37.45,30.98,609.17,23.7,19.6,28.1,0.0,5.0,3.5,189.0,1015.84,6,5,1.2246467991473532e-16,-1.0,0,24.55,20.76,24.29,39.23,23.82571428571428,7.212338633997792,-0.15643446504023073,-0.9876883405951378,1,0.0,0,98.35000000000001,282.1777777777778
2025-06-15,17.84,25.12,21.28,495.83,24.6,16.8,31.2,0.0,8.3,5.81,97.0,1015.74,6,6,1.2246467991473532e-16,-1.0,0,24.35,18.9,39.29,37.45,23.834285714285716,7.213017993285274,0.9925461516413221,-0.12186934340514737,0,0.0,0,181.272,171.86802030456855
2025-06-16,12.12,13.28,15.37,408.12,26.0,17.8,32.0,0.0,10.2,7.14,235.0,1015.65,6,0,1.2246467991473532e-16,-1.0,0,17.84,24.55,18.77,25.12,20.77,2.692248131214665,-0.8191520442889916,-0.5735764363510464,0,0.0,0,228.48,140.28314917127074
2025-06-17,11.26,12.21,18.42,406.83,27.0,17.7,34.0,0.0,13.0,9.1,101.0,1015.56,6,1,1.2246467991473532e-16,-1.0,0,12.12,24.35,20.22,13.28,19.82,4.242526762833946,0.981627183447664,-0.1908089953765448,0,0.0,0,309.4,110.38695652173914
2025-06-18,10.2,12.57,16.0,347.21,28.4,19.5,35.3,0.0,12.9,9.03,53.0,1015.47,6,2,1.2246467991473532e-16,-1.0,0,11.26,17.84,20.76,12.21,18.54,5.317251796435424,0.7986355100472928,0.6018150231520484,0,0.0,0,318.75899999999996,111.22343921139102
2025-06-19,13.33,19.03,20.52,394.17,30.4,19.8,38.3,0.0,13.1,9.17,94.0,1015.38,6,3,1.2246467991473532e-16,-1.0,0,10.2,12.12,18.9,12.57,17.03142857142857,6.032352853771916,0.9975640502598242,-0.06975647374412533,0,0.0,0,351.21099999999996,109.53398058252428
2025-06-20,22.42,28.95,25.1,392.58,24.8,20.2,28.4,0.0,12.1,8.47,207.0,1015.29,6,4,1.2246467991473532e-16,-1.0,0,13.33,11.26,24.55,19.03,16.235714285714284,6.111636052492372,-0.45399049973954625,-0.8910065241883681,1,0.0,0,240.548,118.47024504084014
2025-06-21,19.42,23.33,20.85,468.0,25.3,15.9,32.8,0.0,7.3,5.11,122.0,1015.2,6,5,1.2246467991473532e-16,-1.0,0,22.42,10.2,24.35,28.95,15.93142857142857,5.665428576234131,0.8480480961564261,-0.5299192642332048,0,0.0,0,167.608,194.85604606525914
2025-06-22,17.48,36.72,24.33,446.75,25.5,19.5,31.2,0.0,17.2,12.04,221.0,1015.11,6,6,1.2246467991473532e-16,-1.0,0,19.42,13.33,17.84,23.33,15.227142857142857,4.662047884376551,-0.6560590289905074,-0.7547095802227719,1,0.0,0,375.64799999999997,83.61696869851731
2025-06-23,12.4,20.36,17.72,432.75,26.6,20.1,32.5,0.0,9.8,6.86,226.0,1015.02,6,0,1.2246467991473532e-16,-1.0,0,17.48,22.42,12.12,36.72,15.175714285714287,4.630298252250206,-0.7193398003386509,-0.6946583704589975,0,0.0,0,222.95000000000002,145.83620689655172
2025-06-24,14.71,20.55,22.37,371.88,28.3,20.2,34.7,0.0,10.2,7.14,42.0,1014.92,6,1,1.2246467991473532e-16,-1.0,0,12.4,19.42,11.26,20.36,15.215714285714284,4.600615383271167,0.6691306063588582,0.7431448254773942,0,0.0,0,247.758,140.18232044198896
2025-06-25,19.5,27.96,21.53,430.71,28.8,19.4,35.5,0.1,15.5,10.85,196.0,1014.83,6,2,1.2246467991473532e-16,-1.0,0,14.71,17.48,10.2,20.55,15.70857142857143,4.279830325968189,-0.275637355816999,-0.9612616959383189,1,0.0,0,385.175,92.6785388127854
2025-06-26,16.96,24.26,17.42,313.25,26.9,21.5,33.4,1.5,12.6,8.82,232.0,1014.74,6,3,1.2246467991473532e-16,-1.0,0,19.5,12.4,13.33,27.96,17.037142857142857,3.687287685578615,-0.7880107536067221,-0.6156614753256581,0,0.0,0,294.588,113.76008968609867
2025-06-27,13.06,16.75,24.28,340.46,23.7,19.8,28.2,0.0,9.7,6.79,275.0,1014.65,6,4,1.2246467991473532e-16,-1.0,0,16.96,14.71,22.42,24.26,17.555714285714288,3.3155485073802007,-0.9961946980917455,0.08715574274765789,0,0.0,0,191.478,147.2641509433962
2025-06-28,20.23,23.4,24.83,404.62,24.6,17.5,30.7,0.0,11.0,7.7,47.0,1014.56,6,5,1.2246467991473532e-16,-1.0,0,13.06,19.5,19.42,16.75,16.21857142857143,2.8865113232199393,0.7313537016191705,0.6819983600624985,0,0.0,0,236.39,130.07179487179488
2025-06-29,12.79,15.56,16.84,313.88,28.4,19.8,34.0,0.0,11.9,8.33,283.0,1014.47,6,6,1.2246467991473532e-16,-1.0,0,20.23,16.96,17.48,23.4,16.334285714285716,3.0479602859603006,-0.9743700647852352,0.22495105434386492,0,0.0,0,283.22,120.34045077105576
2025-06-30,17.92,31.54,26.49,327.58,26.7,19.9,31.5,0.0,12.1,8.47,264.0,1014.38,6,0,1.2246467991473532e-16,-1.0,0,12.79,13.06,12.4,15.56,15.664285714285715,3.2620896019971513,-0.9945218953682734,-0.10452846326765336,0,0.0,0,266.805,118.36406067677946
2025-07-01,14.04,23.97,27.43,365.33,27.2,20.0,32.7,0.0,12.2,8.54,297.0,1014.29,7,1,-0.4999999999999997,-0.8660254037844388,0,17.92,20.23,14.71,31.54,16.452857142857145,2.997975507386014,-0.891006524188368,0.45399049973954664,0,0.0,0,279.258,117.39467592592594
2025-07-02,15.77,21.46,26.24,373.04,26.4,18.4,32.5,0.0,10.7,7.49,358.0,1014.19,7,2,-0.4999999999999997,-0.8660254037844388,0,14.04,12.79,19.5,23.97,16.357142857142858,3.0726574507343165,-0.034899496702500823,0.9993908270190958,0,0.0,0,243.425,133.62187088274047
2025-07-03,13.69,15.05,27.51,416.04,27.3,18.1,33.8,0.0,9.0,6.3,41.0,1014.1,7,3,-0.4999999999999997,-0.8660254037844388,0,15.77,17.92,16.96,21.46,15.824285714285713,2.7424736835184502,0.6560590289905072,0.754709580222772,0,0.0,0,212.93999999999997,158.453125
2025-07-04,11.79,12.7,30.25,430.75,28.5,21.0,34.3,0.0,4.9,3.43,235.0,1014.01,7,4,-0.4999999999999997,-0.8660254037844388,0,13.69,14.04,13.06,15.05,15.357142857142858,2.794779146233182,-0.8191520442889916,-0.5735764363510464,0,0.0,0,117.649,287.25495750708217
2025-07-05,13.65,23.27,18.59,355.33,30.1,23.0,38.3,0.0,20.1,14.07,343.0,1013.92,7,5,-0.4999999999999997,-0.8660254037844388,0,11.79,15.77,20.23,12.7,15.175714285714287,3.0022761206776636,-0.29237170472273627,0.9563047559630357,0,0.0,0,538.881,71.55398729710656
2025-07-06,13.04,18.19,30.32,258.67,28.1,22.8,33.0,0.0,10.7,7.49,315.0,1013.83,7,6,-0.4999999999999997,-0.8660254037844388,0,13.65,13.69,12.79,23.27,14.235714285714286,2.0280849517360164,-0.7071067811865477,0.7071067811865474,0,0.0,0,247.17000000000002,133.57444005270094
2025-07-07,13.09,22.86,24.71,454.88,25.7,20.9,29.1,0.5,8.7,6.09,259.0,1013.74,7,0,-0.4999999999999997,-0.8660254037844388,0,13.04,11.79,17.92,18.19,14.271428571428572,2.0003951990570408,-0.9816271834476639,-0.19080899537654547,0,0.0,0,177.219,163.77059773828756
2025-07-08,16.88,23.62,28.88,451.88,28.0,21.1,33.3,0.0,9.5,6.65,354.0,1013.65,7,1,-0.4999999999999997,-0.8660254037844388,0,13.09,13.65,14.04,22.86,13.581428571428571,1.2083380952409482,-0.10452846326765342,0.9945218953682733,0,0.0,0,221.445,150.17037037037036
2025-07-09,15.46,21.1,17.34,351.25,25.6,20.5,31.2,0.6,10.9,7.63,202.0,1013.56,7,2,-0.4999999999999997,-0.8660254037844388,0,16.88,13.04,15.77,23.62,13.987142857142857,1.7454007590101877,-0.374606593415912,-0.9271838545667874,1,0.0,0,238.05599999999998,131.1203104786546
2025-07-10,14.77,18.08,28.33,349.04,22.3,18.0,25.9,0.6,18.8,13.16,203.0,1013.47,7,3,-0.4999999999999997,-0.8660254037844388,0,15.46,13.09,13.69,21.1,13.942857142857141,1.695854890476583,-0.39073112848927355,-0.9205048534524404,1,0.0,0,340.844,76.43061840120663
2025-07-11,9.8,10.68,16.29,338.21,21.4,15.9,26.4,0.0,12.0,8.4,236.0,1013.37,7,4,-0.4999999999999997,-0.8660254037844388,0,14.77,16.88,11.79,18.08,14.097142857142858,1.7179999445731449,-0.8290375725550414,-0.5591929034707472,0,0.0,0,221.76,119.22
2025-07-12,13.04,13.54,24.92,380.21,22.5,13.9,29.6,0.0,7.7,5.39,51.0,1013.28,7,5,-0.4999999999999997,-0.8660254037844388,0,9.8,15.46,13.65,10.68,13.812857142857142,2.246699166084923,0.7771459614569708,0.6293203910498375,0,0.0,0,159.544,184.56830601092898
2025-07-13,12.7,21.75,18.82,419.83,25.6,16.6,33.1,0.0,7.5,5.25,54.0,1013.19,7,6,-0.4999999999999997,-0.8660254037844388,0,13.04,14.77,13.04,13.54,13.725714285714284,2.265817417943936,0.8090169943749475,0.5877852522924731,0,0.0,0,173.775,189.38130841121497
2025-07-14,12.96,18.25,27.09,419.04,28.0,20.4,34.8,0.0,15.9,11.13,189.0,1013.1,7,0,-0.4999999999999997,-0.8660254037844388,0,12.7,9.8,13.09,21.75,13.677142857142856,2.2865163771306563,-0.15643446504023073,-0.9876883405951378,1,0.0,0,387.324,90.21371326803205
2025-07-15,19.83,27.5,19.23,361.92,29.8,20.6,36.0,0.0,10.3,7.21,216.0,1013.01,7,1,-0.4999999999999997,-0.8660254037844388,0,12.96,13.04,16.88,18.25,13.65857142857143,2.2925998965680527,-0.587785252292473,-0.8090169943749475,1,0.0,0,259.56,138.57865937072503
2025-07-16,22.01,26.82,20.23,364.25,29.8,22.7,34.7,0.0,10.0,7.0,196.0,1012.92,7,2,-0.4999999999999997,-0.8660254037844388,0,19.83,12.7,15.46,27.5,14.08,3.10917459572411,-0.275637355816999,-0.9612616959383189,1,0.0,0,242.90000000000003,142.66478873239436
2025-07-17,20.92,24.85,19.14,368.42,29.7,21.4,36.7,0.0,14.3,10.01,80.0,1012.83,7,3,-0.4999999999999997,-0.8660254037844388,0,22.01,12.96,14.77,26.82,15.015714285714283,4.33692232327542,0.984807753012208,0.17364817766693041,0,0.0,0,367.367,100.18100890207717
2025-07-18,18.08,20.68,23.11,388.92,30.3,21.2,37.0,0.0,8.5,5.95,50.0,1012.74,7,4,-0.4999999999999997,-0.8660254037844388,0,20.92,19.83,9.8,24.85,15.894285714285713,4.869126742869257,0.766044443118978,0.6427876096865394,0,0.0,0,220.15,167.39504132231406
2025-07-19,19.79,28.34,25.75,366.0,31.4,24.0,38.3,0.0,10.7,7.49,240.0,1012.64,7,5,-0.4999999999999997,-0.8660254037844388,0,18.08,22.01,13.04,20.68,17.077142857142857,4.084387813314627,-0.8660254037844385,-0.5000000000000004,0,0.0,0,286.86699999999996,133.41765480895916
2025-07-20,16.96,23.27,21.2,295.5,31.2,24.6,37.5,0.0,16.2,11.34,346.0,1012.55,7,6,-0.4999999999999997,-0.8660254037844388,0,19.79,20.92,12.7,28.34,18.041428571428572,3.7560059840753826,-0.24192189559966787,0.9702957262759965,0,0.0,0,425.25,88.50961538461539
2025-07-21,16.3,21.78,26.51,295.29,28.8,22.7,34.2,0.0,11.7,8.19,287.0,1012.46,7,0,-0.4999999999999997,-0.8660254037844388,0,16.96,18.08,12.96,23.27,18.650000000000002,3.0191499907582817,-0.9563047559630354,0.2923717047227367,0,0.0,0,280.098,122.13027744270207
2025-07-22,15.37,17.47,31.32,361.62,28.1,21.0,34.4,0.0,7.6,5.32,274.0,1012.37,7,1,-0.4999999999999997,-0.8660254037844388,0,16.3,19.79,19.83,21.78,19.127142857142854,2.0914246682312423,-0.9975640502598243,0.06975647374412522,0,0.0,0,183.008,186.78413284132841
2025-07-23,12.95,13.8,32.38,363.25,27.9,20.8,34.5,0.0,7.4,5.18,277.0,1012.28,7,2,-0.4999999999999997,-0.8660254037844388,0,15.37,16.96,22.01,17.47,18.490000000000002,2.4841094983975833,-0.992546151641322,0.12186934340514768,0,0.0,0,178.70999999999998,191.719696969697
2025-07-24,11.98,12.59,26.62,301.12,28.6,21.6,34.9,0.0,8.9,6.23,294.0,1012.19,7,3,-0.4999999999999997,-0.8660254037844388,0,12.95,16.3,20.92,13.8,17.195714285714285,2.695668483225971,-0.9135454576426008,0.40673664307580054,0,0.0,0,217.427,159.90363349131124
2025-07-25,16.87,17.91,28.49,393.67,30.1,22.0,36.8,0.0,10.5,7.35,337.0,1012.1,7,4,-0.4999999999999997,-0.8660254037844388,0,11.98,15.37,18.08,12.59,15.918571428571427,2.754253852814527,-0.3907311284892747,0.9205048534524399,0,0.0,0,270.47999999999996,135.8523489932886
2025-07-26,14.48,15.21,21.13,370.75,31.5,22.8,38.0,0.0,8.7,6.09,34.0,1012.01,7,5,-0.4999999999999997,-0.8660254037844388,0,16.87,12.95,19.79,17.91,15.745714285714286,2.6312155438360874,0.5591929034707469,0.8290375725550417,0,0.0,0,231.42,163.49111470113087
2025-07-27,19.48,25.16,17.55,319.96,30.9,23.2,38.7,0.6,16.5,11.55,269.0,1011.91,7,6,-0.4999999999999997,-0.8660254037844388,0,14.48,11.98,16.96,15.21,14.987142857142857,1.9475430186656462,-0.9998476951563913,-0.017452406437283498,0,0.0,0,446.98500000000007,86.85922746781115
2025-07-28,24.38,37.57,21.59,350.04,27.2,22.4,31.9,0.6,11.6,8.12,302.0,1011.82,7,0,-0.4999999999999997,-0.8660254037844388,0,19.48,16.87,16.3,25.16,15.347142857142856,2.5213733974866273,-0.8480480961564261,0.5299192642332047,0,0.0,0,259.02799999999996,123.0924574209246
2025-07-29,22.17,31.88,25.94,326.33,28.1,22.2,33.5,0.0,9.6,6.72,144.0,1011.73,7,1,-0.4999999999999997,-0.8660254037844388,0,24.38,14.48,15.37,37.57,16.50142857142857,4.272038656864378,0.5877852522924732,-0.8090169943749473,1,0.0,0,225.12,148.34750733137832
2025-07-30,18.96,30.3,27.77,390.12,26.8,22.0,30.8,0.2,16.5,11.55,204.0,1011.64,7,2,-0.4999999999999997,-0.8660254037844388,0,22.17,19.48,12.95,31.88,17.472857142857144,4.72138296930956,-0.4067366430757998,-0.9135454576426011,1,0.0,0,355.74,86.83605150214592
2025-07-31,16.16,25.59,25.15,359.96,25.2,20.6,29.6,0.2,16.4,11.48,223.0,1011.55,7,3,-0.4999999999999997,-0.8660254037844388,0,18.96,24.38,11.98,30.3,18.33142857142857,4.288435723245723,-0.6819983600624984,-0.7313537016191706,1,0.0,0,339.80800000000005,87.35319516407598
2025-08-01,13.14,20.63,20.12,361.42,26.4,18.9,33.0,0.1,18.5,12.95,66.0,1011.46,8,4,-0.8660254037844385,-0.5000000000000004,0,16.16,22.17,16.87,25.59,18.928571428571427,3.469449661316618,0.9135454576426009,0.4067366430758002,0,0.0,0,427.34999999999997,77.5065134099617
2025-08-02,11.36,21.28,17.86,310.12,22.7,17.5,27.6,4.5,13.8,9.66,224.0,1011.37,8,5,-0.8660254037844385,-0.5000000000000004,0,13.14,18.96,14.48,20.63,18.395714285714284,4.072361547242297,-0.6946583704589973,-0.7193398003386511,1,0.0,0,266.61600000000004,103.62397540983606
2025-08-03,12.68,20.0,29.53,362.92,23.2,16.4,30.1,1.2,13.0,9.1,223.0,1011.28,8,6,-0.8660254037844385,-0.5000000000000004,0,11.36,16.16,19.48,21.28,17.95,4.695433952259275,-0.6819983600624984,-0.7313537016191706,1,0.0,0,273.91,109.92173913043479
2025-08-04,15.5,18.67,37.22,484.5,23.2,17.2,28.2,0.7,13.4,9.38,229.0,1011.19,8,0,-0.8660254037844385,-0.5000000000000004,0,12.68,13.14,24.38,20.0,16.978571428571428,5.018447397925334,-0.7547095802227717,-0.6560590289905077,0,0.0,0,264.516,106.66561181434598
2025-08-05,13.13,14.04,36.28,338.92,22.7,17.4,27.7,0.1,12.2,8.54,293.0,1011.09,8,1,-0.8660254037844385,-0.5000000000000004,0,15.5,11.36,22.17,18.67,15.709999999999999,3.813331876460455,-0.9205048534524405,0.3907311284892735,0,0.0,0,236.55799999999996,117.02430555555557
2025-08-06,16.09,16.65,37.93,354.17,23.2,16.2,29.2,0.0,8.0,5.6,293.0,1011.0,8,2,-0.8660254037844385,-0.5000000000000004,0,13.13,12.68,18.96,14.04,14.418571428571429,2.5980533005330186,-0.9205048534524405,0.3907311284892735,0,0.0,0,163.51999999999998,177.3684210526316
2025-08-07,16.14,17.35,29.98,450.42,24.8,18.1,30.1,0.0,8.0,5.6,255.0,1010.91,8,3,-0.8660254037844385,-0.5000000000000004,0,16.09,15.5,16.16,16.65,14.008571428571429,1.8926033971958365,-0.9659258262890683,-0.25881904510252063,0,0.0,0,168.56,177.35263157894738
2025-08-08,15.23,16.65,24.11,341.17,27.7,20.9,33.2,0.0,14.0,9.8,261.0,1010.82,8,4,-0.8660254037844385,-0.5000000000000004,0,16.14,13.13,13.14,17.35,14.005714285714285,1.888825535826829,-0.9876883405951377,-0.15643446504023104,0,0.0,0,325.36000000000007,102.10303030303031
2025-08-09,12.82,14.25,18.35,423.5,28.0,19.2,35.0,0.0,13.0,9.1,224.0,1010.73,8,5,-0.8660254037844385,-0.5000000000000004,0,15.23,16.09,11.36,16.65,14.304285714285713,1.8943499953259628,-0.6946583704589973,-0.7193398003386511,1,0.0,0,318.5,109.86195652173915
2025-08-10,7.65,9.62,20.26,337.62,28.8,20.4,36.0,0.0,20.2,14.14,313.0,1010.64,8,6,-0.8660254037844385,-0.5000000000000004,0,12.82,16.14,12.68,14.25,14.512857142857143,1.5684994345615886,-0.731353701619171,0.6819983600624979,0,0.0,0,509.04,70.97191011235955
2025-08-11,13.35,15.03,32.88,326.79,27.6,21.5,32.8,0.0,8.5,5.95,16.0,1010.55,8,0,-0.8660254037844385,-0.5000000000000004,0,7.65,15.23,15.5,9.62,13.794285714285712,3.0245157030712972,0.27563735581699916,0.9612616959383189,0,0.0,0,195.16,167.03305785123968
2025-08-12,11.79,13.55,17.2,398.79,30.1,22.1,35.8,0.0,14.1,9.87,270.0,1010.46,8,1,-0.8660254037844385,-0.5000000000000004,0,13.35,12.82,13.13,15.03,13.487142857142858,2.9301235143852673,-1.0,-1.8369701987210297e-16,0,0.0,0,353.34599999999995,101.35005015045138
2025-08-13,12.63,15.15,29.68,434.92,27.6,22.1,32.1,0.0,7.4,5.18,347.0,1010.36,8,2,-0.8660254037844385,-0.5000000000000004,0,11.79,7.65,16.09,13.55,13.295714285714284,3.00027697134641,-0.22495105434386534,0.9743700647852351,0,0.0,0,166.278,191.35606060606062
2025-08-14,20.56,23.6,29.51,402.04,27.7,22.1,32.7,0.0,11.0,7.7,213.0,1010.27,8,3,-0.8660254037844385,-0.5000000000000004,0,12.63,13.35,16.14,15.15,12.801428571428572,2.73663070564469,-0.5446390350150271,-0.838670567945424,1,0.0,0,251.79000000000002,129.5217948717949
2025-08-15,13.06,18.69,22.54,343.12,26.1,21.9,30.2,0.0,12.3,8.61,297.0,1010.18,8,4,-0.8660254037844385,-0.5000000000000004,0,20.56,11.79,15.23,23.6,13.432857142857143,3.898575441904406,-0.891006524188368,0.45399049973954664,0,0.0,0,260.022,115.9793340987371
2025-08-16,14.64,20.65,25.06,361.83,25.4,18.3,31.6,0.0,12.4,8.68,317.0,1010.09,8,5,-0.8660254037844385,-0.5000000000000004,0,13.06,12.63,12.82,18.69,13.122857142857143,3.8172840008161346,-0.6819983600624983,0.7313537016191707,0,0.0,0,274.288,115.04441913439636
2025-08-17,49.0,37.0,1.0,2.0,23.3,18.4,27.9,1.4,16.9,7.0,209.0,1010.0,8,6,-0.8660254037844385,-0.5000000000000004,0,14.64,20.56,7.65,20.65,13.382857142857143,3.8550128157443884,-0.48480962024633695,-0.8746197071393959,1,0.0,0,195.29999999999998,142.25352112676057
2025-08-18,43.0,16.0,1.0,2.0,20.6,15.6,25.7,3.0,12.3,5.7,237.0,1014.6,8,0,-0.8660254037844385,-0.5000000000000004,0,49.0,13.06,13.35,37.0,19.29,13.420268253653838,-0.8386705679454242,-0.544639035015027,0,0.0,0,146.49,174.93103448275863
2025-08-19,41.0,22.0,1.0,3.0,20.6,11.8,27.9,0.0,9.4,5.6,77.0,1012.6,8,1,-0.8660254037844385,-0.5000000000000004,0,43.0,14.64,11.79,16.0,23.525714285714287,15.715773241283966,0.9743700647852352,0.22495105434386492,0,0.0,0,156.23999999999998,177.64912280701756
2025-08-20,47.0,19.0,1.0,2.0,22.1,15.1,29.0,0.0,9.4,4.3,218.0,1007.3,8,2,-0.8660254037844385,-0.5000000000000004,0,41.0,49.0,12.63,22.0,27.69857142857143,15.956439064499188,-0.6156614753256578,-0.7880107536067222,1,0.0,0,124.69999999999999,228.9318181818182
2025-08-21,44.0,21.0,1.0,4.0,25.8,19.8,31.2,0.0,22.0,12.7,190.0,1008.3,8,3,-0.8660254037844385,-0.5000000000000004,0,47.0,43.0,20.56,19.0,32.60857142857143,15.834426027459129,-0.17364817766693047,-0.984807753012208,1,0.0,0,396.23999999999995,78.7734375
2025-08-22,48.0,22.0,1.0,2.0,25.3,16.1,32.5,0.0,10.9,6.0,97.0,1006.5,8,4,-0.8660254037844385,-0.5000000000000004,0,44.0,41.0,13.06,21.0,35.95714285714286,15.332320670494868,0.9925461516413221,-0.12186934340514737,0,0.0,0,195.0,165.00000000000003
2025-08-23,50.0,22.0,1.0,3.0,24.5,18.5,30.6,0.0,12.0,6.2,338.0,1006.4,8,5,-0.8660254037844385,-0.5000000000000004,0,48.0,47.0,14.64,22.0,40.94857142857143,11.950112173214421,-0.37460659341591235,0.9271838545667873,0,0.0,0,189.72000000000003,159.74603174603175
2025-08-24,45.0,14.0,1.0,2.0,22.4,17.3,27.1,0.0,8.9,4.2,319.0,1012.8,8,6,-0.8660254037844385,-0.5000000000000004,0,50.0,44.0,49.0,22.0,46.0,3.366501646124553,-0.6560590289905074,0.7547095802227719,0,0.0,0,113.82000000000001,235.53488372093022
2025-08-25,39.0,21.0,1.0,3.0,22.5,15.2,28.5,0.0,7.5,5.0,281.0,1014.1,8,0,-0.8660254037844385,-0.5000000000000004,0,45.0,48.0,43.0,14.0,45.42857142857143,3.1014589500868244,-0.9816271834476641,0.19080899537654425,0,0.0,0,142.5,198.843137254902
2025-08-26,44.0,21.0,1.0,4.0,23.4,16.8,29.4,0.0,6.8,4.5,262.0,1013.7,8,1,-0.8660254037844385,-0.5000000000000004,0,39.0,50.0,41.0,21.0,44.857142857142854,3.891382420539422,-0.9902680687415704,-0.13917310096006494,0,0.0,0,132.29999999999998,220.36956521739134
2025-08-27,45.0,26.0,1.0,2.0,23.6,17.4,29.3,0.0,6.9,4.2,274.0,1014.1,8,2,-0.8660254037844385,-0.5000000000000004,0,44.0,45.0,47.0,21.0,45.285714285714285,3.5456210417153486,-0.9975640502598243,0.06975647374412522,0,0.0,0,123.06,235.8372093023256
2025-08-28,47.0,23.0,1.0,3.0,23.9,16.9,30.2,0.0,7.4,4.6,267.0,1012.5,8,3,-0.8660254037844385,-0.5000000000000004,0,45.0,39.0,44.0,26.0,45.0,3.464101615141521,-0.9986295347545738,-0.052335956242944306,0,0.0,0,138.92,215.42553191489364
2025-08-29,45.0,24.0,1.0,3.0,25.7,18.0,32.1,0.0,7.4,4.7,252.0,1010.8,8,4,-0.8660254037844385,-0.5000000000000004,0,47.0,44.0,48.0,23.0,45.42857142857143,3.5050983275423717,-0.9510565162951535,-0.30901699437494756,0,0.0,0,150.87,210.58333333333334
2025-08-30,41.0,14.0,1.0,2.0,27.1,18.2,35.3,0.0,21.0,8.7,248.0,1008.8,8,5,-0.8660254037844385,-0.5000000000000004,0,45.0,45.0,50.0,24.0,45.0,3.316624790359334,-0.9271838545667873,-0.3746065934159123,0,0.0,0,307.10999999999996,114.63636363636364
2025-08-31,34.0,19.0,1.0,2.0,20.4,15.8,24.5,0.0,13.4,8.3,299.0,1017.3,8,6,-0.8660254037844385,-0.5000000000000004,0,41.0,47.0,45.0,14.0,43.714285714285715,2.7516228977559445,-0.8746197071393961,0.4848096202463365,0,0.0,0,203.35000000000002,121.10714285714285
2025-09-01,35.0,15.0,1.0,2.0,18.5,12.1,24.6,0.0,6.1,2.6,355.0,1013.4,9,0,-1.0,-1.8369701987210297e-16,0,34.0,45.0,39.0,19.0,42.142857142857146,4.488079449261518,-0.08715574274765832,0.9961946980917455,0,0.0,0,63.96000000000001,375.3333333333333
2025-09-02,32.0,17.0,1.0,3.0,20.5,14.3,26.9,0.0,13.0,5.9,323.0,1009.9,9,1,-1.0,-1.8369701987210297e-16,0,35.0,41.0,44.0,15.0,41.57142857142857,5.159365040300416,-0.6018150231520483,0.7986355100472928,0,0.0,0,158.71,168.31666666666666
2025-09-03,43.0,20.0,1.0,2.0,17.0,12.4,21.6,0.0,6.5,3.4,4.0,1017.3,9,2,-1.0,-1.8369701987210297e-16,0,32.0,34.0,45.0,17.0,39.857142857142854,6.121780008806029,0.0697564737441253,0.9975640502598242,0,1.0,0,73.44,290.65714285714284
2025-09-04,39.0,28.0,1.0,3.0,18.4,10.7,25.3,0.0,9.5,4.0,8.0,1015.6,9,3,-1.0,-1.8369701987210297e-16,0,43.0,35.0,47.0,20.0,39.57142857142857,5.883795341365497,0.13917310096006544,0.9902680687415704,0,0.0,0,101.2,247.70731707317077
2025-09-05,52.0,30.0,1.0,3.0,20.6,13.0,26.7,0.0,6.6,2.7,310.0,1010.4,9,4,-1.0,-1.8369701987210297e-16,0,39.0,32.0,45.0,28.0,38.42857142857143,4.894116973715256,-0.7660444431189781,0.6427876096865393,0,0.0,0,72.09,360.8571428571428
2025-09-06,63.0,51.0,1.0,3.0,25.1,16.6,32.5,0.0,10.5,4.6,189.0,1010.6,9,5,-1.0,-1.8369701987210297e-16,0,52.0,43.0,41.0,30.0,39.42857142857143,6.803360514168054,-0.15643446504023073,-0.9876883405951378,1,0.0,0,149.5,215.02127659574472
2025-09-07,80.0,34.0,1.0,4.0,25.5,18.3,33.3,0.0,9.7,5.8,88.0,1008.6,9,6,-1.0,-1.8369701987210297e-16,0,63.0,39.0,34.0,51.0,42.57142857142857,11.267314717908937,0.9993908270190958,0.03489949670250108,0,0.0,0,193.14,170.9491525423729
2025-09-08,62.0,19.0,1.0,3.0,23.9,18.0,30.0,1.2,11.9,7.0,216.0,1008.1,9,0,-1.0,-1.8369701987210297e-16,0,80.0,52.0,35.0,34.0,49.142857142857146,17.25715862503296,-0.587785252292473,-0.8090169943749475,1,0.0,0,210.0,141.98591549295776
2025-09-09,46.0,21.0,1.0,3.0,22.2,15.7,26.7,0.0,7.8,4.4,243.0,1012.9,9,1,-1.0,-1.8369701987210297e-16,0,62.0,63.0,32.0,19.0,53.0,16.57307052620883,-0.8910065241883678,-0.4539904997395469,0,0.0,0,117.48,225.08888888888887
2025-09-10,46.0,20.0,1.0,1.0,21.8,16.6,26.6,0.0,11.9,5.2,23.0,1012.6,9,2,-1.0,-1.8369701987210297e-16,0,46.0,80.0,43.0,21.0,55.0,14.306175822584162,0.3907311284892737,0.9205048534524404,0,0.0,0,138.32000000000002,191.05660377358492
2025-09-11,42.0,23.0,1.0,2.0,20.7,14.9,25.4,0.0,9.7,5.1,352.0,1014.4,9,3,-1.0,-1.8369701987210297e-16,0,46.0,62.0,39.0,20.0,55.42857142857143,13.926678748086562,-0.13917310096006588,0.9902680687415703,0,0.0,0,129.54,195.07692307692312
2025-09-12,43.0,21.0,1.0,2.0,20.4,14.0,26.5,0.0,6.7,3.6,16.0,1013.4,9,4,-1.0,-1.8369701987210297e-16,0,42.0,46.0,52.0,23.0,55.857142857142854,13.371967836094608,0.27563735581699916,0.9612616959383189,0,0.0,0,95.4,273.8918918918918
2025-09-13,44.0,19.0,1.0,3.0,20.2,15.3,25.9,0.4,10.8,4.8,317.0,1012.0,9,5,-1.0,-1.8369701987210297e-16,0,43.0,46.0,63.0,21.0,54.57142857142857,14.210995072562865,-0.6819983600624983,0.7313537016191707,0,0.0,0,124.32,206.53061224489798
2025-09-14,47.0,43.0,1.0,4.0,17.2,13.1,22.3,0.0,8.0,5.0,344.0,1019.6,9,6,-1.0,-1.8369701987210297e-16,0,44.0,42.0,80.0,19.0,51.857142857142854,14.147185484854665,-0.2756373558169998,0.9612616959383187,0,0.8000000000000007,0,111.5,199.92156862745102
2025-09-15,66.0,51.0,1.0,3.0,17.2,11.1,23.0,0.0,8.1,3.7,350.0,1016.8,9,0,-1.0,-1.8369701987210297e-16,0,47.0,43.0,62.0,43.0,47.142857142857146,6.792853387412621,-0.17364817766693127,0.9848077530122079,0,0.8000000000000007,0,85.10000000000001,267.57894736842104
2025-09-16,70.0,19.0,1.0,2.0,17.5,14.3,22.0,7.9,9.6,4.7,21.0,1016.3,9,1,-1.0,-1.8369701987210297e-16,0,66.0,44.0,46.0,51.0,47.714285714285715,8.26063528054115,0.35836794954530027,0.9335804264972017,0,0.5,0,103.4,211.72916666666666
2025-09-17,55.0,28.0,1.0,3.0,16.1,12.8,20.0,0.5,9.0,2.8,62.0,1017.0,9,2,-1.0,-1.8369701987210297e-16,0,70.0,47.0,46.0,19.0,51.142857142857146,11.696560340952777,0.8829475928589269,0.46947156278589086,0,1.8999999999999986,0,56.0,350.68965517241384
2025-09-18,51.0,24.0,1.0,1.0,13.3,11.5,15.0,10.0,5.8,3.2,251.0,1017.0,9,3,-1.0,-1.8369701987210297e-16,0,55.0,66.0,42.0,28.0,52.42857142857143,11.530497862295727,-0.9455185755993168,-0.32556815445715664,0,4.699999999999999,0,48.0,308.18181818181813
2025-09-19,45.0,27.0,1.0,2.0,15.0,10.5,19.6,0.0,5.7,3.1,359.0,1017.1,9,4,-1.0,-1.8369701987210297e-16,0,51.0,70.0,43.0,24.0,53.714285714285715,10.641338977690753,-0.01745240643728445,0.9998476951563913,0,3.0,0,60.760000000000005,317.84375
2025-09-20,51.0,29.0,1.0,3.0,14.0,9.6,18.7,0.0,6.1,2.1,281.0,1016.6,9,5,-1.0,-1.8369701987210297e-16,0,45.0,55.0,44.0,27.0,54.0,10.327955589887665,-0.9816271834476641,0.19080899537654425,0,4.0,0,39.27,462.09090909090907
2025-09-21,44.0,35.0,1.0,4.0,13.6,7.7,19.7,0.0,7.6,3.3,22.0,1015.7,9,6,-1.0,-1.8369701987210297e-16,0,51.0,51.0,47.0,29.0,55.0,9.50438495292349,0.374606593415912,0.9271838545667874,0,4.4,0,65.00999999999999,298.7352941176471
2025-09-22,59.0,27.0,1.0,2.0,17.1,10.6,23.9,0.0,12.5,3.8,189.0,1012.8,9,0,-1.0,-1.8369701987210297e-16,0,44.0,45.0,66.0,35.0,54.57142857142857,9.980934205728078,-0.15643446504023073,-0.9876883405951378,1,0.8999999999999986,0,90.82,259.69230769230774
2025-09-23,65.0,17.0,1.0,2.0,14.6,11.5,18.2,18.0,17.8,9.7,190.0,1020.6,9,1,-1.0,-1.8369701987210297e-16,0,59.0,51.0,70.0,27.0,53.57142857142857,8.941609528066309,-0.17364817766693047,-0.984807753012208,1,3.4000000000000004,0,176.54,104.14285714285717
2025-09-24,42.0,34.0,1.0,3.0,13.4,9.0,18.5,13.0,17.1,7.9,149.0,1024.2,9,2,-1.0,-1.8369701987210297e-16,0,65.0,44.0,55.0,17.0,52.857142857142854,7.492853738255036,0.5150380749100544,-0.8571673007021122,1,4.6,0,146.15,128.025
2025-09-25,66.0,31.0,1.0,3.0,11.8,6.6,16.4,0.0,7.2,3.0,295.0,1014.3,9,3,-1.0,-1.8369701987210297e-16,0,42.0,59.0,51.0,34.0,51.0,8.426149773177874,-0.9063077870366498,0.4226182617406996,0,6.199999999999999,0,49.199999999999996,327.19354838709677
2025-09-26,56.0,28.0,1.0,3.0,16.3,9.4,23.8,0.0,8.6,3.5,163.0,1013.1,9,4,-1.0,-1.8369701987210297e-16,0,66.0,65.0,45.0,31.0,53.142857142857146,10.155927192673373,0.29237170472273705,-0.9563047559630354,1,1.6999999999999993,0,83.3,281.4166666666667
2025-09-27,67.0,28.5,1.0,3.0,16.8,10.9,23.9,0.0,7.8,5.1,150.0,1019.2,9,5,-1.0,-1.8369701987210297e-16,0,56.0,42.0,51.0,28.0,54.714285714285715,9.516902257113587,0.49999999999999994,-0.8660254037844387,1,1.1999999999999993,0,121.88999999999999,196.00000000000006
2025-09-28,55.0,29.0,1.0,3.0,16.4,9.5,24.1,0.0,8.7,5.5,191.0,1018.9,9,6,-1.0,-1.8369701987210297e-16,0,67.0,66.0,44.0,28.5,57.0,10.360180178614568,-0.19080899537654472,-0.981627183447664,1,1.6000000000000014,0,132.55,181.94642857142858
2025-09-29,73.0,29.5,1.0,3.0,17.8,11.4,24.5,0.1,18.2,5.8,183.0,1015.8,9,0,-1.0,-1.8369701987210297e-16,0,55.0,56.0,59.0,29.0,58.57142857142857,8.772250620701943,-0.052335956242943564,-0.9986295347545738,1,0.1999999999999993,0,142.1,172.16949152542375
2025-09-30,20.23,31.58,39.43,501.42,17.7,13.1,22.3,0.1,7.2,5.04,69.0,1018.7,9,1,-1.0,-1.8369701987210297e-16,0,73.0,67.0,65.0,29.5,60.57142857142857,10.341778423095583,0.9335804264972017,0.3583679495453004,0,0.3000000000000007,0,112.39200000000001,198.19066147859922
2025-10-01,14.97,19.34,38.34,403.33,8.0,2.5,14.8,10.4,12.9,9.03,302.0,1021.6,10,2,-0.8660254037844386,0.5000000000000001,1,20.23,55.0,42.0,31.58,54.175714285714285,18.088655613527145,-0.8480480961564261,0.5299192642332047,0,10.0,0,133.644,111.894852135816
2025-10-02,34.0,31.0,1.0,3.0,6.0,0.6,11.2,0.1,7.7,3.3,8.0,1024.5,10,3,-0.8660254037844386,0.5000000000000001,1,14.97,73.0,66.0,19.34,50.31428571428571,23.265361847708014,0.13917310096006544,0.9902680687415704,0,12.0,0,36.959999999999994,301.3235294117647
2025-10-03,60.0,45.0,1.0,4.0,9.2,6.0,13.2,0.7,7.8,2.3,49.0,1027.2,10,4,-0.8660254037844386,0.5000000000000001,1,34.0,20.23,56.0,31.0,45.74285714285714,22.808956365345104,0.754709580222772,0.6560590289905073,0,8.8,0,30.359999999999996,428.00000000000006
2025-10-04,71.0,36.0,1.0,2.0,9.8,4.5,15.9,0.0,5.7,2.9,242.0,1025.8,10,5,-0.8660254037844386,0.5000000000000001,1,60.0,14.97,67.0,45.0,46.31428571428571,23.1562172048485,-0.882947592858927,-0.46947156278589075,0,8.2,0,46.11,341.9333333333333
2025-10-05,60.0,40.0,1.0,3.0,7.7,2.4,12.3,0.0,6.9,3.7,330.0,1029.1,10,6,-0.8660254037844386,0.5000000000000001,1,71.0,34.0,55.0,36.0,46.885714285714286,23.792374028347574,-0.5000000000000004,0.8660254037844384,0,10.3,0,45.510000000000005,270.81578947368416
2025-10-06,68.0,48.0,1.0,5.0,5.1,0.1,10.3,0.0,12.1,3.3,328.0,1028.2,10,0,-0.8660254037844386,0.5000000000000001,1,60.0,60.0,73.0,40.0,47.6,24.148960640160606,-0.5299192642332058,0.8480480961564254,0,12.9,0,33.99,302.4117647058824
2025-10-07,74.0,36.0,1.0,6.0,8.2,2.7,14.2,0.0,5.5,1.9,333.0,1022.0,10,1,-0.8660254037844386,0.5000000000000001,1,68.0,71.0,20.23,48.0,46.885714285714286,23.332603696075616,-0.45399049973954697,0.8910065241883678,0,9.8,1,26.979999999999997,511.0
2025-10-08,54.0,22.0,1.0,4.0,8.6,4.1,13.9,0.0,5.2,3.3,272.0,1021.5,10,2,-0.8660254037844386,0.5000000000000001,1,74.0,60.0,14.97,36.0,54.567142857142855,21.901633663790527,-0.9993908270190958,0.03489949670250128,0,9.4,0,45.87,300.44117647058823
2025-10-09,49.0,35.0,1.0,5.0,7.5,2.7,13.1,0.0,4.8,2.5,279.0,1022.9,10,3,-0.8660254037844386,0.5000000000000001,1,54.0,68.0,34.0,22.0,60.142857142857146,13.49603116263747,-0.9876883405951378,0.15643446504023067,0,10.5,0,32.75,393.4230769230769
2025-10-10,62.0,41.0,1.0,5.0,8.0,2.9,14.2,0.0,4.7,2.8,290.0,1022.0,10,4,-0.8660254037844386,0.5000000000000001,1,49.0,74.0,60.0,35.0,62.285714285714285,9.14174100330199,-0.9396926207859085,0.34202014332566816,0,10.0,0,39.76,352.4137931034483
2025-10-11,71.0,43.0,1.0,5.0,9.3,3.8,15.4,0.0,7.1,2.5,12.0,1017.6,10,5,-0.8660254037844386,0.5000000000000001,1,62.0,54.0,71.0,41.0,62.57142857142857,9.089502055617341,0.20791169081775931,0.9781476007338057,0,8.7,0,38.5,391.38461538461536
2025-10-12,74.0,40.0,1.0,2.0,13.2,5.0,21.0,1.2,9.8,4.4,96.0,1015.2,10,6,-0.8660254037844386,0.5000000000000001,1,71.0,49.0,60.0,43.0,62.57142857142857,9.089502055617341,0.9945218953682734,-0.10452846326765333,0,4.800000000000001,0,92.4,225.6
2025-10-13,69.0,34.0,1.0,4.0,14.6,8.6,20.0,2.2,21.1,8.6,191.0,1021.0,10,0,-0.8660254037844386,0.5000000000000001,1,74.0,62.0,68.0,40.0,64.57142857142857,9.930712341975859,-0.19080899537654472,-0.981627183447664,1,3.4000000000000004,0,172.0,117.35632183908048
2025-10-14,58.0,31.0,1.0,3.0,9.9,5.6,14.7,0.0,9.7,3.6,335.0,1025.3,10,1,-0.8660254037844386,0.5000000000000001,1,69.0,71.0,74.0,34.0,64.71428571428571,9.995236960912228,-0.4226182617407,0.9063077870366497,0,8.1,0,52.92,277.10810810810807
2025-10-15,61.0,49.0,1.0,6.0,4.5,1.0,9.0,0.0,7.0,4.4,322.0,1030.1,10,2,-0.8660254037844386,0.5000000000000001,1,58.0,74.0,54.0,31.0,62.42857142857143,9.324826054806879,-0.6156614753256588,0.7880107536067216,0,13.5,0,39.6,228.91111111111107
2025-10-16,84.0,60.0,1.0,10.0,5.3,-1.2,11.0,0.0,9.5,4.0,6.0,1024.7,10,3,-0.8660254037844386,0.5000000000000001,1,61.0,69.0,49.0,49.0,63.42857142857143,8.618916073714747,0.10452846326765346,0.9945218953682733,0,12.7,0,44.0,249.92682926829272
2025-10-17,99.0,50.0,1.0,5.0,11.5,3.9,20.8,0.0,7.0,2.3,103.0,1020.0,10,4,-0.8660254037844386,0.5000000000000001,1,84.0,58.0,62.0,60.0,68.42857142857143,8.997354108425679,0.9743700647852352,-0.2249510543438648,0,6.5,0,47.839999999999996,425.0
2025-10-18,79.0,45.0,1.0,3.0,12.0,6.0,19.1,0.0,7.9,4.3,102.0,1021.8,10,5,-0.8660254037844386,0.5000000000000001,1,99.0,61.0,71.0,50.0,73.71428571428571,14.044148078047238,0.9781476007338057,-0.20791169081775912,0,6.0,0,82.13000000000001,232.22727272727275
2025-10-19,79.0,53.0,1.0,5.0,11.9,7.9,16.9,0.0,10.8,4.1,50.0,1023.0,10,6,-0.8660254037844386,0.5000000000000001,1,79.0,84.0,74.0,45.0,74.85714285714286,14.11179850844249,0.766044443118978,0.6427876096865394,0,6.1,0,69.28999999999999,243.5714285714286
2025-10-20,89.0,68.0,1.0,5.0,10.7,6.8,15.5,0.0,5.1,3.0,184.0,1021.8,10,0,-0.8660254037844386,0.5000000000000001,1,79.0,99.0,69.0,53.0,75.57142857142857,14.187519666444052,-0.06975647374412483,-0.9975640502598243,1,7.300000000000001,0,46.5,329.6129032258064
2025-10-21,98.0,63.0,1.0,4.0,10.6,5.8,15.6,0.0,4.1,2.1,344.0,1020.8,10,1,-0.8660254037844386,0.5000000000000001,1,89.0,79.0,58.0,68.0,78.42857142857143,14.649882170825462,-0.2756373558169998,0.9612616959383187,0,7.4,0,32.76,463.99999999999994
2025-10-22,101.0,73.0,1.0,5.0,11.9,6.3,17.3,0.3,4.5,2.3,28.0,1023.3,10,2,-0.8660254037844386,0.5000000000000001,1,98.0,79.0,61.0,63.0,84.14285714285714,13.069411762185212,0.4694715627858908,0.882947592858927,0,6.1,0,39.79,426.375
2025-10-23,106.0,68.0,1.0,6.0,11.8,7.5,17.7,0.0,6.4,2.8,27.0,1024.3,10,3,-0.8660254037844386,0.5000000000000001,1,101.0,89.0,84.0,73.0,89.85714285714286,9.529403119269563,0.45399049973954675,0.8910065241883679,0,6.199999999999999,0,49.559999999999995,353.2068965517241
2025-10-24,102.0,47.0,1.0,6.0,11.7,5.9,17.7,0.0,6.5,2.2,5.0,1020.2,10,4,-0.8660254037844386,0.5000000000000001,1,106.0,98.0,99.0,68.0,93.0,10.816653826392908,0.08715574274765817,0.9961946980917455,0,6.300000000000001,0,38.940000000000005,443.5652173913043
2025-10-25,73.0,45.0,1.0,3.0,12.6,6.4,21.1,0.0,8.7,4.0,77.0,1015.2,10,5,-0.8660254037844386,0.5000000000000001,1,102.0,101.0,79.0,47.0,93.42857142857143,11.148350294359009,0.9743700647852352,0.22495105434386492,0,5.4,0,84.4,247.60975609756102
2025-10-26,75.0,49.0,1.0,3.0,13.6,8.6,18.6,0.0,6.4,3.8,185.0,1016.0,10,6,-0.8660254037844386,0.5000000000000001,1,73.0,106.0,79.0,45.0,92.57142857142857,12.58116506074595,-0.08715574274765794,-0.9961946980917455,1,4.4,0,70.68,260.51282051282055
2025-10-27,89.0,82.0,1.0,5.0,12.2,7.5,15.9,0.0,6.1,3.6,52.0,1018.9,10,0,-0.8660254037844386,0.5000000000000001,1,75.0,102.0,89.0,49.0,92.0,13.366625103843045,0.788010753606722,0.6156614753256583,0,5.800000000000001,0,57.24,275.37837837837833
2025-10-28,124.0,49.0,1.0,3.0,11.5,6.9,17.0,0.1,9.2,3.5,45.0,1018.1,10,1,-0.8660254037844386,0.5000000000000001,1,89.0,73.0,98.0,82.0,92.0,13.366625103843045,0.7071067811865476,0.7071067811865476,0,6.5,0,59.5,282.8055555555556
2025-10-29,86.0,74.0,1.0,5.0,10.4,8.5,13.6,0.4,8.1,2.9,241.0,1021.8,10,2,-0.8660254037844386,0.5000000000000001,1,124.0,75.0,101.0,49.0,95.71428571428571,18.089723470471164,-0.8746197071393959,-0.48480962024633684,0,7.6,0,39.44,340.59999999999997
2025-10-30,125.0,73.0,1.0,4.0,10.2,7.6,13.8,0.0,6.1,2.5,59.0,1023.2,10,3,-0.8660254037844386,0.5000000000000001,1,86.0,89.0,106.0,74.0,93.57142857142857,18.24698279037938,0.8571673007021122,0.5150380749100543,0,7.800000000000001,0,34.5,393.53846153846155
2025-10-31,95.0,19.0,1.0,2.0,10.5,4.2,18.0,0.0,7.1,3.4,99.0,1018.3,10,4,-0.8660254037844386,0.5000000000000001,1,125.0,124.0,102.0,73.0,96.28571428571429,21.522966692306042,0.9876883405951377,-0.15643446504023104,0,7.5,0,61.199999999999996,290.9428571428571
2025-11-01,36.0,34.0,1.0,5.0,7.1,2.8,9.3,0.5,8.9,3.6,147.0,1029.3,11,5,-0.5000000000000004,0.8660254037844384,1,95.0,86.0,73.0,19.0,95.28571428571429,21.375330685273198,0.5446390350150269,-0.8386705679454242,1,10.9,0,33.480000000000004,278.1891891891891
2025-11-02,64.0,35.0,1.0,4.0,5.3,0.7,10.2,0.0,4.3,2.3,45.0,1021.4,11,6,-0.5000000000000004,0.8660254037844384,1,36.0,125.0,75.0,34.0,90.0,30.452148254816997,0.7071067811865476,0.7071067811865476,0,12.7,0,23.459999999999997,425.5833333333333
2025-11-03,74.0,20.0,1.0,2.0,8.9,3.3,15.3,0.0,9.3,4.2,133.0,1018.1,11,0,-0.5000000000000004,0.8660254037844384,1,64.0,95.0,89.0,35.0,88.42857142857143,31.616752641899648,0.7313537016191706,-0.6819983600624984,0,9.1,0,64.26,236.7674418604651
2025-11-04,39.0,3.0,1.0,2.0,4.7,2.1,6.2,8.2,7.6,3.7,221.0,1023.1,11,1,-0.5000000000000004,0.8660254037844384,1,74.0,36.0,124.0,20.0,86.28571428571429,32.07654535489729,-0.6560590289905074,-0.7547095802227719,1,13.3,0,22.94,269.2368421052631
2025-11-05,25.0,22.0,1.0,4.0,-0.9,-8.4,3.1,13.7,12.6,7.0,225.0,1035.6,11,2,-0.5000000000000004,0.8660254037844384,1,39.0,64.0,86.0,3.0,74.14285714285714,31.50359012043251,-0.7071067811865475,-0.7071067811865477,1,18.9,0,21.7,145.85915492957747
2025-11-06,52.0,59.0,1.0,7.0,-5.9,-9.9,-1.6,0.0,8.5,3.4,54.0,1038.7,11,3,-0.5000000000000004,0.8660254037844384,1,25.0,74.0,125.0,22.0,65.42857142857143,35.81832465306557,0.8090169943749475,0.5877852522924731,0,23.9,0,-5.44,296.77142857142854
2025-11-07,110.0,57.0,1.0,8.0,-4.1,-7.7,-1.4,0.0,7.4,2.6,353.0,1031.4,11,4,-0.5000000000000004,0.8660254037844384,1,52.0,39.0,95.0,59.0,55.0,24.385788210896354,-0.12186934340514811,0.992546151641322,0,22.1,0,-3.6399999999999997,382.0
2025-11-08,79.0,30.0,1.0,5.0,0.1,-3.3,4.3,0.0,5.2,1.9,118.0,1027.0,11,5,-0.5000000000000004,0.8660254037844384,1,110.0,25.0,36.0,57.0,57.142857142857146,28.754295745323834,0.8829475928589271,-0.46947156278589053,0,17.9,1,8.17,513.5
2025-11-09,48.0,33.0,1.0,5.0,1.3,-3.2,6.9,0.0,5.1,2.6,124.0,1023.8,11,6,-0.5000000000000004,0.8660254037844384,1,79.0,52.0,64.0,30.0,63.285714285714285,28.069641285644988,0.8290375725550417,-0.5591929034707467,0,16.7,0,17.94,379.18518518518516
2025-11-10,70.0,67.0,1.0,7.0,2.4,-2.9,8.3,0.0,9.3,3.8,92.0,1025.6,11,0,-0.5000000000000004,0.8660254037844384,1,48.0,110.0,74.0,33.0,61.0,28.647280266487616,0.9993908270190958,-0.03489949670250073,0,15.6,0,31.540000000000003,262.974358974359
2025-11-11,111.0,51.0,1.0,4.0,2.2,-2.7,8.7,0.0,6.1,2.8,113.0,1029.0,11,1,-0.5000000000000004,0.8660254037844384,1,70.0,79.0,39.0,67.0,60.42857142857143,28.38342910254277,0.9205048534524404,-0.3907311284892736,0,15.8,0,24.359999999999996,354.82758620689657
2025-11-12,90.0,33.0,1.0,5.0,3.7,-2.0,10.0,0.0,5.2,2.8,142.0,1027.4,11,2,-0.5000000000000004,0.8660254037844384,1,111.0,48.0,25.0,51.0,70.71428571428571,32.12327445801228,0.6156614753256584,-0.7880107536067219,1,14.3,0,28.0,354.2758620689656
2025-11-13,72.0,54.0,1.0,7.0,5.2,-0.1,10.6,0.2,5.6,2.7,130.0,1029.7,11,3,-0.5000000000000004,0.8660254037844384,1,90.0,70.0,52.0,33.0,80.0,25.396850198401005,0.766044443118978,-0.6427876096865394,0,12.8,0,28.62,367.74999999999994
2025-11-14,87.0,75.0,1.0,8.0,3.3,-1.8,8.8,0.0,5.2,2.3,1.0,1030.7,11,4,-0.5000000000000004,0.8660254037844384,1,72.0,111.0,110.0,54.0,82.85714285714286,22.704100741412578,0.01745240643728351,0.9998476951563913,0,14.7,0,20.24,429.45833333333337
2025-11-15,131.0,69.0,1.0,9.0,2.7,-0.4,7.0,0.1,4.6,1.7,318.0,1028.5,11,5,-0.5000000000000004,0.8660254037844384,1,87.0,90.0,79.0,75.0,79.57142857142857,19.569169143129255,-0.6691306063588581,0.7431448254773942,0,15.3,0,11.9,571.3888888888889
2025-11-16,28.02,28.65,67.18,1999.25,4.3,-0.1,8.8,0.0,5.7,3.99,69.0,1028.5,11,6,-0.5000000000000004,0.8660254037844384,1,131.0,72.0,48.0,69.0,87.0,27.556003580587547,0.9335804264972017,0.3583679495453004,0,13.7,0,35.112,251.46699266503668
2025-11-17,24.55,25.52,65.08,2186.83,6.6,2.0,13.2,0.0,5.9,4.13,82.0,1028.5,11,0,-0.5000000000000004,0.8660254037844384,1,28.02,87.0,70.0,28.65,84.14571428571428,32.80399307866014,0.9902680687415703,0.1391731009600657,0,11.4,0,54.516,243.1442080378251
2025-11-18,23.64,25.11,63.37,2163.04,4.6,0.1,10.2,0.0,6.4,4.48,13.0,1028.5,11,1,-0.5000000000000004,0.8660254037844384,1,24.55,131.0,111.0,25.52,77.65285714285714,39.81846167892743,0.224951054343865,0.9743700647852352,0,13.4,0,45.696,224.56331877729258
2025-11-19,27.51,30.35,63.71,2526.58,7.5,2.0,14.9,0.0,5.1,3.57,140.0,1028.5,11,2,-0.5000000000000004,0.8660254037844384,1,23.64,28.02,90.0,25.11,65.17285714285714,41.28793880149763,0.6427876096865395,-0.7660444431189779,1,10.5,0,53.193,280.2452316076295
2025-11-20,33.07,35.83,82.56,2341.0,7.4,2.0,12.9,0.6,6.1,4.27,129.0,1028.5,11,3,-0.5000000000000004,0.8660254037844384,1,27.51,24.55,72.0,30.35,56.24571428571429,41.77800452277234,0.777145961456971,-0.6293203910498373,0,10.6,0,55.083,235.35469107551492
2025-11-21,30.9,34.64,76.61,2234.71,5.6,1.7,11.4,0.0,4.4,3.08,150.0,1028.5,11,4,-0.5000000000000004,0.8660254037844384,1,33.07,23.64,87.0,35.83,50.684285714285714,41.92218937394357,0.49999999999999994,-0.8660254037844387,1,12.4,0,35.112,323.42767295597486
2025-11-22,33.1,38.17,85.6,1931.29,4.8,0.3,8.6,0.0,5.8,4.06,112.0,1028.5,11,5,-0.5000000000000004,0.8660254037844384,1,30.9,27.51,131.0,34.64,42.67,39.08922528438444,0.9271838545667874,-0.37460659341591207,0,13.2,0,34.916,247.23557692307696
2025-11-23,33.59,36.57,94.11,2047.29,2.4,-1.0,5.2,0.0,4.0,2.8,99.0,1028.5,11,6,-0.5000000000000004,0.8660254037844384,1,33.1,33.07,28.02,38.17,28.684285714285718,3.8297034573784803,0.9876883405951377,-0.15643446504023104,0,15.6,0,14.559999999999999,354.65517241379314
2025-11-24,26.36,28.86,82.99,2420.42,4.0,0.3,9.1,0.0,4.7,3.29,88.0,1028.5,11,0,-0.5000000000000004,0.8660254037844384,1,33.59,30.9,24.55,36.57,29.48,4.226748159049461,0.9993908270190958,0.03489949670250108,0,14.0,0,29.939,303.39233038348084
2025-11-25,21.33,22.65,65.44,1787.96,4.6,0.4,10.4,0.0,6.0,4.2,27.0,1028.5,11,1,-0.5000000000000004,0.8660254037844384,1,26.36,33.1,23.64,28.86,29.73857142857143,3.91905357866015,0.45399049973954675,0.8910065241883679,0,13.4,0,43.68000000000001,239.1860465116279
2025-11-26,21.27,22.15,61.16,1115.79,5.2,-0.1,13.4,0.0,10.6,7.42,48.0,1028.5,11,2,-0.5000000000000004,0.8660254037844384,1,21.33,33.59,27.51,22.65,29.40857142857143,4.562584898104251,0.7431448254773941,0.6691306063588582,0,12.8,0,99.428,136.76861702127658
2025-11-27,24.41,25.26,75.05,2426.0,5.8,1.7,11.6,0.0,5.3,3.71,112.0,1028.5,11,3,-0.5000000000000004,0.8660254037844384,1,21.27,26.36,33.07,22.15,28.517142857142858,5.507152059781168,0.9271838545667874,-0.37460659341591207,0,12.2,0,43.036,269.9475065616798
2025-11-28,29.9,30.78,88.1,2615.88,4.3,0.1,9.0,0.0,4.4,3.08,87.0,1028.5,11,4,-0.5000000000000004,0.8660254037844384,1,24.41,21.33,30.9,25.26,27.28,5.282026126405313,0.9986295347545738,0.052335956242943966,0,13.7,0,27.72,323.42767295597486
2025-11-29,32.14,33.31,94.77,2009.08,0.9,-1.8,4.6,0.0,8.9,6.23,16.0,1028.5,11,5,-0.5000000000000004,0.8660254037844384,1,29.9,21.27,33.1,30.78,27.13714285714286,5.180346559470593,0.27563735581699916,0.9612616959383189,0,17.1,0,28.658,162.48025276461297
2025-11-30,27.33,28.12,95.31,2654.67,1.5,-2.3,7.8,0.0,3.5,2.45,92.0,1028.5,11,6,-0.5000000000000004,0.8660254037844384,1,32.14,24.41,33.59,33.31,27.0,5.005949793332099,0.9993908270190958,-0.03489949670250073,0,16.5,0,19.11,403.33333333333326
2025-12-01,27.79,28.66,84.92,1902.38,-0.5,-4.0,3.7,0.0,10.4,7.28,9.0,1028.5,12,0,-2.4492935982947064e-16,1.0,1,27.33,29.9,26.36,28.12,26.10571428571428,4.111767086236408,0.15643446504023087,0.9876883405951378,0,18.5,0,26.936000000000003,139.36314363143634
2025-12-02,37.63,38.45,86.93,1962.92,0.0,-3.8,4.8,0.0,9.3,6.51,5.0,1028.5,12,1,-2.4492935982947064e-16,1.0,1,27.79,32.14,21.33,28.66,26.31,4.161726404594025,0.08715574274765817,0.9961946980917455,0,18.0,0,31.247999999999998,155.59757942511348
2025-12-03,30.12,30.97,84.92,2401.75,1.5,-3.5,7.1,0.0,5.6,3.92,93.0,1028.5,12,2,-2.4492935982947064e-16,1.0,1,37.63,27.33,21.27,38.45,28.638571428571424,5.31203171605828,0.9986295347545738,-0.05233595624294362,0,16.5,0,27.831999999999997,255.84577114427864
2025-12-04,34.9,36.46,101.6,2483.71,2.5,-1.5,8.4,0.0,6.1,4.27,93.0,1028.5,12,3,-2.4492935982947064e-16,1.0,1,30.12,27.79,24.41,30.97,29.90285714285714,4.203489480128593,0.9986295347545738,-0.05233595624294362,0,15.5,0,35.867999999999995,235.35469107551492
2025-12-05,38.62,42.19,120.82,3136.42,2.9,-0.5,7.4,0.0,2.9,2.03,189.0,1028.5,12,4,-2.4492935982947064e-16,1.0,1,34.9,37.63,29.9,36.46,31.40142857142857,3.765985610577309,-0.15643446504023073,-0.9876883405951378,1,15.1,0,15.021999999999998,482.86384976525824
2025-12-06,48.15,53.25,119.58,1918.88,1.1,-1.6,4.6,0.0,5.8,4.06,51.0,1028.5,12,5,-2.4492935982947064e-16,1.0,1,38.62,30.12,32.14,42.19,32.64714285714286,4.547650361401076,0.7771459614569708,0.6293203910498375,0,16.9,0,18.676,247.23557692307696
2025-12-07,26.85,27.88,88.71,1876.21,-0.3,-3.3,2.5,0.2,8.2,5.74,354.0,1028.5,12,6,-2.4492935982947064e-16,1.0,1,48.15,34.9,27.33,53.25,34.93428571428571,7.388628328144252,-0.10452846326765342,0.9945218953682733,0,18.3,0,14.350000000000001,176.11301369863014
2025-12-08,29.54,30.94,96.83,2098.88,1.6,-0.3,5.1,13.0,9.3,6.51,202.0,1028.5,12,0,-2.4492935982947064e-16,1.0,1,26.85,38.62,27.79,27.88,34.86571428571428,7.472712263392438,-0.374606593415912,-0.9271838545667874,1,16.4,0,33.20099999999999,155.59757942511348
2025-12-09,31.97,34.02,90.02,1351.29,0.2,-3.2,2.0,0.1,6.7,4.69,51.0,1028.5,12,1,-2.4492935982947064e-16,1.0,1,29.54,48.15,37.63,30.94,35.11571428571428,7.221594600325865,0.7771459614569708,0.6293203910498375,0,17.8,0,9.38,214.71816283924844
2025-12-10,28.32,29.33,86.91,652.08,-4.9,-12.4,0.4,10.8,11.5,8.05,6.0,1028.5,12,2,-2.4492935982947064e-16,1.0,1,31.97,26.85,30.12,34.02,34.30714285714286,7.210015520756601,0.10452846326765346,0.9945218953682733,0,22.9,0,3.2200000000000006,126.1963190184049
2025-12-11,38.07,39.31,40.32,977.38,-11.7,-17.0,-7.6,0.0,11.8,8.26,38.0,1028.5,12,3,-2.4492935982947064e-16,1.0,1,28.32,29.54,34.9,29.33,34.05,7.413465226646307,0.6156614753256582,0.788010753606722,0,29.7,0,-62.775999999999996,123.0263157894737
2025-12-12,34.39,38.94,47.13,969.46,-1.5,-7.3,2.2,0.0,9.0,6.3,34.0,1028.5,12,4,-2.4492935982947064e-16,1.0,1,38.07,31.97,38.62,39.31,34.50285714285714,7.569226544120457,0.5591929034707469,0.8290375725550417,0,19.5,0,13.860000000000001,160.703125
2025-12-13,42.97,50.15,88.66,2556.21,2.7,0.2,5.3,0.4,6.3,4.41,61.0,1028.5,12,5,-2.4492935982947064e-16,1.0,1,34.39,28.32,48.15,38.94,33.89857142857143,7.351472479651608,0.8746197071393957,0.4848096202463371,0,15.3,0,23.373,228.0487804878049
2025-12-14,36.38,42.62,66.74,1908.38,1.1,-1.8,3.5,0.3,10.4,7.28,140.0,1028.5,12,6,-2.4492935982947064e-16,1.0,1,42.97,38.07,26.85,50.15,33.15857142857143,5.768004936926497,0.6427876096865395,-0.7660444431189779,1,16.9,0,25.48,139.36314363143634
2025-12-15,20.28,23.44,48.45,1065.12,-0.0,-3.8,3.9,6.8,11.4,7.98,96.0,1028.5,12,0,-2.4492935982947064e-16,1.0,1,36.38,34.39,29.54,42.62,34.519999999999996,5.118990785955169,0.9945218953682734,-0.10452846326765333,0,18.0,0,31.122,127.28960396039604
2025-12-16,34.53,36.61,91.21,1958.88,-1.4,-4.3,2.0,0.0,9.2,6.44,38.0,1028.5,12,1,-2.4492935982947064e-16,1.0,1,20.28,42.97,31.97,23.44,33.19714285714286,7.3365743920137065,0.6156614753256582,0.788010753606722,0,19.4,0,12.88,157.262996941896
2025-12-17,51.7,54.57,149.6,2702.25,1.3,-1.8,4.6,5.3,5.9,4.13,50.0,1028.5,12,2,-2.4492935982947064e-16,1.0,1,34.53,36.38,28.32,36.61,33.56285714285714,7.329010197579063,0.766044443118978,0.6427876096865394,0,16.7,0,18.997999999999998,243.1442080378251
2025-12-18,51.77,52.75,156.04,1621.33,-2.2,-2.9,-1.2,4.3,5.4,3.78,55.0,1028.5,12,3,-2.4492935982947064e-16,1.0,1,51.7,20.28,38.07,54.57,36.902857142857144,9.53646984700754,0.8191520442889918,0.573576436351046,0,20.2,0,-4.536,265.0773195876289
2025-12-19,54.65,55.56,132.67,1121.29,-2.9,-3.9,-1.8,2.1,6.5,4.55,42.0,1028.5,12,4,-2.4492935982947064e-16,1.0,1,51.77,34.53,34.39,52.75,38.86000000000001,11.094461080498377,0.6691306063588582,0.7431448254773942,0,20.9,0,-8.19,221.18279569892476
2025-12-20,42.56,44.48,124.77,1869.92,-2.1,-3.9,-0.3,0.1,11.8,8.26,349.0,1028.5,12,5,-2.4492935982947064e-16,1.0,1,54.65,51.7,42.97,55.56,41.75428571428572,12.310072917660614,-0.19080899537654467,0.981627183447664,0,20.1,0,-2.4779999999999998,123.0263157894737
2025-12-21,41.72,43.68,103.62,2787.42,-1.0,-2.5,0.2,1.2,6.9,4.83,68.0,1028.5,12,6,-2.4492935982947064e-16,1.0,1,42.56,51.77,36.38,44.48,41.69571428571429,12.304298513315906,0.9271838545667874,0.37460659341591196,0,19.0,0,0.9660000000000001,208.62068965517244
2025-12-22,28.64,29.59,65.74,1327.54,-3.3,-4.6,-1.6,0.0,7.8,5.46,26.0,1028.5,12,0,-2.4492935982947064e-16,1.0,1,41.72,54.65,20.28,43.68,42.45857142857143,12.083354154334533,0.4383711467890774,0.898794046299167,0,21.3,0,-8.736,184.98201438848923
2025-12-23,40.61,41.89,96.68,963.46,-3.9,-4.9,-2.7,0.0,11.3,7.91,347.0,1028.5,12,1,-2.4492935982947064e-16,1.0,1,28.64,42.56,34.53,29.59,43.652857142857144,9.705018829256144,-0.22495105434386534,0.9743700647852351,0,21.9,0,-21.357000000000003,128.4019975031211
2025-12-24,47.55,51.21,94.26,1932.67,-2.3,-5.0,0.3,0.0,6.5,4.55,60.0,1028.5,12,2,-2.4492935982947064e-16,1.0,1,40.61,41.72,51.7,41.89,44.52142857142858,8.998850720272005,0.8660254037844386,0.5000000000000001,0,20.3,0,1.365,221.18279569892476
2025-12-25,37.6,40.76,75.27,2158.88,-3.2,-6.6,0.2,0.0,7.6,5.32,16.0,1028.5,12,3,-2.4492935982947064e-16,1.0,1,47.55,28.64,51.77,51.21,43.92857142857143,8.573757302708074,0.27563735581699916,0.9612616959383189,0,21.2,0,1.064,189.760147601476
2025-12-26,37.61,42.34,85.15,2308.42,0.8,-3.0,4.2,0.3,7.7,5.39,150.0,1028.5,12,4,-2.4492935982947064e-16,1.0,1,37.6,40.61,54.65,40.76,41.90428571428571,8.071911911362013,0.49999999999999994,-0.8660254037844387,1,17.2,0,22.637999999999998,187.34061930783244
2025-12-27,28.25,31.46,76.85,1279.46,-1.4,-2.8,-0.2,0.0,7.4,5.18,29.0,1028.5,12,5,-2.4492935982947064e-16,1.0,1,37.61,47.55,42.56,42.34,39.470000000000006,5.851524018011013,0.48480962024633706,0.8746197071393957,0,19.4,0,-1.036,194.79166666666669
2025-12-28,37.22,42.05,69.73,2012.83,-0.9,-4.0,1.5,0.0,6.1,4.27,64.0,1028.5,12,6,-2.4492935982947064e-16,1.0,1,28.25,37.6,41.72,31.46,37.425714285714285,6.982461020642264,0.898794046299167,0.43837114678907746,0,18.9,0,6.404999999999999,235.35469107551492
2025-12-29,39.45,43.1,51.81,1856.54,0.5,-3.0,6.3,0.7,5.8,4.06,100.0,1028.5,12,0,-2.4492935982947064e-16,1.0,1,37.22,37.61,28.64,42.05,36.78285714285715,6.723554898728592,0.984807753012208,-0.1736481776669303,0,17.5,0,25.577999999999996,247.23557692307696
2025-12-30,33.41,39.44,63.36,1867.38,1.4,-2.6,4.5,0.0,7.8,5.46,97.0,1028.5,12,1,-2.4492935982947064e-16,1.0,1,39.45,28.25,40.61,43.1,38.32714285714285,5.7060047735887025,0.9925461516413221,-0.12186934340514737,0,16.6,0,24.57,184.98201438848923
2025-12-31,50.55,59.59,118.63,2378.88,3.8,-0.2,8.2,1.9,10.7,7.49,200.0,1028.5,12,2,-2.4492935982947064e-16,1.0,1,33.41,37.22,47.55,39.44,37.298571428571435,5.872422636278348,-0.34202014332566866,-0.9396926207859084,1,14.2,0,61.418,135.5072463768116
2026-01-01,15.25,16.13,79.98,1005.08,-0.0,-1.5,2.0,7.5,11.5,8.05,51.0,1028.5,1,3,0.49999999999999994,0.8660254037844387,1,50.55,39.45,37.6,59.59,37.72714285714285,6.78398780041777,0.7771459614569708,0.6293203910498375,0,18.0,0,16.1,126.1963190184049
2026-01-02,30.2,31.91,107.75,1339.58,-0.5,-1.9,1.2,0.0,10.0,7.0,344.0,1028.5,1,4,0.49999999999999994,0.8660254037844387,1,15.25,33.41,37.61,16.13,34.534285714285716,10.877962212877419,-0.2756373558169998,0.9612616959383187,0,18.5,0,8.4,144.85915492957747
2026-01-03,29.63,32.13,63.66,1942.92,0.1,-3.2,5.3,0.0,5.5,3.85,96.0,1028.5,1,5,0.49999999999999994,0.8660254037844387,1,30.2,50.55,28.25,31.91,33.47571428571428,10.889309523784744,0.9945218953682734,-0.10452846326765333,0,17.9,0,20.405,260.379746835443
2026-01-04,39.24,43.88,77.07,1959.58,0.8,-3.0,5.9,0.0,8.0,5.6,163.0,1028.5,1,6,0.49999999999999994,0.8660254037844387,1,29.63,15.25,37.22,32.13,33.67285714285714,10.790981905101022,0.29237170472273705,-0.9563047559630354,1,17.2,0,33.04,180.43859649122808
2026-01-05,42.22,47.35,111.78,1336.21,-0.5,-2.9,1.0,0.0,5.5,3.85,4.0,1028.5,1,0,0.49999999999999994,0.8660254037844387,1,39.24,30.2,39.45,43.88,33.96142857142858,10.927790915173178,0.0697564737441253,0.9975640502598242,0,18.5,0,3.85,260.379746835443
2026-01-06,30.29,33.2,57.72,1344.38,-2.2,-4.1,-0.2,0.0,6.3,4.41,224.0,1028.5,1,1,0.49999999999999994,0.8660254037844387,1,42.22,29.63,33.41,47.35,34.357142857142854,11.20627162840304,-0.6946583704589973,-0.7193398003386511,1,20.2,0,-0.8820000000000001,228.0487804878049
2026-01-07,33.04,35.27,65.02,1533.96,-1.5,-5.7,3.3,0.0,6.4,4.48,83.0,1028.5,1,2,0.49999999999999994,0.8660254037844387,1,30.29,39.24,50.55,33.2,33.91142857142857,11.311771786612747,0.992546151641322,0.12186934340514749,0,19.5,0,14.784,224.56331877729258
2026-01-08,27.37,30.19,64.23,1128.75,-3.3,-5.1,-1.5,0.0,8.7,6.09,12.0,1028.5,1,3,0.49999999999999994,0.8660254037844387,1,33.04,42.22,15.25,35.27,31.409999999999997,8.639583323287505,0.20791169081775931,0.9781476007338057,0,21.3,0,-9.135,166.15508885298868
2026-01-09,37.38,41.46,65.71,1197.33,-3.0,-5.6,1.2,0.0,15.1,10.57,1.0,1028.5,1,4,0.49999999999999994,0.8660254037844387,1,27.37,30.29,30.2,30.19,33.14142857142857,5.508258734458795,0.01745240643728351,0.9998476951563913,0,21.0,0,12.684,96.3917525773196
2026-01-10,34.7,40.77,57.26,2137.29,-0.6,-5.7,6.6,0.0,6.8,4.76,77.0,1028.5,1,5,0.49999999999999994,0.8660254037844387,1,37.38,33.04,29.63,41.46,34.167142857142856,5.537664111297378,0.9743700647852352,0.22495105434386492,0,18.6,0,31.415999999999997,211.62551440329221
2026-01-11,37.5,40.87,68.1,2258.0,2.2,-2.5,8.8,0.0,8.0,5.6,106.0,1028.5,1,6,0.49999999999999994,0.8660254037844387,1,34.7,27.37,39.24,40.77,34.89142857142857,5.164308371157556,0.9612616959383189,-0.27563735581699905,0,15.8,0,49.28,180.43859649122808
2026-01-12,41.9,48.92,79.74,2029.67,3.5,-1.5,9.3,0.3,8.4,5.88,137.0,1028.5,1,0,0.49999999999999994,0.8660254037844387,1,37.5,37.38,42.22,40.87,34.642857142857146,4.957864843816428,0.6819983600624985,-0.7313537016191705,1,14.5,0,54.684000000000005,171.98996655518394
2026-01-13,28.53,34.35,63.16,1277.0,0.8,-2.6,6.2,0.0,7.1,4.97,66.0,1028.5,1,1,0.49999999999999994,0.8660254037844387,1,41.9,34.7,30.29,48.92,34.597142857142856,4.87717375224124,0.9135454576426009,0.4067366430758002,0,17.2,0,30.814,202.8599605522683
2026-01-14,27.79,30.14,65.17,859.08,-1.4,-5.4,3.0,0.0,11.2,7.84,354.0,1028.5,1,2,0.49999999999999994,0.8660254037844387,1,28.53,37.5,33.04,34.35,34.34571428571429,5.172639097996532,-0.10452846326765342,0.9945218953682733,0,19.4,0,23.52,129.53400503778337
2026-01-15,31.85,44.23,68.38,667.75,-4.4,-6.3,-0.9,0.0,16.1,11.27,355.0,1028.5,1,3,0.49999999999999994,0.8660254037844387,1,27.79,41.9,27.37,30.14,33.59571428571429,5.7427080056470325,-0.08715574274765832,0.9961946980917455,0,22.4,0,-10.143,90.45734388742305
2026-01-16,27.45,37.82,56.56,496.25,-7.9,-13.8,-3.9,2.8,13.6,9.52,319.0,1028.5,1,4,0.49999999999999994,0.8660254037844387,1,31.85,28.53,37.38,44.23,34.23571428571429,5.152555537930255,-0.6560590289905074,0.7547095802227719,0,25.9,0,-37.128,106.91268191268192
2026-01-17,23.03,23.92,63.96,452.21,-16.9,-18.6,-14.9,2.4,14.7,10.29,313.0,1028.5,1,5,0.49999999999999994,0.8660254037844387,1,27.45,27.79,34.7,37.82,32.817142857142855,5.497968455973948,-0.731353701619171,0.6819983600624979,0,34.9,0,-153.321,98.98941289701636
2026-01-18,44.11,46.04,112.59,1150.12,-15.3,-19.4,-11.6,0.2,11.4,7.98,360.0,1028.5,1,6,0.49999999999999994,0.8660254037844387,1,23.03,31.85,37.5,23.92,31.150000000000002,6.508371532113675,-2.4492935982947064e-16,1.0,0,33.3,0,-92.568,127.28960396039604
2026-01-19,44.18,49.6,90.72,1663.54,-12.2,-15.6,-9.1,0.0,12.2,8.54,354.0,1028.5,1,0,0.49999999999999994,0.8660254037844387,1,44.11,27.45,41.9,46.04,32.09428571428571,7.911497660880825,-0.10452846326765342,0.9945218953682733,0,30.2,0,-77.71399999999998,119.03935185185186
2026-01-20,43.76,51.2,79.47,2251.0,-9.1,-12.2,-3.8,0.0,5.3,3.71,67.0,1028.5,1,1,0.49999999999999994,0.8660254037844387,1,44.18,23.03,28.53,49.6,32.42,8.413487188240923,0.9205048534524403,0.39073112848927394,0,27.1,0,-14.097999999999999,269.9475065616798
2026-01-21,34.28,38.34,55.13,1415.92,-9.3,-12.4,-4.8,0.0,10.6,7.42,6.0,1028.5,1,2,0.49999999999999994,0.8660254037844387,1,43.76,44.11,27.79,51.2,34.59571428571429,9.174675029928254,0.10452846326765346,0.9945218953682733,0,27.3,0,-35.616,136.76861702127658
2026-01-22,44.31,51.1,85.89,1275.0,-6.8,-10.0,-2.1,0.0,13.3,9.31,332.0,1028.5,1,3,0.49999999999999994,0.8660254037844387,1,34.28,44.18,31.85,38.34,35.52285714285714,8.687277506573475,-0.4694715627858908,0.882947592858927,0,24.8,0,-19.551000000000002,109.29861849096706
2026-01-23,33.2,38.04,72.69,1243.88,-4.5,-8.4,-2.2,2.6,12.1,8.47,44.0,1028.5,1,4,0.49999999999999994,0.8660254037844387,1,44.31,43.76,27.45,51.1,37.30285714285714,9.077058470463719,0.6946583704589973,0.7193398003386512,0,22.5,0,-18.634000000000004,120.01166861143524
2026-01-24,31.98,37.7,46.64,975.46,-7.6,-13.4,-4.8,0.0,9.7,6.79,3.0,1028.5,1,5,0.49999999999999994,0.8660254037844387,1,33.2,34.28,23.03,38.04,38.12428571428571,8.260239821263571,0.05233595624294383,0.9986295347545738,0,25.6,0,-32.592,149.27431059506532
2026-01-25,42.18,52.25,77.58,2876.33,-3.1,-6.6,2.2,0.0,7.8,5.46,99.0,1028.5,1,6,0.49999999999999994,0.8660254037844387,1,31.98,44.31,44.11,37.7,39.402857142857144,5.885872108380947,0.9876883405951377,-0.15643446504023104,0,21.1,0,12.012,184.98201438848923
2026-01-26,32.12,37.6,55.83,2189.29,-4.0,-6.9,0.1,0.0,7.4,5.18,59.0,1028.5,1,0,0.49999999999999994,0.8660254037844387,1,42.18,33.2,44.18,52.25,39.12714285714286,5.66986394394817,0.8571673007021122,0.5150380749100543,0,22.0,0,0.518,194.79166666666669
2026-01-27,37.66,43.26,82.85,2610.58,-2.9,-6.7,1.4,0.0,7.4,5.18,30.0,1028.5,1,1,0.49999999999999994,0.8660254037844387,1,32.12,31.98,43.76,37.6,37.40428571428571,5.710738005849612,0.49999999999999994,0.8660254037844387,0,20.9,0,7.251999999999999,194.79166666666669
2026-01-28,40.03,46.4,98.42,2579.25,-2.0,-6.7,1.8,0.0,8.5,5.95,47.0,1028.5,1,2,0.49999999999999994,0.8660254037844387,1,37.66,42.18,34.28,43.26,36.53285714285714,5.000495689717563,0.7313537016191705,0.6819983600624985,0,20.0,0,10.71,170.0
2026-01-29,29.37,33.48,45.27,1800.21,-4.6,-7.7,-2.8,0.0,5.1,3.57,336.0,1028.5,1,3,0.49999999999999994,0.8660254037844387,1,40.03,32.12,44.31,46.4,37.354285714285716,5.040852630073794,-0.40673664307580015,0.913545457642601,0,22.6,0,-9.995999999999999,280.2452316076295
2026-01-30,32.39,38.97,46.47,1343.79,-4.6,-5.9,-3.0,0.0,10.8,7.56,329.0,1028.5,1,4,0.49999999999999994,0.8660254037844387,1,29.37,37.66,33.2,33.48,35.22,4.759933472927291,-0.5150380749100545,0.8571673007021121,0,22.6,0,-22.68,134.26892950391647
2026-01-31,36.17,42.81,58.6,1942.5,-2.7,-5.8,0.8,0.0,9.4,6.58,345.0,1028.5,1,5,0.49999999999999994,0.8660254037844387,1,32.39,40.03,31.98,38.97,35.10428571428571,4.826602867247549,-0.2588190451025207,0.9659258262890683,0,20.7,0,5.264,153.9670658682635
2026-02-01,40.02,51.02,55.71,2102.79,-0.3,-4.1,3.8,0.0,5.7,3.99,63.0,1028.5,2,6,0.8660254037844386,0.5000000000000001,1,36.17,29.37,42.18,42.81,35.70285714285714,4.630391323587103,0.8910065241883678,0.4539904997395468,0,18.3,0,15.162,251.46699266503668
2026-02-02,29.84,39.67,54.49,1901.04,-0.1,-4.5,4.5,0.0,5.2,3.64,119.0,1028.5,2,0,0.8660254037844386,0.5000000000000001,1,40.02,32.39,32.12,51.02,35.394285714285715,4.176541061467279,0.8746197071393959,-0.484809620246337,0,18.1,0,16.38,274.99999999999994
2026-02-03,36.84,46.2,63.69,2050.62,1.8,-2.9,6.1,0.1,6.2,4.34,199.0,1028.5,2,1,0.8660254037844386,0.5000000000000001,1,29.84,36.17,37.66,39.67,35.06857142857143,4.546930937721398,-0.32556815445715676,-0.9455185755993167,1,16.2,0,26.473999999999997,231.64414414414418
2026-02-04,31.68,35.86,56.68,1554.21,1.4,-4.9,4.5,7.1,4.8,3.36,77.0,1028.5,2,2,0.8660254037844386,0.5000000000000001,1,36.84,40.02,40.03,46.2,34.95142857142857,4.4790974856260215,0.9743700647852352,0.22495105434386492,0,16.6,0,15.12,297.2543352601156
2026-02-05,22.58,26.52,46.47,1432.62,-1.6,-6.0,3.0,0.0,10.1,7.07,11.0,1028.5,2,3,0.8660254037844386,0.5000000000000001,1,31.68,29.84,29.37,35.86,33.75857142857143,3.9858893970783433,0.1908089953765448,0.981627183447664,0,19.6,0,21.21,143.44490934449092
2026-02-06,24.02,33.42,64.17,1556.92,1.1,-2.0,3.8,8.0,11.3,7.91,101.0,1028.5,2,4,0.8660254037844386,0.5000000000000001,1,22.58,36.84,32.39,26.52,32.78857142857143,5.692663197989299,0.981627183447664,-0.1908089953765448,0,16.9,0,30.058,128.4019975031211
2026-02-07,21.24,23.61,61.52,1117.96,-2.4,-5.1,-1.2,2.9,10.2,7.14,56.0,1028.5,2,5,0.8660254037844386,0.5000000000000001,1,24.02,31.68,36.17,33.42,31.592857142857138,6.597465963753419,0.8290375725550417,0.5591929034707468,0,20.4,0,-8.568,142.05801104972377
2026-02-08,24.47,25.56,58.11,644.38,-3.1,-7.3,-0.2,1.9,9.5,6.65,28.0,1028.5,2,6,0.8660254037844386,0.5000000000000001,1,21.24,22.58,40.02,23.61,29.46,7.251979040236401,0.4694715627858908,0.882947592858927,0,21.1,0,-1.33,152.37037037037035
2026-02-09,26.62,32.89,61.35,1060.08,-1.0,-5.9,3.2,0.0,7.6,5.32,58.0,1028.5,2,0,0.8660254037844386,0.5000000000000001,1,24.47,24.02,29.84,25.56,27.238571428571426,5.691960495799559,0.8480480961564261,0.5299192642332049,0,19.0,0,17.024,189.760147601476
2026-02-10,32.85,55.05,48.61,1362.12,3.7,-1.3,7.9,0.0,9.2,6.44,125.0,1028.5,2,1,0.8660254037844386,0.5000000000000001,1,26.62,21.24,36.84,32.89,26.77857142857143,5.575608871302115,0.819152044288992,-0.5735764363510458,0,14.3,0,50.876000000000005,157.262996941896
2026-02-11,21.99,34.63,40.71,980.96,2.8,-0.5,6.9,1.6,15.2,10.64,90.0,1028.5,2,2,0.8660254037844386,0.5000000000000001,1,32.85,24.47,31.68,55.05,26.208571428571428,4.469900925718929,1.0,6.123233995736766e-17,0,15.2,0,73.41600000000001,95.76350093109869
2026-02-12,21.97,25.96,50.89,555.46,-1.8,-4.6,-0.3,2.9,10.9,7.63,15.0,1028.5,2,3,0.8660254037844386,0.5000000000000001,1,21.99,26.62,22.58,34.63,24.824285714285715,3.9649752296146166,0.25881904510252074,0.9659258262890683,0,19.8,0,-2.2889999999999997,133.0530401034929
2026-02-13,36.2,39.31,77.59,945.33,-2.1,-4.2,0.3,3.2,9.8,6.86,22.0,1028.5,2,4,0.8660254037844386,0.5000000000000001,1,21.97,32.85,24.02,25.96,24.737142857142857,4.028712425769893,0.374606593415912,0.9271838545667874,0,20.1,0,2.058,147.77298850574712
2026-02-14,30.43,33.23,68.97,1438.5,-0.5,-3.1,2.8,1.6,6.9,4.83,357.0,1028.5,2,5,0.8660254037844386,0.5000000000000001,1,36.2,21.99,21.24,39.31,26.47714285714286,5.874702018788052,-0.05233595624294437,0.9986295347545738,0,18.5,0,13.524,208.62068965517244
2026-02-15,32.6,36.52,40.83,1175.46,0.3,-4.6,3.0,0.2,7.0,4.9,6.0,1028.5,2,6,0.8660254037844386,0.5000000000000001,1,30.43,21.97,24.47,33.23,27.79,5.525772947443191,0.10452846326765346,0.9945218953682733,0,17.7,0,14.700000000000001,205.70000000000002
2026-02-16,34.69,45.88,45.04,1558.83,3.8,0.9,6.0,0.6,4.7,3.29,46.0,1028.5,2,0,0.8660254037844386,0.5000000000000001,1,32.6,36.2,26.62,36.52,28.951428571428572,5.565912409696101,0.7193398003386511,0.6946583704589974,0,14.2,0,19.740000000000002,303.39233038348084
2026-02-17,36.2,48.66,65.97,1893.04,4.6,0.6,7.8,3.8,5.3,3.71,54.0,1028.5,2,1,0.8660254037844386,0.5000000000000001,1,34.69,30.43,32.85,45.88,30.104285714285712,5.831928946594181,0.8090169943749475,0.5877852522924731,0,13.4,0,28.938,269.9475065616798
2026-02-18,20.23,29.28,48.0,1573.38,4.1,0.2,9.6,0.0,7.1,4.97,70.0,1028.5,2,2,0.8660254037844386,0.5000000000000001,1,36.2,32.6,21.99,48.66,30.58285714285714,6.219377552688448,0.9396926207859083,0.3420201433256688,0,13.9,0,47.711999999999996,202.8599605522683
2026-02-19,28.0,44.52,63.76,1792.29,9.1,2.0,18.7,0.2,16.6,11.62,140.0,1028.5,2,3,0.8660254037844386,0.5000000000000001,1,20.23,34.69,21.97,29.28,30.33142857142857,6.645623694262422,0.6427876096865395,-0.7660444431189779,1,8.9,0,217.29399999999998,87.75597269624573
2026-02-20,26.08,39.01,55.1,1378.0,6.3,2.3,9.6,0.1,10.5,7.35,49.0,1028.5,2,4,0.8660254037844386,0.5000000000000001,1,28.0,36.2,36.2,44.52,31.192857142857143,5.705458539231077,0.754709580222772,0.6560590289905073,0,11.7,0,70.55999999999999,138.05369127516778
2026-02-21,18.99,26.64,49.92,1232.79,5.2,1.0,10.9,4.4,19.5,13.65,129.0,1028.5,2,5,0.8660254037844386,0.5000000000000001,1,26.08,20.23,30.43,39.01,29.747142857142855,5.503828105014888,0.777145961456971,-0.6293203910498373,0,12.8,0,148.785,74.8
2026-02-22,23.7,25.6,64.08,1295.0,2.7,-2.2,7.6,0.0,7.0,4.9,70.0,1028.5,2,6,0.8660254037844386,0.5000000000000001,1,18.99,28.0,32.6,26.64,28.11285714285714,6.810608671493228,0.9396926207859083,0.3420201433256688,0,15.3,0,37.24,205.70000000000002
2026-02-23,23.79,28.3,57.31,858.29,3.7,-2.0,9.2,2.1,10.3,7.21,26.0,1028.5,2,0,0.8660254037844386,0.5000000000000001,1,23.7,26.08,34.69,25.6,26.84142857142857,6.662450571604726,0.4383711467890774,0.898794046299167,0,14.3,0,66.332,140.69767441860466
2026-02-24,20.89,23.57,68.85,587.42,-3.3,-4.8,-1.9,4.3,9.1,6.37,5.0,1028.5,2,1,0.8660254037844386,0.5000000000000001,1,23.79,18.99,36.2,28.3,25.284285714285716,5.731023344173133,0.08715574274765817,0.9961946980917455,0,21.3,0,-12.103,158.9644513137558
2026-02-25,32.99,37.61,65.73,877.62,-3.9,-5.6,-2.7,5.1,11.3,7.91,353.0,1028.5,2,2,0.8660254037844386,0.5000000000000001,1,20.89,23.7,20.23,23.57,23.09714285714286,3.2593338495598125,-0.12186934340514811,0.992546151641322,0,21.9,0,-21.357000000000003,128.4019975031211
2026-02-26,20.62,37.99,37.51,1003.54,0.6,-2.7,3.5,11.5,13.2,9.24,249.0,1028.5,2,3,0.8660254037844386,0.5000000000000001,1,32.99,23.79,28.0,37.61,24.919999999999998,4.657037685055695,-0.9335804264972016,-0.3583679495453007,0,17.4,0,32.34,110.11777301927195
2026-02-27,30.08,32.07,78.26,794.33,-0.5,-8.0,3.5,2.3,10.0,7.0,348.0,1028.5,2,4,0.8660254037844386,0.5000000000000001,1,20.62,20.89,26.08,37.99,23.865714285714287,4.6788704375583725,-0.20791169081775987,0.9781476007338056,0,18.5,0,24.5,144.85915492957747
2026-02-28,27.5,30.87,54.54,479.33,-8.1,-10.1,-6.2,0.2,11.9,8.33,4.0,1028.5,2,5,0.8660254037844386,0.5000000000000001,1,30.08,32.99,18.99,32.07,24.437142857142856,5.208639343394088,0.0697564737441253,0.9975640502598242,0,26.1,0,-51.646,122.00474495848162
2026-03-01,27.46,30.96,42.23,656.33,-8.0,-12.2,-4.9,0.0,9.3,6.51,3.0,1028.5,3,6,1.0,6.123233995736766e-17,1,27.5,20.62,23.7,30.87,25.65285714285714,4.692965353542741,0.05233595624294383,0.9986295347545738,0,26.0,0,-31.899,155.59757942511348
2026-03-02,33.16,41.35,47.89,1203.17,-1.1,-7.8,5.0,4.3,9.1,6.37,32.0,1028.5,3,0,1.0,6.123233995736766e-17,1,27.46,30.08,23.79,30.96,26.19,4.64714966404447,0.5299192642332049,0.848048096156426,0,19.1,0,31.85,158.9644513137558
2026-03-03,36.1,44.7,69.95,917.17,1.2,-0.7,3.5,10.0,9.8,6.86,44.0,1028.5,3,1,1.0,6.123233995736766e-17,1,33.16,27.5,20.89,41.35,27.52857142857143,5.161629034107607,0.6946583704589973,0.7193398003386512,0,16.8,0,24.01,147.77298850574712
2026-03-04,25.09,30.6,51.17,834.5,2.0,-0.9,6.8,4.2,22.7,15.89,303.0,1028.5,3,2,1.0,6.123233995736766e-17,1,36.1,27.46,32.99,44.7,29.701428571428572,5.102353798566127,-0.8386705679454243,0.5446390350150266,0,16.0,0,108.052,64.32145090681675
2026-03-05,24.55,31.08,60.31,1097.33,2.6,0.2,4.8,0.0,8.7,6.09,38.0,1028.5,3,3,1.0,6.123233995736766e-17,1,25.09,33.16,20.62,30.6,28.572857142857142,5.127360315947373,0.6156614753256582,0.788010753606722,0,15.4,0,29.232,166.15508885298868
2026-03-06,28.54,33.92,67.27,767.92,1.7,0.6,3.9,0.8,8.0,5.6,35.0,1028.5,3,4,1.0,6.123233995736766e-17,1,24.55,36.1,30.08,31.08,29.134285714285713,4.251822578391913,0.573576436351046,0.8191520442889918,0,16.3,0,21.84,180.43859649122808
2026-03-07,22.02,26.0,49.08,1066.88,3.7,-0.4,9.8,0.0,7.1,4.97,31.0,1028.5,3,5,1.0,6.123233995736766e-17,1,28.54,25.09,27.5,33.92,28.914285714285715,4.234539948029377,0.5150380749100542,0.8571673007021123,0,14.3,0,48.706,202.8599605522683
2026-03-08,24.78,42.12,50.76,1281.38,6.4,0.8,13.0,0.0,6.3,4.41,117.0,1028.5,3,6,1.0,6.123233995736766e-17,1,22.02,24.55,27.46,26.0,28.131428571428575,4.980443181659892,0.8910065241883679,-0.45399049973954675,0,11.6,0,57.33,228.0487804878049
2026-03-09,25.13,41.7,42.4,798.67,8.8,2.8,15.9,0.0,13.7,9.59,325.0,1028.5,3,0,1.0,6.123233995736766e-17,1,24.78,28.54,33.16,42.12,27.74857142857143,5.141077800657101,-0.5735764363510465,0.8191520442889916,0,9.2,0,152.481,106.14035087719299
2026-03-10,19.28,31.75,44.48,595.54,3.1,-0.9,9.4,12.7,11.5,8.05,100.0,1028.5,3,1,1.0,6.123233995736766e-17,1,25.13,22.02,36.1,41.7,26.601428571428574,4.599744299314493,0.984807753012208,-0.1736481776669303,0,14.9,0,75.67000000000002,126.1963190184049
2026-03-11,23.31,26.58,35.6,527.83,-6.8,-9.8,-1.5,7.2,13.6,9.52,7.0,1028.5,3,2,1.0,6.123233995736766e-17,1,19.28,24.78,25.09,31.75,24.19857142857143,2.884160354836398,0.12186934340514748,0.992546151641322,0,24.8,0,-14.28,106.91268191268192
2026-03-12,31.22,34.15,37.58,817.12,-10.2,-14.7,-6.1,0.0,9.3,6.51,327.0,1028.5,3,3,1.0,6.123233995736766e-17,1,23.31,25.13,24.55,26.58,23.944285714285716,2.8709049510780322,-0.544639035015027,0.838670567945424,0,28.2,0,-39.711,155.59757942511348
2026-03-13,30.0,33.03,52.98,1431.58,-7.0,-10.9,-2.7,0.0,4.5,3.15,289.0,1028.5,3,4,1.0,6.123233995736766e-17,1,31.22,19.28,28.54,34.15,24.897142857142857,3.9930385851987515,-0.945518575599317,0.3255681544571563,0,25.0,0,-8.505,316.46153846153845
2026-03-14,38.74,130.17,48.25,1649.88,-3.6,-8.1,0.1,0.0,5.6,3.92,320.0,1028.5,3,5,1.0,6.123233995736766e-17,1,30.0,23.31,22.02,33.03,25.10571428571429,4.245200651495455,-0.6427876096865396,0.7660444431189778,0,21.6,0,0.392,255.84577114427864
2026-03-15,40.51,133.78,50.65,1381.5,-1.4,-5.3,2.9,0.0,6.0,4.2,236.0,1028.5,3,6,1.0,6.123233995736766e-17,1,38.74,31.22,24.78,130.17,27.494285714285713,6.384428601798042,-0.8290375725550414,-0.5591929034707472,0,19.4,0,12.18,239.1860465116279
2026-03-16,37.2,59.12,81.34,1629.29,0.2,-4.5,5.3,0.0,4.0,2.8,217.0,1028.5,3,0,1.0,6.123233995736766e-17,1,40.51,30.0,25.13,133.78,29.74142857142857,7.866166852566045,-0.601815023152048,-0.798635510047293,1,17.8,0,14.839999999999998,354.65517241379314
2026-03-17,38.85,70.82,63.47,1513.38,2.3,-0.9,7.0,0.0,3.6,2.52,265.0,1028.5,3,1,1.0,6.123233995736766e-17,1,37.2,38.74,19.28,59.12,31.465714285714284,8.008457731556227,-0.9961946980917455,-0.08715574274765825,0,15.7,0,17.64,392.5572519083969
2026-03-18,31.85,69.73,48.94,1462.29,3.4,-1.6,9.8,0.0,5.0,3.5,39.0,1028.5,3,2,1.0,6.123233995736766e-17,1,38.85,40.51,23.31,70.82,34.26142857142857,6.273439855380339,0.6293203910498374,0.7771459614569709,0,14.6,0,34.300000000000004,285.69444444444446
2026-03-19,24.45,33.24,49.94,1473.25,4.3,-2.5,12.6,0.0,5.9,4.13,127.0,1028.5,3,3,1.0,6.123233995736766e-17,1,31.85,37.2,31.22,69.73,35.48142857142857,4.312746335272634,0.7986355100472927,-0.6018150231520484,0,13.7,0,52.038,243.1442080378251
2026-03-20,26.3,41.69,42.92,1410.0,5.9,-0.6,13.0,0.0,6.3,4.41,101.0,1028.5,3,4,1.0,6.123233995736766e-17,1,24.45,38.85,30.0,33.24,34.51428571428571,5.896097175656851,0.981627183447664,-0.1908089953765448,0,12.1,0,57.33,228.0487804878049
2026-03-21,32.98,53.45,51.91,1393.29,7.4,1.3,14.9,0.0,5.1,3.57,63.0,1028.5,3,5,1.0,6.123233995736766e-17,1,26.3,31.85,38.74,41.69,33.98571428571429,6.502868231643799,0.8910065241883678,0.4539904997395468,0,10.6,0,53.193,280.2452316076295
2026-03-22,26.69,36.52,43.32,1318.71,9.0,0.4,18.2,0.0,7.3,5.11,111.0,1028.5,3,6,1.0,6.123233995736766e-17,1,32.98,24.45,40.51,53.45,33.16285714285714,6.156193938591514,0.9335804264972017,-0.35836794954530027,0,9.0,0,93.002,197.4088291746641
2026-03-23,22.31,37.8,35.9,843.12,9.9,3.7,16.5,2.5,10.6,7.42,203.0,1028.5,3,0,1.0,6.123233995736766e-17,1,26.69,26.3,37.2,36.52,31.18857142857143,5.597991986930831,-0.39073112848927355,-0.9205048534524404,1,8.1,0,122.42999999999999,136.76861702127658
2026-03-24,15.63,24.43,34.01,731.04,8.3,5.3,12.1,14.0,8.9,6.23,174.0,1028.5,3,1,1.0,6.123233995736766e-17,1,22.31,32.98,38.85,37.8,29.06142857142857,5.759682944318687,0.10452846326765373,-0.9945218953682733,1,9.7,0,75.38300000000001,162.48025276461297
2026-03-25,17.69,21.28,34.54,827.88,8.0,1.0,15.3,0.0,8.2,5.74,67.0,1028.5,3,2,1.0,6.123233995736766e-17,1,15.63,26.69,31.85,24.43,25.744285714285713,5.868088437028754,0.9205048534524403,0.39073112848927394,0,10.0,0,87.822,176.11301369863014
2026-03-26,24.91,34.32,38.82,1264.58,9.5,1.6,17.5,0.0,9.5,6.65,333.0,1028.5,3,3,1.0,6.123233995736766e-17,1,17.69,22.31,24.45,21.28,23.721428571428568,5.853131437023835,-0.45399049973954697,0.8910065241883678,0,8.5,0,116.375,152.37037037037035
2026-03-27,19.87,32.25,45.6,1009.54,12.0,3.8,20.8,0.0,6.5,4.55,49.0,1028.5,3,4,1.0,6.123233995736766e-17,1,24.91,15.63,26.3,34.32,23.787142857142857,5.865244281035492,0.754709580222772,0.6560590289905073,0,6.0,0,94.64,221.18279569892476
2026-03-28,26.28,45.92,50.88,1031.92,9.8,4.1,16.4,0.0,6.1,4.27,235.0,1028.5,3,5,1.0,6.123233995736766e-17,1,19.87,17.69,32.98,32.25,22.868571428571425,5.909451267735741,-0.8191520442889916,-0.5735764363510464,0,8.2,0,70.02799999999999,235.35469107551492
2026-03-29,28.92,65.77,39.14,1037.83,11.5,3.8,19.5,0.0,7.3,5.11,51.0,1028.5,3,6,1.0,6.123233995736766e-17,1,26.28,24.91,26.69,45.92,21.91142857142857,4.330390392610168,0.7771459614569708,0.6293203910498375,0,6.5,0,99.64500000000001,197.4088291746641
2026-03-30,23.31,41.6,39.81,1052.38,12.8,4.8,21.4,0.0,8.6,6.02,52.0,1028.5,3,0,1.0,6.123233995736766e-17,1,28.92,19.87,22.31,65.77,22.23,4.797370807712918,0.788010753606722,0.6156614753256583,0,5.199999999999999,0,128.82799999999997,168.0555555555556
2026-03-31,27.32,54.05,41.07,1055.08,15.5,9.1,23.1,0.0,6.2,4.34,162.0,1028.5,3,1,1.0,6.123233995736766e-17,1,23.31,26.28,15.63,41.6,22.372857142857146,4.8150067991872945,0.3090169943749475,-0.9510565162951535,1,2.5,0,100.254,231.64414414414418
2026-04-01,26.46,44.64,45.36,950.29,15.5,8.9,23.2,0.0,8.2,5.74,66.0,1028.5,4,2,0.8660254037844387,-0.4999999999999998,1,27.32,28.92,17.69,54.05,24.042857142857144,4.053630941458888,0.9135454576426009,0.4067366430758002,0,2.5,0,133.168,176.11301369863014
2026-04-02,20.29,25.78,38.94,982.0,15.4,7.3,23.5,0.0,8.3,5.81,51.0,1028.5,4,3,0.8660254037844387,-0.4999999999999998,1,26.46,23.31,24.91,44.64,25.29571428571429,2.974552387299762,0.7771459614569708,0.6293203910498375,0,2.5999999999999996,0,136.535,174.02707275803726
2026-04-03,18.18,31.96,37.75,906.62,16.7,9.1,23.9,0.0,8.1,5.67,55.0,1028.5,4,4,0.8660254037844387,-0.4999999999999998,1,20.29,27.32,19.87,25.78,24.63571428571429,3.5342837895096717,0.8191520442889918,0.573576436351046,0,1.3000000000000007,0,135.51299999999998,178.24956672443676
2026-04-04,22.78,45.52,37.76,634.08,17.6,11.4,24.8,0.0,10.5,7.35,235.0,1028.5,4,5,0.8660254037844387,-0.4999999999999998,1,18.18,26.46,26.28,31.96,24.39428571428572,3.9476400424545925,-0.8191520442889916,-0.5735764363510464,0,0.3999999999999986,0,182.28,138.05369127516778
2026-04-05,30.15,85.31,42.05,750.08,16.3,13.4,20.7,0.0,5.4,3.78,164.0,1028.5,4,6,0.8660254037844387,-0.4999999999999998,1,22.78,20.29,28.92,45.52,23.89428571428572,3.8902264593196882,0.27563735581699966,-0.9612616959383187,1,1.6999999999999993,0,78.246,265.0773195876289
2026-04-06,30.22,80.22,45.82,861.25,16.4,11.5,21.9,0.0,7.6,5.32,19.0,1028.5,4,0,0.8660254037844387,-0.4999999999999998,1,30.15,18.18,23.31,85.31,24.069999999999997,4.172593118596922,0.32556815445715664,0.9455185755993168,0,1.6000000000000014,0,116.508,189.760147601476
2026-04-07,29.62,84.22,41.97,852.17,16.1,9.9,23.0,0.0,7.2,5.04,210.0,1028.5,4,1,0.8660254037844387,-0.4999999999999998,1,30.22,22.78,27.32,80.22,25.057142857142853,4.741429862698172,-0.5000000000000001,-0.8660254037844386,1,1.8999999999999986,0,115.92,200.09727626459144
2026-04-08,18.59,33.2,33.71,489.33,16.6,11.4,23.1,1.1,12.0,8.4,237.0,1028.5,4,2,0.8660254037844387,-0.4999999999999998,1,29.62,30.15,26.46,84.22,25.385714285714283,4.997172057419813,-0.8386705679454242,-0.544639035015027,0,1.3999999999999986,0,194.04000000000002,121.0
2026-04-09,11.76,24.6,36.29,582.62,12.1,10.4,14.2,6.8,10.3,7.21,220.0,1028.5,4,3,0.8660254037844387,-0.4999999999999998,1,18.59,30.22,20.29,33.2,24.26142857142857,5.567912321425027,-0.6427876096865393,-0.766044443118978,1,5.9,0,102.38199999999999,140.69767441860466
2026-04-10,19.49,36.14,55.95,945.46,13.7,9.3,18.0,3.6,5.7,3.99,183.0,1028.5,4,4,0.8660254037844387,-0.4999999999999998,1,11.76,29.62,18.18,24.6,23.04285714285714,7.258660836744364,-0.052335956242943564,-0.9986295347545738,1,4.300000000000001,0,71.82000000000001,251.46699266503668
2026-04-11,20.07,30.18,36.59,890.58,13.0,7.8,18.1,0.0,5.8,4.06,168.0,1028.5,4,5,0.8660254037844387,-0.4999999999999998,1,19.49,18.59,22.78,36.14,23.229999999999997,7.128104002236211,0.20791169081775931,-0.9781476007338057,1,5.0,0,73.486,247.23557692307696
2026-04-12,21.15,31.14,34.23,728.17,13.0,6.2,19.7,0.0,6.1,4.27,148.0,1028.5,4,6,0.8660254037844387,-0.4999999999999998,1,20.07,11.76,30.15,30.18,22.842857142857138,7.229489872014007,0.5299192642332049,-0.848048096156426,1,5.0,0,84.11899999999999,235.35469107551492
2026-04-13,21.28,40.46,33.55,795.58,12.9,5.8,20.0,0.0,7.6,5.32,225.0,1028.5,4,0,0.8660254037844387,-0.4999999999999998,1,21.15,19.49,30.22,31.14,21.557142857142857,6.474219938305567,-0.7071067811865475,-0.7071067811865477,1,5.1,0,106.4,189.760147601476
2026-04-14,16.15,22.08,38.28,587.67,13.7,6.8,20.9,0.0,8.4,5.88,86.0,1028.5,4,1,0.8660254037844387,-0.4999999999999998,1,21.28,20.07,29.62,40.46,20.279999999999998,5.245747484076643,0.9975640502598242,0.06975647374412546,0,4.300000000000001,0,122.892,171.98996655518394
2026-04-15,16.12,22.48,30.14,510.0,16.0,5.9,24.9,0.0,12.3,8.61,324.0,1028.5,4,2,0.8660254037844387,-0.4999999999999998,1,16.15,21.15,18.59,22.08,18.35571428571428,3.391370701961872,-0.5877852522924734,0.8090169943749473,0,2.0,0,214.38899999999998,118.08266360505168
2026-04-16,16.34,27.29,36.31,486.08,12.5,9.9,15.0,10.1,9.7,6.79,100.0,1028.5,4,3,0.8660254037844387,-0.4999999999999998,1,16.12,21.28,11.76,22.48,18.002857142857142,3.48999386000711,0.984807753012208,-0.1736481776669303,0,5.5,0,101.85,149.27431059506532
2026-04-17,12.46,20.8,27.88,530.17,9.5,7.1,12.1,7.7,18.9,13.23,197.0,1028.5,4,4,0.8660254037844387,-0.4999999999999998,1,16.34,16.15,19.49,27.29,18.657142857142855,2.376115276991812,-0.2923717047227364,-0.9563047559630355,1,8.5,0,160.083,77.15678919729932
2026-04-18,13.2,17.75,26.84,508.33,7.0,4.2,10.1,6.0,10.8,7.56,29.0,1028.5,4,5,0.8660254037844387,-0.4999999999999998,1,12.46,16.12,20.07,20.8,17.65285714285714,3.279388735148781,0.48480962024633706,0.8746197071393957,0,11.0,0,76.356,134.26892950391647
2026-04-19,26.59,50.56,46.24,766.29,8.9,4.3,13.0,0.7,9.1,6.37,227.0,1028.5,4,6,0.8660254037844387,-0.4999999999999998,1,13.2,16.34,21.15,17.75,16.67142857142857,3.458547038725661,-0.7313537016191701,-0.6819983600624989,0,9.1,0,82.81,158.9644513137558
2026-04-20,20.21,28.98,35.46,718.25,11.4,3.5,18.6,0.0,11.5,8.05,50.0,1028.5,4,0,0.8660254037844387,-0.4999999999999998,1,26.59,12.46,21.28,50.56,17.44857142857143,4.930552465908653,0.766044443118978,0.6427876096865394,0,6.6,0,149.73000000000002,126.1963190184049
2026-04-21,15.02,23.85,29.3,795.17,13.2,5.1,21.4,0.0,9.7,6.79,87.0,1028.5,4,1,0.8660254037844387,-0.4999999999999998,1,20.21,13.2,16.15,28.98,17.295714285714286,4.80701174377515,0.9986295347545738,0.052335956242943966,0,4.800000000000001,0,145.30599999999998,149.27431059506532
2026-04-22,15.79,29.11,29.85,824.08,15.3,6.8,21.6,0.0,7.9,5.53,66.0,1028.5,4,2,0.8660254037844387,-0.4999999999999998,1,15.02,26.59,16.12,23.85,17.134285714285713,4.870454657571396,0.9135454576426009,0.4067366430758002,0,2.6999999999999993,0,119.44800000000001,182.68206039076378
2026-04-23,16.370833333333334,29.59166666666667,27.7125,475.5833333333333,15.7,12.0,20.3,20.5,18.1,12.67,218.0,918.3583333333332,4,3,0.8660254037844387,-0.4999999999999998,1,15.79,20.21,16.34,29.11,17.087142857142858,4.883488214676829,-0.6156614753256578,-0.7880107536067222,1,2.3000000000000007,0,257.201,71.91529626729313
2026-04-24,12.908333333333331,14.55,41.2625,904.25,14.9,11.7,18.9,0.7,8.5,5.949999999999999,50.0,922.5333333333332,4,4,0.8660254037844387,-0.4999999999999998,1,16.370833333333334,15.02,12.46,29.59166666666667,17.09154761904762,4.882715841427348,0.766044443118978,0.6427876096865394,0,3.0999999999999996,0,112.45499999999998,152.4848484848485
2026-04-25,14.375,15.5375,33.125,503.2916666666667,15.6,7.9,23.0,0.0,7.3,5.109999999999999,64.0,923.4583333333334,4,5,0.8660254037844387,-0.4999999999999998,1,12.908333333333331,15.79,13.2,14.55,17.155595238095238,4.814298454584915,0.898794046299167,0.43837114678907746,0,2.4000000000000004,0,117.52999999999999,177.24728087012159
2026-04-26,14.495833333333332,21.304166666666667,29.133333333333336,482.0,17.0,7.2,25.1,0.0,11.8,8.26,143.0,921.9166666666666,4,6,0.8660254037844387,-0.4999999999999998,1,14.375,16.370833333333334,26.59,15.5375,17.323452380952382,4.671769145740027,0.6018150231520482,-0.7986355100472929,1,1.0,0,207.326,110.27711323763957
2026-04-27,13.091666666666669,21.370833333333334,29.90833333333333,438.8333333333333,16.7,11.8,21.8,0.0,7.5,5.25,123.0,922.9083333333332,4,0,0.8660254037844387,-0.4999999999999998,1,14.495833333333332,12.908333333333331,20.21,21.304166666666667,15.595714285714285,2.316014318060062,0.838670567945424,-0.5446390350150271,0,1.3000000000000007,0,114.45,172.506230529595
2026-04-28,27.2625,86.25,37.38333333333333,745.5416666666666,16.4,12.1,21.1,2.1,5.9,4.13,264.0,921.3583333333332,4,1,0.8660254037844387,-0.4999999999999998,1,13.091666666666669,14.375,15.02,21.370833333333334,14.578809523809525,1.2860461818211928,-0.9945218953682734,-0.10452846326765336,0,1.6000000000000014,0,87.143,217.81520882584712
